# capture_start=2026-09-11T15:27:03+0900 port=COM7 baud=115200 reboot=dtr_rts
ESP-ROM:esp32s3-20210327
Build:Mar 27 2021
rst:0x1 (POWERON),boot:0x8 (SPI_FAST_FLASH_BOOT)
SPIWP:0xee
mode:DIO, clock div:1
load:0x3fce3808,len:0x4bc
load:0x403c9700,len:0xbd8
load:0x403cc700,len:0x2a0c
entry 0x403c98d0

==============================================================
 MotorDiagnosis Edge Node
 Firmware Version : v1.3-signal-analysis.1
 Fix : I/O-safe ring + session timestamps + strict ACK + TLS
==============================================================
[ADAPTIVE] baseline_missing safe mode; capture continues and priority thresholds are disabled.
[TIME] Boot session ID: 1946
[FLASH] Mounting LittleFS without automatic format...
[FLASH] Total : 2752512 bytes
[FLASH] Used  : 2363392 bytes
[RECOVERY] Binary ring restored 2747 queued record(s).
[RECOVERY] Watermark ignored 139 already-consumed valid slot(s).
[RECOVERY] Consumed watermark: 3190 | next ordinal: 5938.
[RECOVERY] Active unresolved timestamps: 24.
[RECOVERY] Legacy v1 unresolved records pending migration: 0.
[RECOVERY] CRC/schema-invalid slots observed: 0.
[RECOVERY] Logical capacity: 24999 | physical slots: 25000 | bytes: 1200000.
[RECOVERY] Oldest-drop count: 0.
[QUALITY] Not provisioned; automatic quality reporting disabled.
[PSRAM] found=yes size=8386215 free=8320267
[RAW-SPOOL-ADMISSION] rc=ESP_OK total=2752512 used=2363392 free=389120 suspended=no reason=none
[RAW-SPOOL-BOOT] scanned=1 next=0 full=no elapsed_us=1978
[PSRAM] buffers rawQueue=8 processingQueue=8 workspace=psram batch=psram rawHold=8(psram) rawBytes=3072(psram) encodedRaw=4097(psram)
[OK] Vibration Task -> Core 0
[OK] Continuous Audio Task -> Core 1

[WiFi] Starting non-blocking connection to jmc
[STACK] VibrationFIFO free=7520 bytes
[DROP-SUMMARY] capture_queue_full=0 processing_pending_full_events=0 processing_pending_full_unique=0 actual_drop_total=0 raw_hold_full=0 spool_write_fail=0 spool_capacity_full=0 spool_corrupt_or_unreadable=0 raw_queue_depth=0 raw_queue_high_water=0 pending_depth=0 pending_high_water=0 raw_hold_depth=0 raw_hold_high_water=0 storage_samples=0 storage_lock_wait_us=0 storage_slot_lookup_us=0 storage_open_us=0 storage_write_us=0 storage_flush_close_us=0 storage_rename_us=0 storage_total_us=0 storage_lock_wait_max_us=0 storage_slot_lookup_max_us=0 storage_open_max_us=0 storage_write_max_us=0 storage_flush_close_max_us=0 storage_rename_max_us=0 storage_total_max_us=0 storage_total_le_640ms=0 storage_total_641_to_1280ms=0 storage_total_gt_1280ms=0
[ADXL345] Device ID : 0xE5
[STACK] WindowFeatures free=11836 bytes
[WiFi] Startup continues offline.
[TIME] No UTC yet. Sensor acquisition will continue and unresolved records will be stored locally.
[SYSTEM] Restored Queue : 2747 / 24999
[SYSTEM] Pipeline ready.
[RAW-DEBUG] samples=512 quality=valid X[min=-249 max=-206 mean=-236.6 rms=236.6] Y[min=48 max=80 mean=64.5 rms=64.6] Z[min=-70 max=-21 mean=-47.5 rms=48.0]
[DROP-SUMMARY] capture_queue_full=0 processing_pending_full_events=0 processing_pending_full_unique=0 actual_drop_total=0 raw_hold_full=0 spool_write_fail=0 spool_capacity_full=0 spool_corrupt_or_unreadable=0 raw_queue_depth=0 raw_queue_high_water=0 pending_depth=0 pending_high_water=0 raw_hold_depth=0 raw_hold_high_water=0 storage_samples=0 storage_lock_wait_us=0 storage_slot_lookup_us=0 storage_open_us=0 storage_write_us=0 storage_flush_close_us=0 storage_rename_us=0 storage_total_us=0 storage_lock_wait_max_us=0 storage_slot_lookup_max_us=0 storage_open_max_us=0 storage_write_max_us=0 storage_flush_close_max_us=0 storage_rename_max_us=0 storage_total_max_us=0 storage_total_le_640ms=0 storage_total_641_to_1280ms=0 storage_total_gt_1280ms=0
[DROP-SUMMARY] capture_queue_full=0 processing_pending_full_events=0 processing_pending_full_unique=0 actual_drop_total=0 raw_hold_full=0 spool_write_fail=0 spool_capacity_full=0 spool_corrupt_or_unreadable=0 raw_queue_depth=1 raw_queue_high_water=1 pending_depth=0 pending_high_water=0 raw_hold_depth=0 raw_hold_high_water=0 storage_samples=0 storage_lock_wait_us=0 storage_slot_lookup_us=0 storage_open_us=0 storage_write_us=0 storage_flush_close_us=0 storage_rename_us=0 storage_total_us=0 storage_lock_wait_max_us=0 storage_slot_lookup_max_us=0 storage_open_max_us=0 storage_write_max_us=0 storage_flush_close_max_us=0 storage_rename_max_us=0 storage_total_max_us=0 storage_total_le_640ms=0 storage_total_641_to_1280ms=0 storage_total_gt_1280ms=0
[RAW-SPOOL] stored slot=0 windowIndex=0.
[DROP-SUMMARY] capture_queue_full=0 processing_pending_full_events=0 processing_pending_full_unique=0 actual_drop_total=0 raw_hold_full=0 spool_write_fail=0 spool_capacity_full=0 spool_corrupt_or_unreadable=0 raw_queue_depth=1 raw_queue_high_water=2 pending_depth=0 pending_high_water=0 raw_hold_depth=0 raw_hold_high_water=0 storage_samples=1 storage_lock_wait_us=8 storage_slot_lookup_us=2482 storage_open_us=13680 storage_write_us=4671 storage_flush_close_us=360941 storage_rename_us=125515 storage_total_us=1945610 storage_lock_wait_max_us=8 storage_slot_lookup_max_us=2482 storage_open_max_us=13680 storage_write_max_us=4671 storage_flush_close_max_us=360941 storage_rename_max_us=125515 storage_total_max_us=1945610 storage_total_le_640ms=0 storage_total_641_to_1280ms=0 storage_total_gt_1280ms=1
[AUDIO] Requested synchronized window was overwritten.
[DROP-SUMMARY] capture_queue_full=0 processing_pending_full_events=0 processing_pending_full_unique=0 actual_drop_total=0 raw_hold_full=0 spool_write_fail=0 spool_capacity_full=0 spool_corrupt_or_unreadable=0 raw_queue_depth=3 raw_queue_high_water=3 pending_depth=0 pending_high_water=0 raw_hold_depth=0 raw_hold_high_water=0 storage_samples=1 storage_lock_wait_us=8 storage_slot_lookup_us=2482 storage_open_us=13680 storage_write_us=4671 storage_flush_close_us=360941 storage_rename_us=125515 storage_total_us=1945610 storage_lock_wait_max_us=8 storage_slot_lookup_max_us=2482 storage_open_max_us=13680 storage_write_max_us=4671 storage_flush_close_max_us=360941 storage_rename_max_us=125515 storage_total_max_us=1945610 storage_total_le_640ms=0 storage_total_641_to_1280ms=0 storage_total_gt_1280ms=1
[RAW-SPOOL-FULL] slot=512 total=2752512 used=2367488 free=385024 need=3133 windowIndex=1.
[DROP-SUMMARY] capture_queue_full=0 processing_pending_full_events=0 processing_pending_full_unique=0 actual_drop_total=0 raw_hold_full=0 spool_write_fail=0 spool_capacity_full=1 spool_corrupt_or_unreadable=0 raw_queue_depth=3 raw_queue_high_water=3 pending_depth=1 pending_high_water=1 raw_hold_depth=0 raw_hold_high_water=0 storage_samples=2 storage_lock_wait_us=7 storage_slot_lookup_us=13410 storage_open_us=0 storage_write_us=0 storage_flush_close_us=0 storage_rename_us=0 storage_total_us=1496947 storage_lock_wait_max_us=8 storage_slot_lookup_max_us=13410 storage_open_max_us=13680 storage_write_max_us=4671 storage_flush_close_max_us=360941 storage_rename_max_us=125515 storage_total_max_us=1945610 storage_total_le_640ms=0 storage_total_641_to_1280ms=0 storage_total_gt_1280ms=2
[RAW-SPOOL-FULL] slot=512 total=2752512 used=2367488 free=385024 need=3133 windowIndex=2.
[DROP-SUMMARY] capture_queue_full=0 processing_pending_full_events=0 processing_pending_full_unique=0 actual_drop_total=0 raw_hold_full=0 spool_write_fail=0 spool_capacity_full=2 spool_corrupt_or_unreadable=0 raw_queue_depth=4 raw_queue_high_water=4 pending_depth=1 pending_high_water=1 raw_hold_depth=0 raw_hold_high_water=0 storage_samples=3 storage_lock_wait_us=7 storage_slot_lookup_us=13408 storage_open_us=0 storage_write_us=0 storage_flush_close_us=0 storage_rename_us=0 storage_total_us=1366892 storage_lock_wait_max_us=8 storage_slot_lookup_max_us=13410 storage_open_max_us=13680 storage_write_max_us=4671 storage_flush_close_max_us=360941 storage_rename_max_us=125515 storage_total_max_us=1945610 storage_total_le_640ms=0 storage_total_641_to_1280ms=0 storage_total_gt_1280ms=3
[AUDIO] Requested synchronized window was overwritten.
[DROP-SUMMARY] capture_queue_full=0 processing_pending_full_events=0 processing_pending_full_unique=0 actual_drop_total=0 raw_hold_full=0 spool_write_fail=0 spool_capacity_full=2 spool_corrupt_or_unreadable=0 raw_queue_depth=4 raw_queue_high_water=4 pending_depth=2 pending_high_water=2 raw_hold_depth=0 raw_hold_high_water=0 storage_samples=3 storage_lock_wait_us=7 storage_slot_lookup_us=13408 storage_open_us=0 storage_write_us=0 storage_flush_close_us=0 storage_rename_us=0 storage_total_us=1366892 storage_lock_wait_max_us=8 storage_slot_lookup_max_us=13410 storage_open_max_us=13680 storage_write_max_us=4671 storage_flush_close_max_us=360941 storage_rename_max_us=125515 storage_total_max_us=1945610 storage_total_le_640ms=0 storage_total_641_to_1280ms=0 storage_total_gt_1280ms=3
[RAW-SPOOL-FULL] slot=512 total=2752512 used=2367488 free=385024 need=3133 windowIndex=3.
[DROP-SUMMARY] capture_queue_full=0 processing_pending_full_events=0 processing_pending_full_unique=0 actual_drop_total=0 raw_hold_full=0 spool_write_fail=0 spool_capacity_full=3 spool_corrupt_or_unreadable=0 raw_queue_depth=5 raw_queue_high_water=5 pending_depth=3 pending_high_water=3 raw_hold_depth=0 raw_hold_high_water=0 storage_samples=4 storage_lock_wait_us=7 storage_slot_lookup_us=13543 storage_open_us=0 storage_write_us=0 storage_flush_close_us=0 storage_rename_us=0 storage_total_us=1495838 storage_lock_wait_max_us=8 storage_slot_lookup_max_us=13543 storage_open_max_us=13680 storage_write_max_us=4671 storage_flush_close_max_us=360941 storage_rename_max_us=125515 storage_total_max_us=1945610 storage_total_le_640ms=0 storage_total_641_to_1280ms=0 storage_total_gt_1280ms=4
[RAW-SPOOL-FULL] slot=512 total=2752512 used=2367488 free=385024 need=3133 windowIndex=4.
[DROP-SUMMARY] capture_queue_full=0 processing_pending_full_events=0 processing_pending_full_unique=0 actual_drop_total=0 raw_hold_full=0 spool_write_fail=0 spool_capacity_full=4 spool_corrupt_or_unreadable=0 raw_queue_depth=5 raw_queue_high_water=5 pending_depth=3 pending_high_water=3 raw_hold_depth=0 raw_hold_high_water=0 storage_samples=5 storage_lock_wait_us=7 storage_slot_lookup_us=13582 storage_open_us=0 storage_write_us=0 storage_flush_close_us=0 storage_rename_us=0 storage_total_us=1380979 storage_lock_wait_max_us=8 storage_slot_lookup_max_us=13582 storage_open_max_us=13680 storage_write_max_us=4671 storage_flush_close_max_us=360941 storage_rename_max_us=125515 storage_total_max_us=1945610 storage_total_le_640ms=0 storage_total_641_to_1280ms=0 storage_total_gt_1280ms=5
[AUDIO] Requested synchronized window was overwritten.
[WiFi] Reconnect attempt timed out.

[WiFi] Starting non-blocking connection to jmc
[RAW-SPOOL-FULL] slot=512 total=2752512 used=2367488 free=385024 need=3133 windowIndex=5.
[DROP-SUMMARY] capture_queue_full=0 processing_pending_full_events=0 processing_pending_full_unique=0 actual_drop_total=0 raw_hold_full=0 spool_write_fail=0 spool_capacity_full=5 spool_corrupt_or_unreadable=0 raw_queue_depth=5 raw_queue_high_water=5 pending_depth=5 pending_high_water=5 raw_hold_depth=0 raw_hold_high_water=0 storage_samples=6 storage_lock_wait_us=8 storage_slot_lookup_us=13803 storage_open_us=0 storage_write_us=0 storage_flush_close_us=0 storage_rename_us=0 storage_total_us=1377892 storage_lock_wait_max_us=8 storage_slot_lookup_max_us=13803 storage_open_max_us=13680 storage_write_max_us=4671 storage_flush_close_max_us=360941 storage_rename_max_us=125515 storage_total_max_us=1945610 storage_total_le_640ms=0 storage_total_641_to_1280ms=0 storage_total_gt_1280ms=6
[AUDIO] Requested synchronized window was overwritten.
[DROP-SUMMARY] capture_queue_full=0 processing_pending_full_events=0 processing_pending_full_unique=0 actual_drop_total=0 raw_hold_full=0 spool_write_fail=0 spool_capacity_full=5 spool_corrupt_or_unreadable=0 raw_queue_depth=6 raw_queue_high_water=6 pending_depth=5 pending_high_water=5 raw_hold_depth=0 raw_hold_high_water=0 storage_samples=6 storage_lock_wait_us=8 storage_slot_lookup_us=13803 storage_open_us=0 storage_write_us=0 storage_flush_close_us=0 storage_rename_us=0 storage_total_us=1377892 storage_lock_wait_max_us=8 storage_slot_lookup_max_us=13803 storage_open_max_us=13680 storage_write_max_us=4671 storage_flush_close_max_us=360941 storage_rename_max_us=125515 storage_total_max_us=1945610 storage_total_le_640ms=0 storage_total_641_to_1280ms=0 storage_total_gt_1280ms=6
[RAW-SPOOL-FULL] slot=512 total=2752512 used=2367488 free=385024 need=3133 windowIndex=6.
[DROP-SUMMARY] capture_queue_full=0 processing_pending_full_events=0 processing_pending_full_unique=0 actual_drop_total=0 raw_hold_full=0 spool_write_fail=0 spool_capacity_full=6 spool_corrupt_or_unreadable=0 raw_queue_depth=6 raw_queue_high_water=7 pending_depth=6 pending_high_water=6 raw_hold_depth=0 raw_hold_high_water=0 storage_samples=7 storage_lock_wait_us=7 storage_slot_lookup_us=13415 storage_open_us=0 storage_write_us=0 storage_flush_close_us=0 storage_rename_us=0 storage_total_us=1498969 storage_lock_wait_max_us=8 storage_slot_lookup_max_us=13803 storage_open_max_us=13680 storage_write_max_us=4671 storage_flush_close_max_us=360941 storage_rename_max_us=125515 storage_total_max_us=1945610 storage_total_le_640ms=0 storage_total_641_to_1280ms=0 storage_total_gt_1280ms=7
[RAW-SPOOL-FULL] slot=512 total=2752512 used=2367488 free=385024 need=3133 windowIndex=7.
[DROP-SUMMARY] capture_queue_full=0 processing_pending_full_events=0 processing_pending_full_unique=0 actual_drop_total=0 raw_hold_full=0 spool_write_fail=0 spool_capacity_full=7 spool_corrupt_or_unreadable=0 raw_queue_depth=7 raw_queue_high_water=7 pending_depth=6 pending_high_water=6 raw_hold_depth=0 raw_hold_high_water=0 storage_samples=8 storage_lock_wait_us=8 storage_slot_lookup_us=13579 storage_open_us=0 storage_write_us=0 storage_flush_close_us=0 storage_rename_us=0 storage_total_us=1380909 storage_lock_wait_max_us=8 storage_slot_lookup_max_us=13803 storage_open_max_us=13680 storage_write_max_us=4671 storage_flush_close_max_us=360941 storage_rename_max_us=125515 storage_total_max_us=1945610 storage_total_le_640ms=0 storage_total_641_to_1280ms=0 storage_total_gt_1280ms=8
[AUDIO] Requested synchronized window was overwritten.
[DROP-SUMMARY] capture_queue_full=0 processing_pending_full_events=0 processing_pending_full_unique=0 actual_drop_total=0 raw_hold_full=0 spool_write_fail=0 spool_capacity_full=7 spool_corrupt_or_unreadable=0 raw_queue_depth=7 raw_queue_high_water=7 pending_depth=7 pending_high_water=7 raw_hold_depth=0 raw_hold_high_water=0 storage_samples=8 storage_lock_wait_us=8 storage_slot_lookup_us=13579 storage_open_us=0 storage_write_us=0 storage_flush_close_us=0 storage_rename_us=0 storage_total_us=1380909 storage_lock_wait_max_us=8 storage_slot_lookup_max_us=13803 storage_open_max_us=13680 storage_write_max_us=4671 storage_flush_close_max_us=360941 storage_rename_max_us=125515 storage_total_max_us=1945610 storage_total_le_640ms=0 storage_total_641_to_1280ms=0 storage_total_gt_1280ms=8
[RAW-SPOOL-FULL] slot=512 total=2752512 used=2367488 free=385024 need=3133 windowIndex=8.
[DROP-SUMMARY] capture_queue_full=0 processing_pending_full_events=0 processing_pending_full_unique=0 actual_drop_total=0 raw_hold_full=0 spool_write_fail=0 spool_capacity_full=8 spool_corrupt_or_unreadable=0 raw_queue_depth=8 raw_queue_high_water=8 pending_depth=8 pending_high_water=8 raw_hold_depth=0 raw_hold_high_water=0 storage_samples=9 storage_lock_wait_us=7 storage_slot_lookup_us=13657 storage_open_us=0 storage_write_us=0 storage_flush_close_us=0 storage_rename_us=0 storage_total_us=1496140 storage_lock_wait_max_us=8 storage_slot_lookup_max_us=13803 storage_open_max_us=13680 storage_write_max_us=4671 storage_flush_close_max_us=360941 storage_rename_max_us=125515 storage_total_max_us=1945610 storage_total_le_640ms=0 storage_total_641_to_1280ms=0 storage_total_gt_1280ms=9
[WINDOW] Dropped windows=1 (queue overflow; sequence gaps retained)
[DROP-SUMMARY] capture_queue_full=1 processing_pending_full_events=0 processing_pending_full_unique=0 actual_drop_total=1 raw_hold_full=0 spool_write_fail=0 spool_capacity_full=8 spool_corrupt_or_unreadable=0 raw_queue_depth=8 raw_queue_high_water=8 pending_depth=8 pending_high_water=8 raw_hold_depth=0 raw_hold_high_water=0 storage_samples=9 storage_lock_wait_us=7 storage_slot_lookup_us=13657 storage_open_us=0 storage_write_us=0 storage_flush_close_us=0 storage_rename_us=0 storage_total_us=1496140 storage_lock_wait_max_us=8 storage_slot_lookup_max_us=13803 storage_open_max_us=13680 storage_write_max_us=4671 storage_flush_close_max_us=360941 storage_rename_max_us=125515 storage_total_max_us=1945610 storage_total_le_640ms=0 storage_total_641_to_1280ms=0 storage_total_gt_1280ms=9
[WINDOW] Dropped windows=2 (queue overflow; sequence gaps retained)
[RAW-SPOOL-FULL] slot=512 total=2752512 used=2367488 free=385024 need=3133 windowIndex=9.
[PROCESSING-DIAG] pending_full held count=1 bootId=40ddbdc25232fbc238063340f6210d76 windowIndex=9 raw_queue=8 pending=8
[RAW-DEBUG] samples=512 quality=valid X[min=-251 max=-223 mean=-237.0 rms=237.0] Y[min=47 max=79 mean=64.8 rms=64.8] Z[min=-72 max=-18 mean=-47.6 rms=48.2]
[WINDOW] Dropped windows=3 (queue overflow; sequence gaps retained)
[DROP-SUMMARY] capture_queue_full=3 processing_pending_full_events=1 processing_pending_full_unique=1 actual_drop_total=3 raw_hold_full=0 spool_write_fail=0 spool_capacity_full=9 spool_corrupt_or_unreadable=0 raw_queue_depth=8 raw_queue_high_water=8 pending_depth=8 pending_high_water=8 raw_hold_depth=0 raw_hold_high_water=0 storage_samples=10 storage_lock_wait_us=7 storage_slot_lookup_us=13431 storage_open_us=0 storage_write_us=0 storage_flush_close_us=0 storage_rename_us=0 storage_total_us=1500594 storage_lock_wait_max_us=8 storage_slot_lookup_max_us=13803 storage_open_max_us=13680 storage_write_max_us=4671 storage_flush_close_max_us=360941 storage_rename_max_us=125515 storage_total_max_us=1945610 storage_total_le_640ms=0 storage_total_641_to_1280ms=0 storage_total_gt_1280ms=10
[WINDOW] Dropped windows=4 (queue overflow; sequence gaps retained)
[RAW-SPOOL-FULL] slot=512 total=2752512 used=2367488 free=385024 need=3133 windowIndex=9.
[PROCESSING-DIAG] pending_full held count=2 bootId=40ddbdc25232fbc238063340f6210d76 windowIndex=9 raw_queue=8 pending=8
[DROP-SUMMARY] capture_queue_full=4 processing_pending_full_events=2 processing_pending_full_unique=1 actual_drop_total=4 raw_hold_full=0 spool_write_fail=0 spool_capacity_full=10 spool_corrupt_or_unreadable=0 raw_queue_depth=8 raw_queue_high_water=8 pending_depth=8 pending_high_water=8 raw_hold_depth=0 raw_hold_high_water=0 storage_samples=11 storage_lock_wait_us=7 storage_slot_lookup_us=13421 storage_open_us=0 storage_write_us=0 storage_flush_close_us=0 storage_rename_us=0 storage_total_us=1473687 storage_lock_wait_max_us=8 storage_slot_lookup_max_us=13803 storage_open_max_us=13680 storage_write_max_us=4671 storage_flush_close_max_us=360941 storage_rename_max_us=125515 storage_total_max_us=1945610 storage_total_le_640ms=0 storage_total_641_to_1280ms=0 storage_total_gt_1280ms=11
[WINDOW] Dropped windows=5 (queue overflow; sequence gaps retained)
[WINDOW] Dropped windows=6 (queue overflow; sequence gaps retained)
[DROP-SUMMARY] capture_queue_full=6 processing_pending_full_events=2 processing_pending_full_unique=1 actual_drop_total=6 raw_hold_full=0 spool_write_fail=0 spool_capacity_full=10 spool_corrupt_or_unreadable=0 raw_queue_depth=8 raw_queue_high_water=8 pending_depth=8 pending_high_water=8 raw_hold_depth=0 raw_hold_high_water=0 storage_samples=11 storage_lock_wait_us=7 storage_slot_lookup_us=13421 storage_open_us=0 storage_write_us=0 storage_flush_close_us=0 storage_rename_us=0 storage_total_us=1473687 storage_lock_wait_max_us=8 storage_slot_lookup_max_us=13803 storage_open_max_us=13680 storage_write_max_us=4671 storage_flush_close_max_us=360941 storage_rename_max_us=125515 storage_total_max_us=1945610 storage_total_le_640ms=0 storage_total_641_to_1280ms=0 storage_total_gt_1280ms=11
[WINDOW] Dropped windows=7 (queue overflow; sequence gaps retained)
[RAW-SPOOL-FULL] slot=512 total=2752512 used=2367488 free=385024 need=3133 windowIndex=9.
[PROCESSING-DIAG] pending_full held count=3 bootId=40ddbdc25232fbc238063340f6210d76 windowIndex=9 raw_queue=8 pending=8
[WiFi] Reconnect attempt timed out.

[WiFi] Starting non-blocking connection to jmc
[RAW-SPOOL-FULL] slot=512 total=2752512 used=2367488 free=385024 need=3133 windowIndex=9.
[DROP-SUMMARY] capture_queue_full=7 processing_pending_full_events=3 processing_pending_full_unique=1 actual_drop_total=7 raw_hold_full=0 spool_write_fail=0 spool_capacity_full=12 spool_corrupt_or_unreadable=0 raw_queue_depth=8 raw_queue_high_water=8 pending_depth=8 pending_high_water=8 raw_hold_depth=0 raw_hold_high_water=0 storage_samples=13 storage_lock_wait_us=7 storage_slot_lookup_us=13546 storage_open_us=0 storage_write_us=0 storage_flush_close_us=0 storage_rename_us=0 storage_total_us=1327214 storage_lock_wait_max_us=8 storage_slot_lookup_max_us=13803 storage_open_max_us=13680 storage_write_max_us=4671 storage_flush_close_max_us=360941 storage_rename_max_us=125515 storage_total_max_us=1945610 storage_total_le_640ms=0 storage_total_641_to_1280ms=0 storage_total_gt_1280ms=13
[PROCESSING-DIAG] pending_full held count=4 bootId=40ddbdc25232fbc238063340f6210d76 windowIndex=9 raw_queue=8 pending=8
[AUDIO] Requested synchronized window was overwritten.
[WINDOW] Dropped windows=8 (queue overflow; sequence gaps retained)
[WINDOW] Dropped windows=9 (queue overflow; sequence gaps retained)
[DROP-SUMMARY] capture_queue_full=9 processing_pending_full_events=4 processing_pending_full_unique=1 actual_drop_total=9 raw_hold_full=0 spool_write_fail=0 spool_capacity_full=12 spool_corrupt_or_unreadable=0 raw_queue_depth=8 raw_queue_high_water=8 pending_depth=8 pending_high_water=8 raw_hold_depth=0 raw_hold_high_water=0 storage_samples=13 storage_lock_wait_us=7 storage_slot_lookup_us=13546 storage_open_us=0 storage_write_us=0 storage_flush_close_us=0 storage_rename_us=0 storage_total_us=1327214 storage_lock_wait_max_us=8 storage_slot_lookup_max_us=13803 storage_open_max_us=13680 storage_write_max_us=4671 storage_flush_close_max_us=360941 storage_rename_max_us=125515 storage_total_max_us=1945610 storage_total_le_640ms=0 storage_total_641_to_1280ms=0 storage_total_gt_1280ms=13
[RAW-SPOOL-FULL] slot=512 total=2752512 used=2367488 free=385024 need=3133 windowIndex=9.
[PROCESSING-DIAG] pending_full held count=5 bootId=40ddbdc25232fbc238063340f6210d76 windowIndex=9 raw_queue=8 pending=8
[WINDOW] Dropped windows=10 (queue overflow; sequence gaps retained)
[DROP-SUMMARY] capture_queue_full=10 processing_pending_full_events=5 processing_pending_full_unique=1 actual_drop_total=10 raw_hold_full=0 spool_write_fail=0 spool_capacity_full=13 spool_corrupt_or_unreadable=0 raw_queue_depth=8 raw_queue_high_water=8 pending_depth=8 pending_high_water=8 raw_hold_depth=0 raw_hold_high_water=0 storage_samples=14 storage_lock_wait_us=7 storage_slot_lookup_us=13577 storage_open_us=0 storage_write_us=0 storage_flush_close_us=0 storage_rename_us=0 storage_total_us=1497273 storage_lock_wait_max_us=8 storage_slot_lookup_max_us=13803 storage_open_max_us=13680 storage_write_max_us=4671 storage_flush_close_max_us=360941 storage_rename_max_us=125515 storage_total_max_us=1945610 storage_total_le_640ms=0 storage_total_641_to_1280ms=0 storage_total_gt_1280ms=14
[WINDOW] Dropped windows=11 (queue overflow; sequence gaps retained)
[RAW-SPOOL-FULL] slot=512 total=2752512 used=2367488 free=385024 need=3133 windowIndex=9.
[DROP-SUMMARY] capture_queue_full=11 processing_pending_full_events=5 processing_pending_full_unique=1 actual_drop_total=11 raw_hold_full=0 spool_write_fail=0 spool_capacity_full=14 spool_corrupt_or_unreadable=0 raw_queue_depth=8 raw_queue_high_water=8 pending_depth=8 pending_high_water=8 raw_hold_depth=0 raw_hold_high_water=0 storage_samples=15 storage_lock_wait_us=8 storage_slot_lookup_us=13553 storage_open_us=0 storage_write_us=0 storage_flush_close_us=0 storage_rename_us=0 storage_total_us=1383871 storage_lock_wait_max_us=8 storage_slot_lookup_max_us=13803 storage_open_max_us=13680 storage_write_max_us=4671 storage_flush_close_max_us=360941 storage_rename_max_us=125515 storage_total_max_us=1945610 storage_total_le_640ms=0 storage_total_641_to_1280ms=0 storage_total_gt_1280ms=15
[PROCESSING-DIAG] pending_full held count=6 bootId=40ddbdc25232fbc238063340f6210d76 windowIndex=9 raw_queue=8 pending=8
[AUDIO] Requested synchronized window was overwritten.
[WINDOW] Dropped windows=12 (queue overflow; sequence gaps retained)
[DROP-SUMMARY] capture_queue_full=12 processing_pending_full_events=6 processing_pending_full_unique=1 actual_drop_total=12 raw_hold_full=0 spool_write_fail=0 spool_capacity_full=14 spool_corrupt_or_unreadable=0 raw_queue_depth=8 raw_queue_high_water=8 pending_depth=8 pending_high_water=8 raw_hold_depth=0 raw_hold_high_water=0 storage_samples=15 storage_lock_wait_us=8 storage_slot_lookup_us=13553 storage_open_us=0 storage_write_us=0 storage_flush_close_us=0 storage_rename_us=0 storage_total_us=1383871 storage_lock_wait_max_us=8 storage_slot_lookup_max_us=13803 storage_open_max_us=13680 storage_write_max_us=4671 storage_flush_close_max_us=360941 storage_rename_max_us=125515 storage_total_max_us=1945610 storage_total_le_640ms=0 storage_total_641_to_1280ms=0 storage_total_gt_1280ms=15
[WINDOW] Dropped windows=13 (queue overflow; sequence gaps retained)
[RAW-SPOOL-FULL] slot=512 total=2752512 used=2367488 free=385024 need=3133 windowIndex=9.
[PROCESSING-DIAG] pending_full held count=7 bootId=40ddbdc25232fbc238063340f6210d76 windowIndex=9 raw_queue=8 pending=8
[WINDOW] Dropped windows=14 (queue overflow; sequence gaps retained)
[DROP-SUMMARY] capture_queue_full=14 processing_pending_full_events=7 processing_pending_full_unique=1 actual_drop_total=14 raw_hold_full=0 spool_write_fail=0 spool_capacity_full=15 spool_corrupt_or_unreadable=0 raw_queue_depth=8 raw_queue_high_water=8 pending_depth=8 pending_high_water=8 raw_hold_depth=0 raw_hold_high_water=0 storage_samples=16 storage_lock_wait_us=7 storage_slot_lookup_us=13582 storage_open_us=0 storage_write_us=0 storage_flush_close_us=0 storage_rename_us=0 storage_total_us=1495694 storage_lock_wait_max_us=8 storage_slot_lookup_max_us=13803 storage_open_max_us=13680 storage_write_max_us=4671 storage_flush_close_max_us=360941 storage_rename_max_us=125515 storage_total_max_us=1945610 storage_total_le_640ms=0 storage_total_641_to_1280ms=0 storage_total_gt_1280ms=16
[WINDOW] Dropped windows=15 (queue overflow; sequence gaps retained)
[DROP-SUMMARY] capture_queue_full=15 processing_pending_full_events=7 processing_pending_full_unique=1 actual_drop_total=15 raw_hold_full=0 spool_write_fail=0 spool_capacity_full=15 spool_corrupt_or_unreadable=0 raw_queue_depth=8 raw_queue_high_water=8 pending_depth=8 pending_high_water=8 raw_hold_depth=0 raw_hold_high_water=0 storage_samples=16 storage_lock_wait_us=7 storage_slot_lookup_us=13582 storage_open_us=0 storage_write_us=0 storage_flush_close_us=0 storage_rename_us=0 storage_total_us=1495694 storage_lock_wait_max_us=8 storage_slot_lookup_max_us=13803 storage_open_max_us=13680 storage_write_max_us=4671 storage_flush_close_max_us=360941 storage_rename_max_us=125515 storage_total_max_us=1945610 storage_total_le_640ms=0 storage_total_641_to_1280ms=0 storage_total_gt_1280ms=16
[RAW-SPOOL-FULL] slot=512 total=2752512 used=2367488 free=385024 need=3133 windowIndex=9.
[PROCESSING-DIAG] pending_full held count=8 bootId=40ddbdc25232fbc238063340f6210d76 windowIndex=9 raw_queue=8 pending=8
[WINDOW] Dropped windows=16 (queue overflow; sequence gaps retained)
[WINDOW] Dropped windows=17 (queue overflow; sequence gaps retained)
[DROP-SUMMARY] capture_queue_full=17 processing_pending_full_events=8 processing_pending_full_unique=1 actual_drop_total=17 raw_hold_full=0 spool_write_fail=0 spool_capacity_full=16 spool_corrupt_or_unreadable=0 raw_queue_depth=8 raw_queue_high_water=8 pending_depth=8 pending_high_water=8 raw_hold_depth=0 raw_hold_high_water=0 storage_samples=17 storage_lock_wait_us=8 storage_slot_lookup_us=13567 storage_open_us=0 storage_write_us=0 storage_flush_close_us=0 storage_rename_us=0 storage_total_us=1499837 storage_lock_wait_max_us=8 storage_slot_lookup_max_us=13803 storage_open_max_us=13680 storage_write_max_us=4671 storage_flush_close_max_us=360941 storage_rename_max_us=125515 storage_total_max_us=1945610 storage_total_le_640ms=0 storage_total_641_to_1280ms=0 storage_total_gt_1280ms=17
[WINDOW] Dropped windows=18 (queue overflow; sequence gaps retained)
[RAW-SPOOL-FULL] slot=512 total=2752512 used=2367488 free=385024 need=3133 windowIndex=9.
[PROCESSING-DIAG] pending_full held count=9 bootId=40ddbdc25232fbc238063340f6210d76 windowIndex=9 raw_queue=8 pending=8
[DROP-SUMMARY] capture_queue_full=18 processing_pending_full_events=9 processing_pending_full_unique=1 actual_drop_total=18 raw_hold_full=0 spool_write_fail=0 spool_capacity_full=17 spool_corrupt_or_unreadable=0 raw_queue_depth=8 raw_queue_high_water=8 pending_depth=8 pending_high_water=8 raw_hold_depth=0 raw_hold_high_water=0 storage_samples=18 storage_lock_wait_us=7 storage_slot_lookup_us=13449 storage_open_us=0 storage_write_us=0 storage_flush_close_us=0 storage_rename_us=0 storage_total_us=1491159 storage_lock_wait_max_us=8 storage_slot_lookup_max_us=13803 storage_open_max_us=13680 storage_write_max_us=4671 storage_flush_close_max_us=360941 storage_rename_max_us=125515 storage_total_max_us=1945610 storage_total_le_640ms=0 storage_total_641_to_1280ms=0 storage_total_gt_1280ms=18
[WINDOW] Dropped windows=19 (queue overflow; sequence gaps retained)
[WINDOW] Dropped windows=20 (queue overflow; sequence gaps retained)
[DROP-SUMMARY] capture_queue_full=20 processing_pending_full_events=9 processing_pending_full_unique=1 actual_drop_total=20 raw_hold_full=0 spool_write_fail=0 spool_capacity_full=17 spool_corrupt_or_unreadable=0 raw_queue_depth=8 raw_queue_high_water=8 pending_depth=8 pending_high_water=8 raw_hold_depth=0 raw_hold_high_water=0 storage_samples=18 storage_lock_wait_us=7 storage_slot_lookup_us=13449 storage_open_us=0 storage_write_us=0 storage_flush_close_us=0 storage_rename_us=0 storage_total_us=1491159 storage_lock_wait_max_us=8 storage_slot_lookup_max_us=13803 storage_open_max_us=13680 storage_write_max_us=4671 storage_flush_close_max_us=360941 storage_rename_max_us=125515 storage_total_max_us=1945610 storage_total_le_640ms=0 storage_total_641_to_1280ms=0 storage_total_gt_1280ms=18
[RAW-SPOOL-FULL] slot=512 total=2752512 used=2367488 free=385024 need=3133 windowIndex=9.
[PROCESSING-DIAG] pending_full held count=10 bootId=40ddbdc25232fbc238063340f6210d76 windowIndex=9 raw_queue=8 pending=8
[WINDOW] Dropped windows=21 (queue overflow; sequence gaps retained)
[WiFi] Reconnect attempt timed out.

[WiFi] Starting non-blocking connection to jmc
[RAW-SPOOL-FULL] slot=512 total=2752512 used=2367488 free=385024 need=3133 windowIndex=9.
[DROP-SUMMARY] capture_queue_full=21 processing_pending_full_events=10 processing_pending_full_unique=1 actual_drop_total=21 raw_hold_full=0 spool_write_fail=0 spool_capacity_full=19 spool_corrupt_or_unreadable=0 raw_queue_depth=8 raw_queue_high_water=8 pending_depth=8 pending_high_water=8 raw_hold_depth=0 raw_hold_high_water=0 storage_samples=20 storage_lock_wait_us=7 storage_slot_lookup_us=13505 storage_open_us=0 storage_write_us=0 storage_flush_close_us=0 storage_rename_us=0 storage_total_us=1348504 storage_lock_wait_max_us=8 storage_slot_lookup_max_us=14120 storage_open_max_us=13680 storage_write_max_us=4671 storage_flush_close_max_us=360941 storage_rename_max_us=125515 storage_total_max_us=1945610 storage_total_le_640ms=0 storage_total_641_to_1280ms=0 storage_total_gt_1280ms=20
[PROCESSING-DIAG] pending_full held count=11 bootId=40ddbdc25232fbc238063340f6210d76 windowIndex=9 raw_queue=8 pending=8
[RAW-DEBUG] samples=512 quality=valid X[min=-251 max=-223 mean=-237.0 rms=237.0] Y[min=47 max=79 mean=64.8 rms=64.8] Z[min=-72 max=-18 mean=-47.6 rms=48.2]
[AUDIO] Requested synchronized window was overwritten.
[WINDOW] Dropped windows=22 (queue overflow; sequence gaps retained)
[DROP-SUMMARY] capture_queue_full=22 processing_pending_full_events=11 processing_pending_full_unique=1 actual_drop_total=22 raw_hold_full=0 spool_write_fail=0 spool_capacity_full=19 spool_corrupt_or_unreadable=0 raw_queue_depth=8 raw_queue_high_water=8 pending_depth=8 pending_high_water=8 raw_hold_depth=0 raw_hold_high_water=0 storage_samples=20 storage_lock_wait_us=7 storage_slot_lookup_us=13505 storage_open_us=0 storage_write_us=0 storage_flush_close_us=0 storage_rename_us=0 storage_total_us=1348504 storage_lock_wait_max_us=8 storage_slot_lookup_max_us=14120 storage_open_max_us=13680 storage_write_max_us=4671 storage_flush_close_max_us=360941 storage_rename_max_us=125515 storage_total_max_us=1945610 storage_total_le_640ms=0 storage_total_641_to_1280ms=0 storage_total_gt_1280ms=20
[WINDOW] Dropped windows=23 (queue overflow; sequence gaps retained)
[RAW-SPOOL-FULL] slot=512 total=2752512 used=2367488 free=385024 need=3133 windowIndex=9.
[PROCESSING-DIAG] pending_full held count=12 bootId=40ddbdc25232fbc238063340f6210d76 windowIndex=9 raw_queue=8 pending=8
[WINDOW] Dropped windows=24 (queue overflow; sequence gaps retained)
[DROP-SUMMARY] capture_queue_full=24 processing_pending_full_events=12 processing_pending_full_unique=1 actual_drop_total=24 raw_hold_full=0 spool_write_fail=0 spool_capacity_full=20 spool_corrupt_or_unreadable=0 raw_queue_depth=8 raw_queue_high_water=8 pending_depth=8 pending_high_water=8 raw_hold_depth=0 raw_hold_high_water=0 storage_samples=21 storage_lock_wait_us=7 storage_slot_lookup_us=13629 storage_open_us=0 storage_write_us=0 storage_flush_close_us=0 storage_rename_us=0 storage_total_us=1495421 storage_lock_wait_max_us=8 storage_slot_lookup_max_us=14120 storage_open_max_us=13680 storage_write_max_us=4671 storage_flush_close_max_us=360941 storage_rename_max_us=125515 storage_total_max_us=1945610 storage_total_le_640ms=0 storage_total_641_to_1280ms=0 storage_total_gt_1280ms=21
[RAW-SPOOL-FULL] slot=512 total=2752512 used=2367488 free=385024 need=3133 windowIndex=9.
[DROP-SUMMARY] capture_queue_full=24 processing_pending_full_events=12 processing_pending_full_unique=1 actual_drop_total=24 raw_hold_full=0 spool_write_fail=0 spool_capacity_full=21 spool_corrupt_or_unreadable=0 raw_queue_depth=8 raw_queue_high_water=8 pending_depth=8 pending_high_water=8 raw_hold_depth=0 raw_hold_high_water=0 storage_samples=22 storage_lock_wait_us=7 storage_slot_lookup_us=13582 storage_open_us=0 storage_write_us=0 storage_flush_close_us=0 storage_rename_us=0 storage_total_us=1382820 storage_lock_wait_max_us=8 storage_slot_lookup_max_us=14120 storage_open_max_us=13680 storage_write_max_us=4671 storage_flush_close_max_us=360941 storage_rename_max_us=125515 storage_total_max_us=1945610 storage_total_le_640ms=0 storage_total_641_to_1280ms=0 storage_total_gt_1280ms=22
[PROCESSING-DIAG] pending_full held count=13 bootId=40ddbdc25232fbc238063340f6210d76 windowIndex=9 raw_queue=8 pending=8
[AUDIO] Requested synchronized window was overwritten.
[WINDOW] Dropped windows=25 (queue overflow; sequence gaps retained)
[WINDOW] Dropped windows=26 (queue overflow; sequence gaps retained)
[DROP-SUMMARY] capture_queue_full=26 processing_pending_full_events=13 processing_pending_full_unique=1 actual_drop_total=26 raw_hold_full=0 spool_write_fail=0 spool_capacity_full=21 spool_corrupt_or_unreadable=0 raw_queue_depth=8 raw_queue_high_water=8 pending_depth=8 pending_high_water=8 raw_hold_depth=0 raw_hold_high_water=0 storage_samples=22 storage_lock_wait_us=7 storage_slot_lookup_us=13582 storage_open_us=0 storage_write_us=0 storage_flush_close_us=0 storage_rename_us=0 storage_total_us=1382820 storage_lock_wait_max_us=8 storage_slot_lookup_max_us=14120 storage_open_max_us=13680 storage_write_max_us=4671 storage_flush_close_max_us=360941 storage_rename_max_us=125515 storage_total_max_us=1945610 storage_total_le_640ms=0 storage_total_641_to_1280ms=0 storage_total_gt_1280ms=22
[WINDOW] Dropped windows=27 (queue overflow; sequence gaps retained)
[RAW-SPOOL-FULL] slot=512 total=2752512 used=2367488 free=385024 need=3133 windowIndex=9.
[PROCESSING-DIAG] pending_full held count=14 bootId=40ddbdc25232fbc238063340f6210d76 windowIndex=9 raw_queue=8 pending=8
[DROP-SUMMARY] capture_queue_full=27 processing_pending_full_events=14 processing_pending_full_unique=1 actual_drop_total=27 raw_hold_full=0 spool_write_fail=0 spool_capacity_full=22 spool_corrupt_or_unreadable=0 raw_queue_depth=8 raw_queue_high_water=8 pending_depth=8 pending_high_water=8 raw_hold_depth=0 raw_hold_high_water=0 storage_samples=23 storage_lock_wait_us=7 storage_slot_lookup_us=13440 storage_open_us=0 storage_write_us=0 storage_flush_close_us=0 storage_rename_us=0 storage_total_us=1497345 storage_lock_wait_max_us=8 storage_slot_lookup_max_us=14120 storage_open_max_us=13680 storage_write_max_us=4671 storage_flush_close_max_us=360941 storage_rename_max_us=125515 storage_total_max_us=1945610 storage_total_le_640ms=0 storage_total_641_to_1280ms=0 storage_total_gt_1280ms=23
[WINDOW] Dropped windows=28 (queue overflow; sequence gaps retained)
[RAW-SPOOL-FULL] slot=512 total=2752512 used=2367488 free=385024 need=3133 windowIndex=9.
[DROP-SUMMARY] capture_queue_full=28 processing_pending_full_events=14 processing_pending_full_unique=1 actual_drop_total=28 raw_hold_full=0 spool_write_fail=0 spool_capacity_full=23 spool_corrupt_or_unreadable=0 raw_queue_depth=8 raw_queue_high_water=8 pending_depth=8 pending_high_water=8 raw_hold_depth=0 raw_hold_high_water=0 storage_samples=24 storage_lock_wait_us=8 storage_slot_lookup_us=13565 storage_open_us=0 storage_write_us=0 storage_flush_close_us=0 storage_rename_us=0 storage_total_us=1383079 storage_lock_wait_max_us=8 storage_slot_lookup_max_us=14120 storage_open_max_us=13680 storage_write_max_us=4671 storage_flush_close_max_us=360941 storage_rename_max_us=125515 storage_total_max_us=1945610 storage_total_le_640ms=0 storage_total_641_to_1280ms=0 storage_total_gt_1280ms=24
[PROCESSING-DIAG] pending_full held count=15 bootId=40ddbdc25232fbc238063340f6210d76 windowIndex=9 raw_queue=8 pending=8
[AUDIO] Requested synchronized window was overwritten.
[WINDOW] Dropped windows=29 (queue overflow; sequence gaps retained)
[DROP-SUMMARY] capture_queue_full=29 processing_pending_full_events=15 processing_pending_full_unique=1 actual_drop_total=29 raw_hold_full=0 spool_write_fail=0 spool_capacity_full=23 spool_corrupt_or_unreadable=0 raw_queue_depth=8 raw_queue_high_water=8 pending_depth=8 pending_high_water=8 raw_hold_depth=0 raw_hold_high_water=0 storage_samples=24 storage_lock_wait_us=8 storage_slot_lookup_us=13565 storage_open_us=0 storage_write_us=0 storage_flush_close_us=0 storage_rename_us=0 storage_total_us=1383079 storage_lock_wait_max_us=8 storage_slot_lookup_max_us=14120 storage_open_max_us=13680 storage_write_max_us=4671 storage_flush_close_max_us=360941 storage_rename_max_us=125515 storage_total_max_us=1945610 storage_total_le_640ms=0 storage_total_641_to_1280ms=0 storage_total_gt_1280ms=24
[WINDOW] Dropped windows=30 (queue overflow; sequence gaps retained)
[RAW-SPOOL-FULL] slot=512 total=2752512 used=2367488 free=385024 need=3133 windowIndex=9.
[PROCESSING-DIAG] pending_full held count=16 bootId=40ddbdc25232fbc238063340f6210d76 windowIndex=9 raw_queue=8 pending=8
[WINDOW] Dropped windows=31 (queue overflow; sequence gaps retained)
[DROP-SUMMARY] capture_queue_full=31 processing_pending_full_events=16 processing_pending_full_unique=1 actual_drop_total=31 raw_hold_full=0 spool_write_fail=0 spool_capacity_full=24 spool_corrupt_or_unreadable=0 raw_queue_depth=8 raw_queue_high_water=8 pending_depth=8 pending_high_water=8 raw_hold_depth=0 raw_hold_high_water=0 storage_samples=25 storage_lock_wait_us=7 storage_slot_lookup_us=13409 storage_open_us=0 storage_write_us=0 storage_flush_close_us=0 storage_rename_us=0 storage_total_us=1493722 storage_lock_wait_max_us=8 storage_slot_lookup_max_us=14120 storage_open_max_us=13680 storage_write_max_us=4671 storage_flush_close_max_us=360941 storage_rename_max_us=125515 storage_total_max_us=1945610 storage_total_le_640ms=0 storage_total_641_to_1280ms=0 storage_total_gt_1280ms=25
[WINDOW] Dropped windows=32 (queue overflow; sequence gaps retained)
[RAW-SPOOL-FULL] slot=512 total=2752512 used=2367488 free=385024 need=3133 windowIndex=9.
[DROP-SUMMARY] capture_queue_full=32 processing_pending_full_events=16 processing_pending_full_unique=1 actual_drop_total=32 raw_hold_full=0 spool_write_fail=0 spool_capacity_full=25 spool_corrupt_or_unreadable=0 raw_queue_depth=8 raw_queue_high_water=8 pending_depth=8 pending_high_water=8 raw_hold_depth=0 raw_hold_high_water=0 storage_samples=26 storage_lock_wait_us=7 storage_slot_lookup_us=13453 storage_open_us=0 storage_write_us=0 storage_flush_close_us=0 storage_rename_us=0 storage_total_us=1383767 storage_lock_wait_max_us=8 storage_slot_lookup_max_us=14120 storage_open_max_us=13680 storage_write_max_us=4671 storage_flush_close_max_us=360941 storage_rename_max_us=125515 storage_total_max_us=1945610 storage_total_le_640ms=0 storage_total_641_to_1280ms=0 storage_total_gt_1280ms=26
[PROCESSING-DIAG] pending_full held count=17 bootId=40ddbdc25232fbc238063340f6210d76 windowIndex=9 raw_queue=8 pending=8
[WiFi] Reconnect attempt timed out.

[WiFi] Starting non-blocking connection to jmc
[AUDIO] Requested synchronized window was overwritten.
[WINDOW] Dropped windows=33 (queue overflow; sequence gaps retained)
[DROP-SUMMARY] capture_queue_full=33 processing_pending_full_events=17 processing_pending_full_unique=1 actual_drop_total=33 raw_hold_full=0 spool_write_fail=0 spool_capacity_full=25 spool_corrupt_or_unreadable=0 raw_queue_depth=8 raw_queue_high_water=8 pending_depth=8 pending_high_water=8 raw_hold_depth=0 raw_hold_high_water=0 storage_samples=26 storage_lock_wait_us=7 storage_slot_lookup_us=13453 storage_open_us=0 storage_write_us=0 storage_flush_close_us=0 storage_rename_us=0 storage_total_us=1383767 storage_lock_wait_max_us=8 storage_slot_lookup_max_us=14120 storage_open_max_us=13680 storage_write_max_us=4671 storage_flush_close_max_us=360941 storage_rename_max_us=125515 storage_total_max_us=1945610 storage_total_le_640ms=0 storage_total_641_to_1280ms=0 storage_total_gt_1280ms=26
[WINDOW] Dropped windows=34 (queue overflow; sequence gaps retained)
[RAW-SPOOL-FULL] slot=512 total=2752512 used=2367488 free=385024 need=3133 windowIndex=9.
[PROCESSING-DIAG] pending_full held count=18 bootId=40ddbdc25232fbc238063340f6210d76 windowIndex=9 raw_queue=8 pending=8
[WINDOW] Dropped windows=35 (queue overflow; sequence gaps retained)
[DROP-SUMMARY] capture_queue_full=35 processing_pending_full_events=18 processing_pending_full_unique=1 actual_drop_total=35 raw_hold_full=0 spool_write_fail=0 spool_capacity_full=26 spool_corrupt_or_unreadable=0 raw_queue_depth=8 raw_queue_high_water=8 pending_depth=8 pending_high_water=8 raw_hold_depth=0 raw_hold_high_water=0 storage_samples=27 storage_lock_wait_us=7 storage_slot_lookup_us=13429 storage_open_us=0 storage_write_us=0 storage_flush_close_us=0 storage_rename_us=0 storage_total_us=1511561 storage_lock_wait_max_us=8 storage_slot_lookup_max_us=14120 storage_open_max_us=13680 storage_write_max_us=4671 storage_flush_close_max_us=360941 storage_rename_max_us=125515 storage_total_max_us=1945610 storage_total_le_640ms=0 storage_total_641_to_1280ms=0 storage_total_gt_1280ms=27
[WINDOW] Dropped windows=36 (queue overflow; sequence gaps retained)
[DROP-SUMMARY] capture_queue_full=36 processing_pending_full_events=18 processing_pending_full_unique=1 actual_drop_total=36 raw_hold_full=0 spool_write_fail=0 spool_capacity_full=26 spool_corrupt_or_unreadable=0 raw_queue_depth=8 raw_queue_high_water=8 pending_depth=8 pending_high_water=8 raw_hold_depth=0 raw_hold_high_water=0 storage_samples=27 storage_lock_wait_us=7 storage_slot_lookup_us=13429 storage_open_us=0 storage_write_us=0 storage_flush_close_us=0 storage_rename_us=0 storage_total_us=1511561 storage_lock_wait_max_us=8 storage_slot_lookup_max_us=14120 storage_open_max_us=13680 storage_write_max_us=4671 storage_flush_close_max_us=360941 storage_rename_max_us=125515 storage_total_max_us=1945610 storage_total_le_640ms=0 storage_total_641_to_1280ms=0 storage_total_gt_1280ms=27
[RAW-SPOOL-FULL] slot=512 total=2752512 used=2367488 free=385024 need=3133 windowIndex=9.
[PROCESSING-DIAG] pending_full held count=19 bootId=40ddbdc25232fbc238063340f6210d76 windowIndex=9 raw_queue=8 pending=8
[WINDOW] Dropped windows=37 (queue overflow; sequence gaps retained)
[DROP-SUMMARY] capture_queue_full=37 processing_pending_full_events=19 processing_pending_full_unique=1 actual_drop_total=37 raw_hold_full=0 spool_write_fail=0 spool_capacity_full=27 spool_corrupt_or_unreadable=0 raw_queue_depth=8 raw_queue_high_water=8 pending_depth=8 pending_high_water=8 raw_hold_depth=0 raw_hold_high_water=0 storage_samples=28 storage_lock_wait_us=7 storage_slot_lookup_us=13502 storage_open_us=0 storage_write_us=0 storage_flush_close_us=0 storage_rename_us=0 storage_total_us=1460839 storage_lock_wait_max_us=8 storage_slot_lookup_max_us=14120 storage_open_max_us=13680 storage_write_max_us=4671 storage_flush_close_max_us=360941 storage_rename_max_us=125515 storage_total_max_us=1945610 storage_total_le_640ms=0 storage_total_641_to_1280ms=0 storage_total_gt_1280ms=28
[WINDOW] Dropped windows=38 (queue overflow; sequence gaps retained)
[RAW-SPOOL-FULL] slot=512 total=2752512 used=2367488 free=385024 need=3133 windowIndex=9.
[PROCESSING-DIAG] pending_full held count=20 bootId=40ddbdc25232fbc238063340f6210d76 windowIndex=9 raw_queue=8 pending=8
[WINDOW] Dropped windows=39 (queue overflow; sequence gaps retained)
[DROP-SUMMARY] capture_queue_full=39 processing_pending_full_events=20 processing_pending_full_unique=1 actual_drop_total=39 raw_hold_full=0 spool_write_fail=0 spool_capacity_full=28 spool_corrupt_or_unreadable=0 raw_queue_depth=8 raw_queue_high_water=8 pending_depth=8 pending_high_water=8 raw_hold_depth=0 raw_hold_high_water=1 storage_samples=29 storage_lock_wait_us=7 storage_slot_lookup_us=14813 storage_open_us=0 storage_write_us=0 storage_flush_close_us=0 storage_rename_us=0 storage_total_us=1499512 storage_lock_wait_max_us=8 storage_slot_lookup_max_us=14813 storage_open_max_us=13680 storage_write_max_us=4671 storage_flush_close_max_us=360941 storage_rename_max_us=125515 storage_total_max_us=1945610 storage_total_le_640ms=0 storage_total_641_to_1280ms=0 storage_total_gt_1280ms=29
[WINDOW] Dropped windows=40 (queue overflow; sequence gaps retained)
[RAW-SPOOL-FULL] slot=512 total=2752512 used=2367488 free=385024 need=3133 windowIndex=9.
[DROP-SUMMARY] capture_queue_full=40 processing_pending_full_events=20 processing_pending_full_unique=1 actual_drop_total=40 raw_hold_full=0 spool_write_fail=0 spool_capacity_full=29 spool_corrupt_or_unreadable=0 raw_queue_depth=8 raw_queue_high_water=8 pending_depth=8 pending_high_water=8 raw_hold_depth=0 raw_hold_high_water=1 storage_samples=30 storage_lock_wait_us=8 storage_slot_lookup_us=13425 storage_open_us=0 storage_write_us=0 storage_flush_close_us=0 storage_rename_us=0 storage_total_us=1388632 storage_lock_wait_max_us=8 storage_slot_lookup_max_us=14813 storage_open_max_us=13680 storage_write_max_us=4671 storage_flush_close_max_us=360941 storage_rename_max_us=125515 storage_total_max_us=1945610 storage_total_le_640ms=0 storage_total_641_to_1280ms=0 storage_total_gt_1280ms=30
[PROCESSING-DIAG] pending_full held count=21 bootId=40ddbdc25232fbc238063340f6210d76 windowIndex=9 raw_queue=8 pending=8
[RAW-DEBUG] samples=512 quality=valid X[min=-251 max=-223 mean=-237.0 rms=237.0] Y[min=47 max=79 mean=64.8 rms=64.8] Z[min=-72 max=-18 mean=-47.6 rms=48.2]
[AUDIO] Requested synchronized window was overwritten.
[WINDOW] Dropped windows=41 (queue overflow; sequence gaps retained)
[DROP-SUMMARY] capture_queue_full=41 processing_pending_full_events=21 processing_pending_full_unique=1 actual_drop_total=41 raw_hold_full=0 spool_write_fail=0 spool_capacity_full=29 spool_corrupt_or_unreadable=0 raw_queue_depth=8 raw_queue_high_water=8 pending_depth=8 pending_high_water=8 raw_hold_depth=0 raw_hold_high_water=1 storage_samples=30 storage_lock_wait_us=8 storage_slot_lookup_us=13425 storage_open_us=0 storage_write_us=0 storage_flush_close_us=0 storage_rename_us=0 storage_total_us=1388632 storage_lock_wait_max_us=8 storage_slot_lookup_max_us=14813 storage_open_max_us=13680 storage_write_max_us=4671 storage_flush_close_max_us=360941 storage_rename_max_us=125515 storage_total_max_us=1945610 storage_total_le_640ms=0 storage_total_641_to_1280ms=0 storage_total_gt_1280ms=30
[WINDOW] Dropped windows=42 (queue overflow; sequence gaps retained)
[RAW-SPOOL-FULL] slot=512 total=2752512 used=2367488 free=385024 need=3133 windowIndex=9.
[PROCESSING-DIAG] pending_full held count=22 bootId=40ddbdc25232fbc238063340f6210d76 windowIndex=9 raw_queue=8 pending=8
[WINDOW] Dropped windows=43 (queue overflow; sequence gaps retained)
[DROP-SUMMARY] capture_queue_full=43 processing_pending_full_events=22 processing_pending_full_unique=1 actual_drop_total=43 raw_hold_full=0 spool_write_fail=0 spool_capacity_full=30 spool_corrupt_or_unreadable=0 raw_queue_depth=8 raw_queue_high_water=8 pending_depth=8 pending_high_water=8 raw_hold_depth=0 raw_hold_high_water=1 storage_samples=31 storage_lock_wait_us=8 storage_slot_lookup_us=13474 storage_open_us=0 storage_write_us=0 storage_flush_close_us=0 storage_rename_us=0 storage_total_us=1495994 storage_lock_wait_max_us=8 storage_slot_lookup_max_us=14813 storage_open_max_us=13680 storage_write_max_us=4671 storage_flush_close_max_us=360941 storage_rename_max_us=125515 storage_total_max_us=1945610 storage_total_le_640ms=0 storage_total_641_to_1280ms=0 storage_total_gt_1280ms=31
[RAW-SPOOL-FULL] slot=512 total=2752512 used=2367488 free=385024 need=3133 windowIndex=9.
[DROP-SUMMARY] capture_queue_full=43 processing_pending_full_events=22 processing_pending_full_unique=1 actual_drop_total=43 raw_hold_full=0 spool_write_fail=0 spool_capacity_full=31 spool_corrupt_or_unreadable=0 raw_queue_depth=8 raw_queue_high_water=8 pending_depth=8 pending_high_water=8 raw_hold_depth=0 raw_hold_high_water=1 storage_samples=32 storage_lock_wait_us=7 storage_slot_lookup_us=13614 storage_open_us=0 storage_write_us=0 storage_flush_close_us=0 storage_rename_us=0 storage_total_us=1381894 storage_lock_wait_max_us=8 storage_slot_lookup_max_us=14813 storage_open_max_us=13680 storage_write_max_us=4671 storage_flush_close_max_us=360941 storage_rename_max_us=125515 storage_total_max_us=1945610 storage_total_le_640ms=0 storage_total_641_to_1280ms=0 storage_total_gt_1280ms=32
[PROCESSING-DIAG] pending_full held count=23 bootId=40ddbdc25232fbc238063340f6210d76 windowIndex=9 raw_queue=8 pending=8
[AUDIO] Requested synchronized window was overwritten.
[WINDOW] Dropped windows=44 (queue overflow; sequence gaps retained)
[WINDOW] Dropped windows=45 (queue overflow; sequence gaps retained)
[DROP-SUMMARY] capture_queue_full=45 processing_pending_full_events=23 processing_pending_full_unique=1 actual_drop_total=45 raw_hold_full=0 spool_write_fail=0 spool_capacity_full=31 spool_corrupt_or_unreadable=0 raw_queue_depth=8 raw_queue_high_water=8 pending_depth=8 pending_high_water=8 raw_hold_depth=0 raw_hold_high_water=1 storage_samples=32 storage_lock_wait_us=7 storage_slot_lookup_us=13614 storage_open_us=0 storage_write_us=0 storage_flush_close_us=0 storage_rename_us=0 storage_total_us=1381894 storage_lock_wait_max_us=8 storage_slot_lookup_max_us=14813 storage_open_max_us=13680 storage_write_max_us=4671 storage_flush_close_max_us=360941 storage_rename_max_us=125515 storage_total_max_us=1945610 storage_total_le_640ms=0 storage_total_641_to_1280ms=0 storage_total_gt_1280ms=32
[WiFi] Reconnect attempt timed out.

[WiFi] Starting non-blocking connection to jmc
[RAW-SPOOL-FULL] slot=512 total=2752512 used=2367488 free=385024 need=3133 windowIndex=9.
[PROCESSING-DIAG] pending_full held count=24 bootId=40ddbdc25232fbc238063340f6210d76 windowIndex=9 raw_queue=8 pending=8
[AUDIO] Requested synchronized window was overwritten.
[WINDOW] Dropped windows=46 (queue overflow; sequence gaps retained)
[DROP-SUMMARY] capture_queue_full=46 processing_pending_full_events=24 processing_pending_full_unique=1 actual_drop_total=46 raw_hold_full=0 spool_write_fail=0 spool_capacity_full=32 spool_corrupt_or_unreadable=0 raw_queue_depth=8 raw_queue_high_water=8 pending_depth=8 pending_high_water=8 raw_hold_depth=0 raw_hold_high_water=1 storage_samples=33 storage_lock_wait_us=7 storage_slot_lookup_us=13597 storage_open_us=0 storage_write_us=0 storage_flush_close_us=0 storage_rename_us=0 storage_total_us=1434704 storage_lock_wait_max_us=8 storage_slot_lookup_max_us=14813 storage_open_max_us=13680 storage_write_max_us=4671 storage_flush_close_max_us=360941 storage_rename_max_us=125515 storage_total_max_us=1945610 storage_total_le_640ms=0 storage_total_641_to_1280ms=0 storage_total_gt_1280ms=33
[WINDOW] Dropped windows=47 (queue overflow; sequence gaps retained)
[DROP-SUMMARY] capture_queue_full=47 processing_pending_full_events=24 processing_pending_full_unique=1 actual_drop_total=47 raw_hold_full=0 spool_write_fail=0 spool_capacity_full=32 spool_corrupt_or_unreadable=0 raw_queue_depth=8 raw_queue_high_water=8 pending_depth=8 pending_high_water=8 raw_hold_depth=0 raw_hold_high_water=1 storage_samples=33 storage_lock_wait_us=7 storage_slot_lookup_us=13597 storage_open_us=0 storage_write_us=0 storage_flush_close_us=0 storage_rename_us=0 storage_total_us=1434704 storage_lock_wait_max_us=8 storage_slot_lookup_max_us=14813 storage_open_max_us=13680 storage_write_max_us=4671 storage_flush_close_max_us=360941 storage_rename_max_us=125515 storage_total_max_us=1945610 storage_total_le_640ms=0 storage_total_641_to_1280ms=0 storage_total_gt_1280ms=33
[RAW-SPOOL-FULL] slot=512 total=2752512 used=2367488 free=385024 need=3133 windowIndex=9.
[PROCESSING-DIAG] pending_full held count=25 bootId=40ddbdc25232fbc238063340f6210d76 windowIndex=9 raw_queue=8 pending=8
[WINDOW] Dropped windows=48 (queue overflow; sequence gaps retained)
[WINDOW] Dropped windows=49 (queue overflow; sequence gaps retained)
[DROP-SUMMARY] capture_queue_full=49 processing_pending_full_events=25 processing_pending_full_unique=1 actual_drop_total=49 raw_hold_full=0 spool_write_fail=0 spool_capacity_full=33 spool_corrupt_or_unreadable=0 raw_queue_depth=8 raw_queue_high_water=8 pending_depth=8 pending_high_water=8 raw_hold_depth=0 raw_hold_high_water=1 storage_samples=34 storage_lock_wait_us=7 storage_slot_lookup_us=13377 storage_open_us=0 storage_write_us=0 storage_flush_close_us=0 storage_rename_us=0 storage_total_us=1492072 storage_lock_wait_max_us=8 storage_slot_lookup_max_us=14813 storage_open_max_us=13680 storage_write_max_us=4671 storage_flush_close_max_us=360941 storage_rename_max_us=125515 storage_total_max_us=1945610 storage_total_le_640ms=0 storage_total_641_to_1280ms=0 storage_total_gt_1280ms=34
[RAW-SPOOL-FULL] slot=512 total=2752512 used=2367488 free=385024 need=3133 windowIndex=9.
[PROCESSING-DIAG] pending_full held count=26 bootId=40ddbdc25232fbc238063340f6210d76 windowIndex=9 raw_queue=8 pending=8
[DROP-SUMMARY] capture_queue_full=49 processing_pending_full_events=26 processing_pending_full_unique=1 actual_drop_total=49 raw_hold_full=0 spool_write_fail=0 spool_capacity_full=34 spool_corrupt_or_unreadable=0 raw_queue_depth=8 raw_queue_high_water=8 pending_depth=8 pending_high_water=8 raw_hold_depth=0 raw_hold_high_water=1 storage_samples=35 storage_lock_wait_us=7 storage_slot_lookup_us=13453 storage_open_us=0 storage_write_us=0 storage_flush_close_us=0 storage_rename_us=0 storage_total_us=1400373 storage_lock_wait_max_us=8 storage_slot_lookup_max_us=14813 storage_open_max_us=13680 storage_write_max_us=4671 storage_flush_close_max_us=360941 storage_rename_max_us=125515 storage_total_max_us=1945610 storage_total_le_640ms=0 storage_total_641_to_1280ms=0 storage_total_gt_1280ms=35
[AUDIO] Requested synchronized window was overwritten.
[WINDOW] Dropped windows=50 (queue overflow; sequence gaps retained)
[WINDOW] Dropped windows=51 (queue overflow; sequence gaps retained)
[DROP-SUMMARY] capture_queue_full=51 processing_pending_full_events=26 processing_pending_full_unique=1 actual_drop_total=51 raw_hold_full=0 spool_write_fail=0 spool_capacity_full=34 spool_corrupt_or_unreadable=0 raw_queue_depth=8 raw_queue_high_water=8 pending_depth=8 pending_high_water=8 raw_hold_depth=0 raw_hold_high_water=1 storage_samples=35 storage_lock_wait_us=7 storage_slot_lookup_us=13453 storage_open_us=0 storage_write_us=0 storage_flush_close_us=0 storage_rename_us=0 storage_total_us=1400373 storage_lock_wait_max_us=8 storage_slot_lookup_max_us=14813 storage_open_max_us=13680 storage_write_max_us=4671 storage_flush_close_max_us=360941 storage_rename_max_us=125515 storage_total_max_us=1945610 storage_total_le_640ms=0 storage_total_641_to_1280ms=0 storage_total_gt_1280ms=35
[RAW-SPOOL-FULL] slot=512 total=2752512 used=2367488 free=385024 need=3133 windowIndex=9.
[PROCESSING-DIAG] pending_full held count=27 bootId=40ddbdc25232fbc238063340f6210d76 windowIndex=9 raw_queue=8 pending=8
[WINDOW] Dropped windows=52 (queue overflow; sequence gaps retained)
[DROP-SUMMARY] capture_queue_full=52 processing_pending_full_events=27 processing_pending_full_unique=1 actual_drop_total=52 raw_hold_full=0 spool_write_fail=0 spool_capacity_full=35 spool_corrupt_or_unreadable=0 raw_queue_depth=8 raw_queue_high_water=8 pending_depth=8 pending_high_water=8 raw_hold_depth=0 raw_hold_high_water=1 storage_samples=36 storage_lock_wait_us=7 storage_slot_lookup_us=13617 storage_open_us=0 storage_write_us=0 storage_flush_close_us=0 storage_rename_us=0 storage_total_us=1490679 storage_lock_wait_max_us=8 storage_slot_lookup_max_us=14813 storage_open_max_us=13680 storage_write_max_us=4671 storage_flush_close_max_us=360941 storage_rename_max_us=125515 storage_total_max_us=1945610 storage_total_le_640ms=0 storage_total_641_to_1280ms=0 storage_total_gt_1280ms=36
[RAW-SPOOL-FULL] slot=512 total=2752512 used=2367488 free=385024 need=3133 windowIndex=9.
[PROCESSING-DIAG] pending_full held count=28 bootId=40ddbdc25232fbc238063340f6210d76 windowIndex=9 raw_queue=8 pending=8
[AUDIO] Requested synchronized window was overwritten.
[WINDOW] Dropped windows=53 (queue overflow; sequence gaps retained)
[DROP-SUMMARY] capture_queue_full=53 processing_pending_full_events=28 processing_pending_full_unique=1 actual_drop_total=53 raw_hold_full=0 spool_write_fail=0 spool_capacity_full=36 spool_corrupt_or_unreadable=0 raw_queue_depth=8 raw_queue_high_water=8 pending_depth=8 pending_high_water=8 raw_hold_depth=0 raw_hold_high_water=1 storage_samples=37 storage_lock_wait_us=7 storage_slot_lookup_us=13543 storage_open_us=0 storage_write_us=0 storage_flush_close_us=0 storage_rename_us=0 storage_total_us=1386002 storage_lock_wait_max_us=8 storage_slot_lookup_max_us=14813 storage_open_max_us=13680 storage_write_max_us=4671 storage_flush_close_max_us=360941 storage_rename_max_us=125515 storage_total_max_us=1945610 storage_total_le_640ms=0 storage_total_641_to_1280ms=0 storage_total_gt_1280ms=37
[WINDOW] Dropped windows=54 (queue overflow; sequence gaps retained)
[DROP-SUMMARY] capture_queue_full=54 processing_pending_full_events=28 processing_pending_full_unique=1 actual_drop_total=54 raw_hold_full=0 spool_write_fail=0 spool_capacity_full=36 spool_corrupt_or_unreadable=0 raw_queue_depth=8 raw_queue_high_water=8 pending_depth=8 pending_high_water=8 raw_hold_depth=0 raw_hold_high_water=1 storage_samples=37 storage_lock_wait_us=7 storage_slot_lookup_us=13543 storage_open_us=0 storage_write_us=0 storage_flush_close_us=0 storage_rename_us=0 storage_total_us=1386002 storage_lock_wait_max_us=8 storage_slot_lookup_max_us=14813 storage_open_max_us=13680 storage_write_max_us=4671 storage_flush_close_max_us=360941 storage_rename_max_us=125515 storage_total_max_us=1945610 storage_total_le_640ms=0 storage_total_641_to_1280ms=0 storage_total_gt_1280ms=37
[RAW-SPOOL-FULL] slot=512 total=2752512 used=2367488 free=385024 need=3133 windowIndex=9.
[PROCESSING-DIAG] pending_full held count=29 bootId=40ddbdc25232fbc238063340f6210d76 windowIndex=9 raw_queue=8 pending=8
[WINDOW] Dropped windows=55 (queue overflow; sequence gaps retained)
[WINDOW] Dropped windows=56 (queue overflow; sequence gaps retained)
[DROP-SUMMARY] capture_queue_full=56 processing_pending_full_events=29 processing_pending_full_unique=1 actual_drop_total=56 raw_hold_full=0 spool_write_fail=0 spool_capacity_full=37 spool_corrupt_or_unreadable=0 raw_queue_depth=8 raw_queue_high_water=8 pending_depth=8 pending_high_water=8 raw_hold_depth=0 raw_hold_high_water=1 storage_samples=38 storage_lock_wait_us=7 storage_slot_lookup_us=13559 storage_open_us=0 storage_write_us=0 storage_flush_close_us=0 storage_rename_us=0 storage_total_us=1494683 storage_lock_wait_max_us=8 storage_slot_lookup_max_us=14813 storage_open_max_us=13680 storage_write_max_us=4671 storage_flush_close_max_us=360941 storage_rename_max_us=125515 storage_total_max_us=1945610 storage_total_le_640ms=0 storage_total_641_to_1280ms=0 storage_total_gt_1280ms=38
[RAW-SPOOL-FULL] slot=512 total=2752512 used=2367488 free=385024 need=3133 windowIndex=9.
[PROCESSING-DIAG] pending_full held count=30 bootId=40ddbdc25232fbc238063340f6210d76 windowIndex=9 raw_queue=8 pending=8
[DROP-SUMMARY] capture_queue_full=56 processing_pending_full_events=30 processing_pending_full_unique=1 actual_drop_total=56 raw_hold_full=0 spool_write_fail=0 spool_capacity_full=38 spool_corrupt_or_unreadable=0 raw_queue_depth=8 raw_queue_high_water=8 pending_depth=8 pending_high_water=8 raw_hold_depth=0 raw_hold_high_water=1 storage_samples=39 storage_lock_wait_us=7 storage_slot_lookup_us=13475 storage_open_us=0 storage_write_us=0 storage_flush_close_us=0 storage_rename_us=0 storage_total_us=1392755 storage_lock_wait_max_us=8 storage_slot_lookup_max_us=14813 storage_open_max_us=13680 storage_write_max_us=4671 storage_flush_close_max_us=360941 storage_rename_max_us=125515 storage_total_max_us=1945610 storage_total_le_640ms=0 storage_total_641_to_1280ms=0 storage_total_gt_1280ms=39
[AUDIO] Requested synchronized window was overwritten.
[WINDOW] Dropped windows=57 (queue overflow; sequence gaps retained)
[WiFi] Reconnect attempt timed out.

[WiFi] Starting non-blocking connection to jmc
[RAW-SPOOL-FULL] slot=512 total=2752512 used=2367488 free=385024 need=3133 windowIndex=9.
[DROP-SUMMARY] capture_queue_full=57 processing_pending_full_events=30 processing_pending_full_unique=1 actual_drop_total=57 raw_hold_full=0 spool_write_fail=0 spool_capacity_full=39 spool_corrupt_or_unreadable=0 raw_queue_depth=8 raw_queue_high_water=8 pending_depth=8 pending_high_water=8 raw_hold_depth=0 raw_hold_high_water=1 storage_samples=40 storage_lock_wait_us=7 storage_slot_lookup_us=13627 storage_open_us=0 storage_write_us=0 storage_flush_close_us=0 storage_rename_us=0 storage_total_us=1387248 storage_lock_wait_max_us=8 storage_slot_lookup_max_us=14813 storage_open_max_us=13680 storage_write_max_us=4671 storage_flush_close_max_us=360941 storage_rename_max_us=125515 storage_total_max_us=1945610 storage_total_le_640ms=0 storage_total_641_to_1280ms=0 storage_total_gt_1280ms=40
[PROCESSING-DIAG] pending_full held count=31 bootId=40ddbdc25232fbc238063340f6210d76 windowIndex=9 raw_queue=8 pending=8
[RAW-DEBUG] samples=512 quality=valid X[min=-251 max=-223 mean=-237.0 rms=237.0] Y[min=47 max=79 mean=64.8 rms=64.8] Z[min=-72 max=-18 mean=-47.6 rms=48.2]
[AUDIO] Requested synchronized window was overwritten.
[WINDOW] Dropped windows=58 (queue overflow; sequence gaps retained)
[DROP-SUMMARY] capture_queue_full=58 processing_pending_full_events=31 processing_pending_full_unique=1 actual_drop_total=58 raw_hold_full=0 spool_write_fail=0 spool_capacity_full=39 spool_corrupt_or_unreadable=0 raw_queue_depth=8 raw_queue_high_water=8 pending_depth=8 pending_high_water=8 raw_hold_depth=0 raw_hold_high_water=1 storage_samples=40 storage_lock_wait_us=7 storage_slot_lookup_us=13627 storage_open_us=0 storage_write_us=0 storage_flush_close_us=0 storage_rename_us=0 storage_total_us=1387248 storage_lock_wait_max_us=8 storage_slot_lookup_max_us=14813 storage_open_max_us=13680 storage_write_max_us=4671 storage_flush_close_max_us=360941 storage_rename_max_us=125515 storage_total_max_us=1945610 storage_total_le_640ms=0 storage_total_641_to_1280ms=0 storage_total_gt_1280ms=40
[WINDOW] Dropped windows=59 (queue overflow; sequence gaps retained)
[RAW-SPOOL-FULL] slot=512 total=2752512 used=2367488 free=385024 need=3133 windowIndex=9.
[PROCESSING-DIAG] pending_full held count=32 bootId=40ddbdc25232fbc238063340f6210d76 windowIndex=9 raw_queue=8 pending=8
[WINDOW] Dropped windows=60 (queue overflow; sequence gaps retained)
[DROP-SUMMARY] capture_queue_full=60 processing_pending_full_events=32 processing_pending_full_unique=1 actual_drop_total=60 raw_hold_full=0 spool_write_fail=0 spool_capacity_full=40 spool_corrupt_or_unreadable=0 raw_queue_depth=8 raw_queue_high_water=8 pending_depth=8 pending_high_water=8 raw_hold_depth=0 raw_hold_high_water=1 storage_samples=41 storage_lock_wait_us=7 storage_slot_lookup_us=13580 storage_open_us=0 storage_write_us=0 storage_flush_close_us=0 storage_rename_us=0 storage_total_us=1495097 storage_lock_wait_max_us=8 storage_slot_lookup_max_us=14813 storage_open_max_us=13680 storage_write_max_us=4671 storage_flush_close_max_us=360941 storage_rename_max_us=125515 storage_total_max_us=1945610 storage_total_le_640ms=0 storage_total_641_to_1280ms=0 storage_total_gt_1280ms=41
[WINDOW] Dropped windows=61 (queue overflow; sequence gaps retained)
[RAW-SPOOL-FULL] slot=512 total=2752512 used=2367488 free=385024 need=3133 windowIndex=9.
[DROP-SUMMARY] capture_queue_full=61 processing_pending_full_events=32 processing_pending_full_unique=1 actual_drop_total=61 raw_hold_full=0 spool_write_fail=0 spool_capacity_full=41 spool_corrupt_or_unreadable=0 raw_queue_depth=8 raw_queue_high_water=8 pending_depth=8 pending_high_water=8 raw_hold_depth=0 raw_hold_high_water=1 storage_samples=42 storage_lock_wait_us=7 storage_slot_lookup_us=13562 storage_open_us=0 storage_write_us=0 storage_flush_close_us=0 storage_rename_us=0 storage_total_us=1381958 storage_lock_wait_max_us=8 storage_slot_lookup_max_us=14813 storage_open_max_us=13680 storage_write_max_us=4671 storage_flush_close_max_us=360941 storage_rename_max_us=125515 storage_total_max_us=1945610 storage_total_le_640ms=0 storage_total_641_to_1280ms=0 storage_total_gt_1280ms=42
[PROCESSING-DIAG] pending_full held count=33 bootId=40ddbdc25232fbc238063340f6210d76 windowIndex=9 raw_queue=8 pending=8
[AUDIO] Requested synchronized window was overwritten.
[WINDOW] Dropped windows=62 (queue overflow; sequence gaps retained)
[DROP-SUMMARY] capture_queue_full=62 processing_pending_full_events=33 processing_pending_full_unique=1 actual_drop_total=62 raw_hold_full=0 spool_write_fail=0 spool_capacity_full=41 spool_corrupt_or_unreadable=0 raw_queue_depth=8 raw_queue_high_water=8 pending_depth=8 pending_high_water=8 raw_hold_depth=0 raw_hold_high_water=1 storage_samples=42 storage_lock_wait_us=7 storage_slot_lookup_us=13562 storage_open_us=0 storage_write_us=0 storage_flush_close_us=0 storage_rename_us=0 storage_total_us=1381958 storage_lock_wait_max_us=8 storage_slot_lookup_max_us=14813 storage_open_max_us=13680 storage_write_max_us=4671 storage_flush_close_max_us=360941 storage_rename_max_us=125515 storage_total_max_us=1945610 storage_total_le_640ms=0 storage_total_641_to_1280ms=0 storage_total_gt_1280ms=42
[WINDOW] Dropped windows=63 (queue overflow; sequence gaps retained)
[RAW-SPOOL-FULL] slot=512 total=2752512 used=2367488 free=385024 need=3133 windowIndex=9.
[PROCESSING-DIAG] pending_full held count=34 bootId=40ddbdc25232fbc238063340f6210d76 windowIndex=9 raw_queue=8 pending=8
[WINDOW] Dropped windows=64 (queue overflow; sequence gaps retained)
[DROP-SUMMARY] capture_queue_full=64 processing_pending_full_events=34 processing_pending_full_unique=1 actual_drop_total=64 raw_hold_full=0 spool_write_fail=0 spool_capacity_full=42 spool_corrupt_or_unreadable=0 raw_queue_depth=8 raw_queue_high_water=8 pending_depth=8 pending_high_water=8 raw_hold_depth=0 raw_hold_high_water=1 storage_samples=43 storage_lock_wait_us=8 storage_slot_lookup_us=13456 storage_open_us=0 storage_write_us=0 storage_flush_close_us=0 storage_rename_us=0 storage_total_us=1496916 storage_lock_wait_max_us=8 storage_slot_lookup_max_us=14813 storage_open_max_us=13680 storage_write_max_us=4671 storage_flush_close_max_us=360941 storage_rename_max_us=125515 storage_total_max_us=1945610 storage_total_le_640ms=0 storage_total_641_to_1280ms=0 storage_total_gt_1280ms=43
[RAW-SPOOL-FULL] slot=512 total=2752512 used=2367488 free=385024 need=3133 windowIndex=9.
[DROP-SUMMARY] capture_queue_full=64 processing_pending_full_events=34 processing_pending_full_unique=1 actual_drop_total=64 raw_hold_full=0 spool_write_fail=0 spool_capacity_full=43 spool_corrupt_or_unreadable=0 raw_queue_depth=8 raw_queue_high_water=8 pending_depth=8 pending_high_water=8 raw_hold_depth=0 raw_hold_high_water=1 storage_samples=44 storage_lock_wait_us=7 storage_slot_lookup_us=13781 storage_open_us=0 storage_write_us=0 storage_flush_close_us=0 storage_rename_us=0 storage_total_us=1384072 storage_lock_wait_max_us=8 storage_slot_lookup_max_us=14813 storage_open_max_us=13680 storage_write_max_us=4671 storage_flush_close_max_us=360941 storage_rename_max_us=125515 storage_total_max_us=1945610 storage_total_le_640ms=0 storage_total_641_to_1280ms=0 storage_total_gt_1280ms=44
[PROCESSING-DIAG] pending_full held count=35 bootId=40ddbdc25232fbc238063340f6210d76 windowIndex=9 raw_queue=8 pending=8
[AUDIO] Requested synchronized window was overwritten.
[WINDOW] Dropped windows=65 (queue overflow; sequence gaps retained)
[WINDOW] Dropped windows=66 (queue overflow; sequence gaps retained)
[DROP-SUMMARY] capture_queue_full=66 processing_pending_full_events=35 processing_pending_full_unique=1 actual_drop_total=66 raw_hold_full=0 spool_write_fail=0 spool_capacity_full=43 spool_corrupt_or_unreadable=0 raw_queue_depth=8 raw_queue_high_water=8 pending_depth=8 pending_high_water=8 raw_hold_depth=0 raw_hold_high_water=1 storage_samples=44 storage_lock_wait_us=7 storage_slot_lookup_us=13781 storage_open_us=0 storage_write_us=0 storage_flush_close_us=0 storage_rename_us=0 storage_total_us=1384072 storage_lock_wait_max_us=8 storage_slot_lookup_max_us=14813 storage_open_max_us=13680 storage_write_max_us=4671 storage_flush_close_max_us=360941 storage_rename_max_us=125515 storage_total_max_us=1945610 storage_total_le_640ms=0 storage_total_641_to_1280ms=0 storage_total_gt_1280ms=44
[WINDOW] Dropped windows=67 (queue overflow; sequence gaps retained)
[RAW-SPOOL-FULL] slot=512 total=2752512 used=2367488 free=385024 need=3133 windowIndex=9.
[PROCESSING-DIAG] pending_full held count=36 bootId=40ddbdc25232fbc238063340f6210d76 windowIndex=9 raw_queue=8 pending=8
[DROP-SUMMARY] capture_queue_full=67 processing_pending_full_events=36 processing_pending_full_unique=1 actual_drop_total=67 raw_hold_full=0 spool_write_fail=0 spool_capacity_full=44 spool_corrupt_or_unreadable=0 raw_queue_depth=8 raw_queue_high_water=8 pending_depth=8 pending_high_water=8 raw_hold_depth=0 raw_hold_high_water=1 storage_samples=45 storage_lock_wait_us=8 storage_slot_lookup_us=13572 storage_open_us=0 storage_write_us=0 storage_flush_close_us=0 storage_rename_us=0 storage_total_us=1499002 storage_lock_wait_max_us=8 storage_slot_lookup_max_us=14813 storage_open_max_us=13680 storage_write_max_us=4671 storage_flush_close_max_us=360941 storage_rename_max_us=125515 storage_total_max_us=1945610 storage_total_le_640ms=0 storage_total_641_to_1280ms=0 storage_total_gt_1280ms=45
[WINDOW] Dropped windows=68 (queue overflow; sequence gaps retained)
[RAW-SPOOL-FULL] slot=512 total=2752512 used=2367488 free=385024 need=3133 windowIndex=9.
[DROP-SUMMARY] capture_queue_full=68 processing_pending_full_events=36 processing_pending_full_unique=1 actual_drop_total=68 raw_hold_full=0 spool_write_fail=0 spool_capacity_full=45 spool_corrupt_or_unreadable=0 raw_queue_depth=8 raw_queue_high_water=8 pending_depth=8 pending_high_water=8 raw_hold_depth=0 raw_hold_high_water=1 storage_samples=46 storage_lock_wait_us=7 storage_slot_lookup_us=13570 storage_open_us=0 storage_write_us=0 storage_flush_close_us=0 storage_rename_us=0 storage_total_us=1382666 storage_lock_wait_max_us=8 storage_slot_lookup_max_us=14813 storage_open_max_us=13680 storage_write_max_us=4671 storage_flush_close_max_us=360941 storage_rename_max_us=125515 storage_total_max_us=1945610 storage_total_le_640ms=0 storage_total_641_to_1280ms=0 storage_total_gt_1280ms=46
[PROCESSING-DIAG] pending_full held count=37 bootId=40ddbdc25232fbc238063340f6210d76 windowIndex=9 raw_queue=8 pending=8
[AUDIO] Requested synchronized window was overwritten.
[WINDOW] Dropped windows=69 (queue overflow; sequence gaps retained)
[WiFi] Reconnect attempt timed out.

[WiFi] Starting non-blocking connection to jmc
[RAW-SPOOL-FULL] slot=512 total=2752512 used=2367488 free=385024 need=3133 windowIndex=9.
[DROP-SUMMARY] capture_queue_full=69 processing_pending_full_events=37 processing_pending_full_unique=1 actual_drop_total=69 raw_hold_full=0 spool_write_fail=0 spool_capacity_full=46 spool_corrupt_or_unreadable=0 raw_queue_depth=8 raw_queue_high_water=8 pending_depth=8 pending_high_water=8 raw_hold_depth=0 raw_hold_high_water=1 storage_samples=47 storage_lock_wait_us=7 storage_slot_lookup_us=13558 storage_open_us=0 storage_write_us=0 storage_flush_close_us=0 storage_rename_us=0 storage_total_us=1358778 storage_lock_wait_max_us=8 storage_slot_lookup_max_us=14813 storage_open_max_us=13680 storage_write_max_us=4671 storage_flush_close_max_us=360941 storage_rename_max_us=125515 storage_total_max_us=1945610 storage_total_le_640ms=0 storage_total_641_to_1280ms=0 storage_total_gt_1280ms=47
[PROCESSING-DIAG] pending_full held count=38 bootId=40ddbdc25232fbc238063340f6210d76 windowIndex=9 raw_queue=8 pending=8
[AUDIO] Requested synchronized window was overwritten.
[WINDOW] Dropped windows=70 (queue overflow; sequence gaps retained)
[DROP-SUMMARY] capture_queue_full=70 processing_pending_full_events=38 processing_pending_full_unique=1 actual_drop_total=70 raw_hold_full=0 spool_write_fail=0 spool_capacity_full=46 spool_corrupt_or_unreadable=0 raw_queue_depth=8 raw_queue_high_water=8 pending_depth=8 pending_high_water=8 raw_hold_depth=0 raw_hold_high_water=1 storage_samples=47 storage_lock_wait_us=7 storage_slot_lookup_us=13558 storage_open_us=0 storage_write_us=0 storage_flush_close_us=0 storage_rename_us=0 storage_total_us=1358778 storage_lock_wait_max_us=8 storage_slot_lookup_max_us=14813 storage_open_max_us=13680 storage_write_max_us=4671 storage_flush_close_max_us=360941 storage_rename_max_us=125515 storage_total_max_us=1945610 storage_total_le_640ms=0 storage_total_641_to_1280ms=0 storage_total_gt_1280ms=47
[WINDOW] Dropped windows=71 (queue overflow; sequence gaps retained)
[RAW-SPOOL-FULL] slot=512 total=2752512 used=2367488 free=385024 need=3133 windowIndex=9.
[PROCESSING-DIAG] pending_full held count=39 bootId=40ddbdc25232fbc238063340f6210d76 windowIndex=9 raw_queue=8 pending=8
[WINDOW] Dropped windows=72 (queue overflow; sequence gaps retained)
[DROP-SUMMARY] capture_queue_full=72 processing_pending_full_events=39 processing_pending_full_unique=1 actual_drop_total=72 raw_hold_full=0 spool_write_fail=0 spool_capacity_full=47 spool_corrupt_or_unreadable=0 raw_queue_depth=8 raw_queue_high_water=8 pending_depth=8 pending_high_water=8 raw_hold_depth=0 raw_hold_high_water=1 storage_samples=48 storage_lock_wait_us=9 storage_slot_lookup_us=13429 storage_open_us=0 storage_write_us=0 storage_flush_close_us=0 storage_rename_us=0 storage_total_us=1496440 storage_lock_wait_max_us=9 storage_slot_lookup_max_us=14813 storage_open_max_us=13680 storage_write_max_us=4671 storage_flush_close_max_us=360941 storage_rename_max_us=125515 storage_total_max_us=1945610 storage_total_le_640ms=0 storage_total_641_to_1280ms=0 storage_total_gt_1280ms=48
[RAW-SPOOL-FULL] slot=512 total=2752512 used=2367488 free=385024 need=3133 windowIndex=9.
[DROP-SUMMARY] capture_queue_full=72 processing_pending_full_events=39 processing_pending_full_unique=1 actual_drop_total=72 raw_hold_full=0 spool_write_fail=0 spool_capacity_full=48 spool_corrupt_or_unreadable=0 raw_queue_depth=8 raw_queue_high_water=8 pending_depth=8 pending_high_water=8 raw_hold_depth=0 raw_hold_high_water=1 storage_samples=49 storage_lock_wait_us=7 storage_slot_lookup_us=13602 storage_open_us=0 storage_write_us=0 storage_flush_close_us=0 storage_rename_us=0 storage_total_us=1383986 storage_lock_wait_max_us=9 storage_slot_lookup_max_us=14813 storage_open_max_us=13680 storage_write_max_us=4671 storage_flush_close_max_us=360941 storage_rename_max_us=125515 storage_total_max_us=1945610 storage_total_le_640ms=0 storage_total_641_to_1280ms=0 storage_total_gt_1280ms=49
[PROCESSING-DIAG] pending_full held count=40 bootId=40ddbdc25232fbc238063340f6210d76 windowIndex=9 raw_queue=8 pending=8
[AUDIO] Requested synchronized window was overwritten.
[WINDOW] Dropped windows=73 (queue overflow; sequence gaps retained)
[WINDOW] Dropped windows=74 (queue overflow; sequence gaps retained)
[DROP-SUMMARY] capture_queue_full=74 processing_pending_full_events=40 processing_pending_full_unique=1 actual_drop_total=74 raw_hold_full=0 spool_write_fail=0 spool_capacity_full=48 spool_corrupt_or_unreadable=0 raw_queue_depth=8 raw_queue_high_water=8 pending_depth=8 pending_high_water=8 raw_hold_depth=0 raw_hold_high_water=1 storage_samples=49 storage_lock_wait_us=7 storage_slot_lookup_us=13602 storage_open_us=0 storage_write_us=0 storage_flush_close_us=0 storage_rename_us=0 storage_total_us=1383986 storage_lock_wait_max_us=9 storage_slot_lookup_max_us=14813 storage_open_max_us=13680 storage_write_max_us=4671 storage_flush_close_max_us=360941 storage_rename_max_us=125515 storage_total_max_us=1945610 storage_total_le_640ms=0 storage_total_641_to_1280ms=0 storage_total_gt_1280ms=49
[WINDOW] Dropped windows=75 (queue overflow; sequence gaps retained)
[RAW-SPOOL-FULL] slot=512 total=2752512 used=2367488 free=385024 need=3133 windowIndex=9.
[PROCESSING-DIAG] pending_full held count=41 bootId=40ddbdc25232fbc238063340f6210d76 windowIndex=9 raw_queue=8 pending=8
[RAW-DEBUG] samples=512 quality=valid X[min=-251 max=-223 mean=-237.0 rms=237.0] Y[min=47 max=79 mean=64.8 rms=64.8] Z[min=-72 max=-18 mean=-47.6 rms=48.2]
[DROP-SUMMARY] capture_queue_full=75 processing_pending_full_events=41 processing_pending_full_unique=1 actual_drop_total=75 raw_hold_full=0 spool_write_fail=0 spool_capacity_full=49 spool_corrupt_or_unreadable=0 raw_queue_depth=8 raw_queue_high_water=8 pending_depth=8 pending_high_water=8 raw_hold_depth=0 raw_hold_high_water=1 storage_samples=50 storage_lock_wait_us=7 storage_slot_lookup_us=13551 storage_open_us=0 storage_write_us=0 storage_flush_close_us=0 storage_rename_us=0 storage_total_us=1498125 storage_lock_wait_max_us=9 storage_slot_lookup_max_us=14813 storage_open_max_us=13680 storage_write_max_us=4671 storage_flush_close_max_us=360941 storage_rename_max_us=125515 storage_total_max_us=1945610 storage_total_le_640ms=0 storage_total_641_to_1280ms=0 storage_total_gt_1280ms=50
[WINDOW] Dropped windows=76 (queue overflow; sequence gaps retained)
[WINDOW] Dropped windows=77 (queue overflow; sequence gaps retained)
[DROP-SUMMARY] capture_queue_full=77 processing_pending_full_events=41 processing_pending_full_unique=1 actual_drop_total=77 raw_hold_full=0 spool_write_fail=0 spool_capacity_full=49 spool_corrupt_or_unreadable=0 raw_queue_depth=8 raw_queue_high_water=8 pending_depth=8 pending_high_water=8 raw_hold_depth=0 raw_hold_high_water=1 storage_samples=50 storage_lock_wait_us=7 storage_slot_lookup_us=13551 storage_open_us=0 storage_write_us=0 storage_flush_close_us=0 storage_rename_us=0 storage_total_us=1498125 storage_lock_wait_max_us=9 storage_slot_lookup_max_us=14813 storage_open_max_us=13680 storage_write_max_us=4671 storage_flush_close_max_us=360941 storage_rename_max_us=125515 storage_total_max_us=1945610 storage_total_le_640ms=0 storage_total_641_to_1280ms=0 storage_total_gt_1280ms=50
[RAW-SPOOL-FULL] slot=512 total=2752512 used=2367488 free=385024 need=3133 windowIndex=9.
[PROCESSING-DIAG] pending_full held count=42 bootId=40ddbdc25232fbc238063340f6210d76 windowIndex=9 raw_queue=8 pending=8
[WINDOW] Dropped windows=78 (queue overflow; sequence gaps retained)
[DROP-SUMMARY] capture_queue_full=78 processing_pending_full_events=42 processing_pending_full_unique=1 actual_drop_total=78 raw_hold_full=0 spool_write_fail=0 spool_capacity_full=50 spool_corrupt_or_unreadable=0 raw_queue_depth=8 raw_queue_high_water=8 pending_depth=8 pending_high_water=8 raw_hold_depth=0 raw_hold_high_water=1 storage_samples=51 storage_lock_wait_us=7 storage_slot_lookup_us=13548 storage_open_us=0 storage_write_us=0 storage_flush_close_us=0 storage_rename_us=0 storage_total_us=1499749 storage_lock_wait_max_us=9 storage_slot_lookup_max_us=14813 storage_open_max_us=13680 storage_write_max_us=4671 storage_flush_close_max_us=360941 storage_rename_max_us=125515 storage_total_max_us=1945610 storage_total_le_640ms=0 storage_total_641_to_1280ms=0 storage_total_gt_1280ms=51
[WINDOW] Dropped windows=79 (queue overflow; sequence gaps retained)
[RAW-SPOOL-FULL] slot=512 total=2752512 used=2367488 free=385024 need=3133 windowIndex=9.
[PROCESSING-DIAG] pending_full held count=43 bootId=40ddbdc25232fbc238063340f6210d76 windowIndex=9 raw_queue=8 pending=8
[WINDOW] Dropped windows=80 (queue overflow; sequence gaps retained)
[DROP-SUMMARY] capture_queue_full=80 processing_pending_full_events=43 processing_pending_full_unique=1 actual_drop_total=80 raw_hold_full=0 spool_write_fail=0 spool_capacity_full=51 spool_corrupt_or_unreadable=0 raw_queue_depth=8 raw_queue_high_water=8 pending_depth=8 pending_high_water=8 raw_hold_depth=0 raw_hold_high_water=1 storage_samples=52 storage_lock_wait_us=7 storage_slot_lookup_us=13454 storage_open_us=0 storage_write_us=0 storage_flush_close_us=0 storage_rename_us=0 storage_total_us=1491530 storage_lock_wait_max_us=9 storage_slot_lookup_max_us=14813 storage_open_max_us=13680 storage_write_max_us=4671 storage_flush_close_max_us=360941 storage_rename_max_us=125515 storage_total_max_us=1945610 storage_total_le_640ms=0 storage_total_641_to_1280ms=0 storage_total_gt_1280ms=52
[WINDOW] Dropped windows=81 (queue overflow; sequence gaps retained)
[DROP-SUMMARY] capture_queue_full=81 processing_pending_full_events=43 processing_pending_full_unique=1 actual_drop_total=81 raw_hold_full=0 spool_write_fail=0 spool_capacity_full=51 spool_corrupt_or_unreadable=0 raw_queue_depth=8 raw_queue_high_water=8 pending_depth=8 pending_high_water=8 raw_hold_depth=0 raw_hold_high_water=1 storage_samples=52 storage_lock_wait_us=7 storage_slot_lookup_us=13454 storage_open_us=0 storage_write_us=0 storage_flush_close_us=0 storage_rename_us=0 storage_total_us=1491530 storage_lock_wait_max_us=9 storage_slot_lookup_max_us=14813 storage_open_max_us=13680 storage_write_max_us=4671 storage_flush_close_max_us=360941 storage_rename_max_us=125515 storage_total_max_us=1945610 storage_total_le_640ms=0 storage_total_641_to_1280ms=0 storage_total_gt_1280ms=52
[WINDOW] Dropped windows=82 (queue overflow; sequence gaps retained)
[RAW-SPOOL-FULL] slot=512 total=2752512 used=2367488 free=385024 need=3133 windowIndex=9.
[PROCESSING-DIAG] pending_full held count=44 bootId=40ddbdc25232fbc238063340f6210d76 windowIndex=9 raw_queue=8 pending=8
[WiFi] Reconnect attempt timed out.

[WiFi] Starting non-blocking connection to jmc
[RAW-SPOOL-FULL] slot=512 total=2752512 used=2367488 free=385024 need=3133 windowIndex=9.
[DROP-SUMMARY] capture_queue_full=82 processing_pending_full_events=44 processing_pending_full_unique=1 actual_drop_total=82 raw_hold_full=0 spool_write_fail=0 spool_capacity_full=53 spool_corrupt_or_unreadable=0 raw_queue_depth=8 raw_queue_high_water=8 pending_depth=8 pending_high_water=8 raw_hold_depth=0 raw_hold_high_water=1 storage_samples=54 storage_lock_wait_us=6 storage_slot_lookup_us=13539 storage_open_us=0 storage_write_us=0 storage_flush_close_us=0 storage_rename_us=0 storage_total_us=1345962 storage_lock_wait_max_us=9 storage_slot_lookup_max_us=14813 storage_open_max_us=13680 storage_write_max_us=4671 storage_flush_close_max_us=360941 storage_rename_max_us=125515 storage_total_max_us=1945610 storage_total_le_640ms=0 storage_total_641_to_1280ms=0 storage_total_gt_1280ms=54
[AUDIO] Requested synchronized window was overwritten.
[PROCESSING-DIAG] pending_full held count=45 bootId=40ddbdc25232fbc238063340f6210d76 windowIndex=9 raw_queue=8 pending=8
[WINDOW] Dropped windows=83 (queue overflow; sequence gaps retained)
[WINDOW] Dropped windows=84 (queue overflow; sequence gaps retained)
[DROP-SUMMARY] capture_queue_full=84 processing_pending_full_events=45 processing_pending_full_unique=1 actual_drop_total=84 raw_hold_full=0 spool_write_fail=0 spool_capacity_full=53 spool_corrupt_or_unreadable=0 raw_queue_depth=8 raw_queue_high_water=8 pending_depth=8 pending_high_water=8 raw_hold_depth=0 raw_hold_high_water=1 storage_samples=54 storage_lock_wait_us=6 storage_slot_lookup_us=13539 storage_open_us=0 storage_write_us=0 storage_flush_close_us=0 storage_rename_us=0 storage_total_us=1345962 storage_lock_wait_max_us=9 storage_slot_lookup_max_us=14813 storage_open_max_us=13680 storage_write_max_us=4671 storage_flush_close_max_us=360941 storage_rename_max_us=125515 storage_total_max_us=1945610 storage_total_le_640ms=0 storage_total_641_to_1280ms=0 storage_total_gt_1280ms=54
[WINDOW] Dropped windows=85 (queue overflow; sequence gaps retained)
[RAW-SPOOL-FULL] slot=512 total=2752512 used=2367488 free=385024 need=3133 windowIndex=9.
[PROCESSING-DIAG] pending_full held count=46 bootId=40ddbdc25232fbc238063340f6210d76 windowIndex=9 raw_queue=8 pending=8
[DROP-SUMMARY] capture_queue_full=85 processing_pending_full_events=46 processing_pending_full_unique=1 actual_drop_total=85 raw_hold_full=0 spool_write_fail=0 spool_capacity_full=54 spool_corrupt_or_unreadable=0 raw_queue_depth=8 raw_queue_high_water=8 pending_depth=8 pending_high_water=8 raw_hold_depth=0 raw_hold_high_water=1 storage_samples=55 storage_lock_wait_us=8 storage_slot_lookup_us=13546 storage_open_us=0 storage_write_us=0 storage_flush_close_us=0 storage_rename_us=0 storage_total_us=1498146 storage_lock_wait_max_us=9 storage_slot_lookup_max_us=14813 storage_open_max_us=13680 storage_write_max_us=4671 storage_flush_close_max_us=360941 storage_rename_max_us=125515 storage_total_max_us=1945610 storage_total_le_640ms=0 storage_total_641_to_1280ms=0 storage_total_gt_1280ms=55
[WINDOW] Dropped windows=86 (queue overflow; sequence gaps retained)
[RAW-SPOOL-FULL] slot=512 total=2752512 used=2367488 free=385024 need=3133 windowIndex=9.
[DROP-SUMMARY] capture_queue_full=86 processing_pending_full_events=46 processing_pending_full_unique=1 actual_drop_total=86 raw_hold_full=0 spool_write_fail=0 spool_capacity_full=55 spool_corrupt_or_unreadable=0 raw_queue_depth=8 raw_queue_high_water=8 pending_depth=8 pending_high_water=8 raw_hold_depth=0 raw_hold_high_water=1 storage_samples=56 storage_lock_wait_us=7 storage_slot_lookup_us=13600 storage_open_us=0 storage_write_us=0 storage_flush_close_us=0 storage_rename_us=0 storage_total_us=1384080 storage_lock_wait_max_us=9 storage_slot_lookup_max_us=14813 storage_open_max_us=13680 storage_write_max_us=4671 storage_flush_close_max_us=360941 storage_rename_max_us=125515 storage_total_max_us=1945610 storage_total_le_640ms=0 storage_total_641_to_1280ms=0 storage_total_gt_1280ms=56
[PROCESSING-DIAG] pending_full held count=47 bootId=40ddbdc25232fbc238063340f6210d76 windowIndex=9 raw_queue=8 pending=8
[AUDIO] Requested synchronized window was overwritten.
[WINDOW] Dropped windows=87 (queue overflow; sequence gaps retained)
[WINDOW] Dropped windows=88 (queue overflow; sequence gaps retained)
[DROP-SUMMARY] capture_queue_full=88 processing_pending_full_events=47 processing_pending_full_unique=1 actual_drop_total=88 raw_hold_full=0 spool_write_fail=0 spool_capacity_full=55 spool_corrupt_or_unreadable=0 raw_queue_depth=8 raw_queue_high_water=8 pending_depth=8 pending_high_water=8 raw_hold_depth=0 raw_hold_high_water=1 storage_samples=56 storage_lock_wait_us=7 storage_slot_lookup_us=13600 storage_open_us=0 storage_write_us=0 storage_flush_close_us=0 storage_rename_us=0 storage_total_us=1384080 storage_lock_wait_max_us=9 storage_slot_lookup_max_us=14813 storage_open_max_us=13680 storage_write_max_us=4671 storage_flush_close_max_us=360941 storage_rename_max_us=125515 storage_total_max_us=1945610 storage_total_le_640ms=0 storage_total_641_to_1280ms=0 storage_total_gt_1280ms=56
[RAW-SPOOL-FULL] slot=512 total=2752512 used=2367488 free=385024 need=3133 windowIndex=9.
[PROCESSING-DIAG] pending_full held count=48 bootId=40ddbdc25232fbc238063340f6210d76 windowIndex=9 raw_queue=8 pending=8
[WINDOW] Dropped windows=89 (queue overflow; sequence gaps retained)
[DROP-SUMMARY] capture_queue_full=89 processing_pending_full_events=48 processing_pending_full_unique=1 actual_drop_total=89 raw_hold_full=0 spool_write_fail=0 spool_capacity_full=56 spool_corrupt_or_unreadable=0 raw_queue_depth=8 raw_queue_high_water=8 pending_depth=8 pending_high_water=8 raw_hold_depth=0 raw_hold_high_water=1 storage_samples=57 storage_lock_wait_us=7 storage_slot_lookup_us=13603 storage_open_us=0 storage_write_us=0 storage_flush_close_us=0 storage_rename_us=0 storage_total_us=1495477 storage_lock_wait_max_us=9 storage_slot_lookup_max_us=14813 storage_open_max_us=13680 storage_write_max_us=4671 storage_flush_close_max_us=360941 storage_rename_max_us=125515 storage_total_max_us=1945610 storage_total_le_640ms=0 storage_total_641_to_1280ms=0 storage_total_gt_1280ms=57
[WINDOW] Dropped windows=90 (queue overflow; sequence gaps retained)
[DROP-SUMMARY] capture_queue_full=91 processing_pending_full_events=48 processing_pending_full_unique=1 actual_drop_total=91 raw_hold_full=0 spool_write_fail=0 spool_capacity_full=56 spool_corrupt_or_unreadable=0 raw_queue_depth=8 raw_queue_high_water=8 pending_depth=8 pending_high_water=8 raw_hold_depth=0 raw_hold_high_water=1 storage_samples=57 storage_lock_wait_us=7 storage_slot_lookup_us=13603 storage_open_us=0 storage_write_us=0 storage_flush_close_us=0 storage_rename_us=0 storage_total_us=1495477 storage_lock_wait_max_us=9 storage_slot_lookup_max_us=14813 storage_open_max_us=13680 storage_write_max_us=4671 storage_flush_close_max_us=360941 storage_rename_max_us=125515 storage_total_max_us=1945610 storage_total_le_640ms=0 storage_total_641_to_1280ms=0 storage_total_gt_1280ms=57
[WINDOW] Dropped windows=91 (queue overflow; sequence gaps retained)
[RAW-SPOOL-FULL] slot=512 total=2752512 used=2367488 free=385024 need=3133 windowIndex=9.
[PROCESSING-DIAG] pending_full held count=49 bootId=40ddbdc25232fbc238063340f6210d76 windowIndex=9 raw_queue=8 pending=8
[WINDOW] Dropped windows=92 (queue overflow; sequence gaps retained)
[DROP-SUMMARY] capture_queue_full=92 processing_pending_full_events=49 processing_pending_full_unique=1 actual_drop_total=92 raw_hold_full=0 spool_write_fail=0 spool_capacity_full=57 spool_corrupt_or_unreadable=0 raw_queue_depth=8 raw_queue_high_water=8 pending_depth=8 pending_high_water=8 raw_hold_depth=0 raw_hold_high_water=1 storage_samples=58 storage_lock_wait_us=8 storage_slot_lookup_us=13544 storage_open_us=0 storage_write_us=0 storage_flush_close_us=0 storage_rename_us=0 storage_total_us=1503375 storage_lock_wait_max_us=9 storage_slot_lookup_max_us=14813 storage_open_max_us=13680 storage_write_max_us=4671 storage_flush_close_max_us=360941 storage_rename_max_us=125515 storage_total_max_us=1945610 storage_total_le_640ms=0 storage_total_641_to_1280ms=0 storage_total_gt_1280ms=58
[WINDOW] Dropped windows=93 (queue overflow; sequence gaps retained)
[RAW-SPOOL-FULL] slot=512 total=2752512 used=2367488 free=385024 need=3133 windowIndex=9.
[PROCESSING-DIAG] pending_full held count=50 bootId=40ddbdc25232fbc238063340f6210d76 windowIndex=9 raw_queue=8 pending=8
[DROP-SUMMARY] capture_queue_full=93 processing_pending_full_events=50 processing_pending_full_unique=1 actual_drop_total=93 raw_hold_full=0 spool_write_fail=0 spool_capacity_full=58 spool_corrupt_or_unreadable=0 raw_queue_depth=8 raw_queue_high_water=8 pending_depth=8 pending_high_water=8 raw_hold_depth=0 raw_hold_high_water=1 storage_samples=59 storage_lock_wait_us=8 storage_slot_lookup_us=13381 storage_open_us=0 storage_write_us=0 storage_flush_close_us=0 storage_rename_us=0 storage_total_us=1492561 storage_lock_wait_max_us=9 storage_slot_lookup_max_us=14813 storage_open_max_us=13680 storage_write_max_us=4671 storage_flush_close_max_us=360941 storage_rename_max_us=125515 storage_total_max_us=1945610 storage_total_le_640ms=0 storage_total_641_to_1280ms=0 storage_total_gt_1280ms=59
[WINDOW] Dropped windows=94 (queue overflow; sequence gaps retained)
[WINDOW] Dropped windows=95 (queue overflow; sequence gaps retained)
[DROP-SUMMARY] capture_queue_full=95 processing_pending_full_events=50 processing_pending_full_unique=1 actual_drop_total=95 raw_hold_full=0 spool_write_fail=0 spool_capacity_full=58 spool_corrupt_or_unreadable=0 raw_queue_depth=8 raw_queue_high_water=8 pending_depth=8 pending_high_water=8 raw_hold_depth=0 raw_hold_high_water=1 storage_samples=59 storage_lock_wait_us=8 storage_slot_lookup_us=13381 storage_open_us=0 storage_write_us=0 storage_flush_close_us=0 storage_rename_us=0 storage_total_us=1492561 storage_lock_wait_max_us=9 storage_slot_lookup_max_us=14813 storage_open_max_us=13680 storage_write_max_us=4671 storage_flush_close_max_us=360941 storage_rename_max_us=125515 storage_total_max_us=1945610 storage_total_le_640ms=0 storage_total_641_to_1280ms=0 storage_total_gt_1280ms=59
[WINDOW] Dropped windows=96 (queue overflow; sequence gaps retained)
[RAW-SPOOL-FULL] slot=512 total=2752512 used=2367488 free=385024 need=3133 windowIndex=9.
[PROCESSING-DIAG] pending_full held count=51 bootId=40ddbdc25232fbc238063340f6210d76 windowIndex=9 raw_queue=8 pending=8
[RAW-DEBUG] samples=512 quality=valid X[min=-251 max=-223 mean=-237.0 rms=237.0] Y[min=47 max=79 mean=64.8 rms=64.8] Z[min=-72 max=-18 mean=-47.6 rms=48.2]
[WiFi] Reconnect attempt timed out.

[WiFi] Starting non-blocking connection to jmc
[RAW-SPOOL-FULL] slot=512 total=2752512 used=2367488 free=385024 need=3133 windowIndex=9.
[PROCESSING-DIAG] pending_full held count=52 bootId=40ddbdc25232fbc238063340f6210d76 windowIndex=9 raw_queue=8 pending=8
[DROP-SUMMARY] capture_queue_full=96 processing_pending_full_events=52 processing_pending_full_unique=1 actual_drop_total=96 raw_hold_full=0 spool_write_fail=0 spool_capacity_full=60 spool_corrupt_or_unreadable=0 raw_queue_depth=8 raw_queue_high_water=8 pending_depth=8 pending_high_water=8 raw_hold_depth=1 raw_hold_high_water=1 storage_samples=61 storage_lock_wait_us=7 storage_slot_lookup_us=14202 storage_open_us=0 storage_write_us=0 storage_flush_close_us=0 storage_rename_us=0 storage_total_us=1344571 storage_lock_wait_max_us=9 storage_slot_lookup_max_us=14813 storage_open_max_us=13680 storage_write_max_us=4671 storage_flush_close_max_us=360941 storage_rename_max_us=125515 storage_total_max_us=1945610 storage_total_le_640ms=0 storage_total_641_to_1280ms=0 storage_total_gt_1280ms=61
[AUDIO] Requested synchronized window was overwritten.
[WINDOW] Dropped windows=97 (queue overflow; sequence gaps retained)
[WINDOW] Dropped windows=98 (queue overflow; sequence gaps retained)
[DROP-SUMMARY] capture_queue_full=98 processing_pending_full_events=52 processing_pending_full_unique=1 actual_drop_total=98 raw_hold_full=0 spool_write_fail=0 spool_capacity_full=60 spool_corrupt_or_unreadable=0 raw_queue_depth=8 raw_queue_high_water=8 pending_depth=8 pending_high_water=8 raw_hold_depth=0 raw_hold_high_water=1 storage_samples=61 storage_lock_wait_us=7 storage_slot_lookup_us=14202 storage_open_us=0 storage_write_us=0 storage_flush_close_us=0 storage_rename_us=0 storage_total_us=1344571 storage_lock_wait_max_us=9 storage_slot_lookup_max_us=14813 storage_open_max_us=13680 storage_write_max_us=4671 storage_flush_close_max_us=360941 storage_rename_max_us=125515 storage_total_max_us=1945610 storage_total_le_640ms=0 storage_total_641_to_1280ms=0 storage_total_gt_1280ms=61
[WINDOW] Dropped windows=99 (queue overflow; sequence gaps retained)
[RAW-SPOOL-FULL] slot=512 total=2752512 used=2367488 free=385024 need=3133 windowIndex=9.
[PROCESSING-DIAG] pending_full held count=53 bootId=40ddbdc25232fbc238063340f6210d76 windowIndex=9 raw_queue=8 pending=8
[DROP-SUMMARY] capture_queue_full=99 processing_pending_full_events=53 processing_pending_full_unique=1 actual_drop_total=99 raw_hold_full=0 spool_write_fail=0 spool_capacity_full=61 spool_corrupt_or_unreadable=0 raw_queue_depth=8 raw_queue_high_water=8 pending_depth=8 pending_high_water=8 raw_hold_depth=0 raw_hold_high_water=1 storage_samples=62 storage_lock_wait_us=7 storage_slot_lookup_us=14676 storage_open_us=0 storage_write_us=0 storage_flush_close_us=0 storage_rename_us=0 storage_total_us=1508036 storage_lock_wait_max_us=9 storage_slot_lookup_max_us=14813 storage_open_max_us=13680 storage_write_max_us=4671 storage_flush_close_max_us=360941 storage_rename_max_us=125515 storage_total_max_us=1945610 storage_total_le_640ms=0 storage_total_641_to_1280ms=0 storage_total_gt_1280ms=62
[WINDOW] Dropped windows=100 (queue overflow; sequence gaps retained)
[RAW-SPOOL-FULL] slot=512 total=2752512 used=2367488 free=385024 need=3133 windowIndex=9.
[DROP-SUMMARY] capture_queue_full=100 processing_pending_full_events=53 processing_pending_full_unique=1 actual_drop_total=100 raw_hold_full=0 spool_write_fail=0 spool_capacity_full=62 spool_corrupt_or_unreadable=0 raw_queue_depth=8 raw_queue_high_water=8 pending_depth=8 pending_high_water=8 raw_hold_depth=0 raw_hold_high_water=1 storage_samples=63 storage_lock_wait_us=7 storage_slot_lookup_us=13489 storage_open_us=0 storage_write_us=0 storage_flush_close_us=0 storage_rename_us=0 storage_total_us=1396017 storage_lock_wait_max_us=9 storage_slot_lookup_max_us=14813 storage_open_max_us=13680 storage_write_max_us=4671 storage_flush_close_max_us=360941 storage_rename_max_us=125515 storage_total_max_us=1945610 storage_total_le_640ms=0 storage_total_641_to_1280ms=0 storage_total_gt_1280ms=63
[PROCESSING-DIAG] pending_full held count=54 bootId=40ddbdc25232fbc238063340f6210d76 windowIndex=9 raw_queue=8 pending=8
[AUDIO] Requested synchronized window was overwritten.
[WINDOW] Dropped windows=101 (queue overflow; sequence gaps retained)
[DROP-SUMMARY] capture_queue_full=101 processing_pending_full_events=54 processing_pending_full_unique=1 actual_drop_total=101 raw_hold_full=0 spool_write_fail=0 spool_capacity_full=62 spool_corrupt_or_unreadable=0 raw_queue_depth=8 raw_queue_high_water=8 pending_depth=8 pending_high_water=8 raw_hold_depth=0 raw_hold_high_water=1 storage_samples=63 storage_lock_wait_us=7 storage_slot_lookup_us=13489 storage_open_us=0 storage_write_us=0 storage_flush_close_us=0 storage_rename_us=0 storage_total_us=1396017 storage_lock_wait_max_us=9 storage_slot_lookup_max_us=14813 storage_open_max_us=13680 storage_write_max_us=4671 storage_flush_close_max_us=360941 storage_rename_max_us=125515 storage_total_max_us=1945610 storage_total_le_640ms=0 storage_total_641_to_1280ms=0 storage_total_gt_1280ms=63
[WINDOW] Dropped windows=102 (queue overflow; sequence gaps retained)
[RAW-SPOOL-FULL] slot=512 total=2752512 used=2367488 free=385024 need=3133 windowIndex=9.
[PROCESSING-DIAG] pending_full held count=55 bootId=40ddbdc25232fbc238063340f6210d76 windowIndex=9 raw_queue=8 pending=8
[WINDOW] Dropped windows=103 (queue overflow; sequence gaps retained)
[DROP-SUMMARY] capture_queue_full=103 processing_pending_full_events=55 processing_pending_full_unique=1 actual_drop_total=103 raw_hold_full=0 spool_write_fail=0 spool_capacity_full=63 spool_corrupt_or_unreadable=0 raw_queue_depth=8 raw_queue_high_water=8 pending_depth=8 pending_high_water=8 raw_hold_depth=0 raw_hold_high_water=1 storage_samples=64 storage_lock_wait_us=7 storage_slot_lookup_us=13604 storage_open_us=0 storage_write_us=0 storage_flush_close_us=0 storage_rename_us=0 storage_total_us=1501482 storage_lock_wait_max_us=9 storage_slot_lookup_max_us=14813 storage_open_max_us=13680 storage_write_max_us=4671 storage_flush_close_max_us=360941 storage_rename_max_us=125515 storage_total_max_us=1945610 storage_total_le_640ms=0 storage_total_641_to_1280ms=0 storage_total_gt_1280ms=64
[RAW-SPOOL-FULL] slot=512 total=2752512 used=2367488 free=385024 need=3133 windowIndex=9.
[DROP-SUMMARY] capture_queue_full=103 processing_pending_full_events=55 processing_pending_full_unique=1 actual_drop_total=103 raw_hold_full=0 spool_write_fail=0 spool_capacity_full=64 spool_corrupt_or_unreadable=0 raw_queue_depth=8 raw_queue_high_water=8 pending_depth=8 pending_high_water=8 raw_hold_depth=0 raw_hold_high_water=1 storage_samples=65 storage_lock_wait_us=7 storage_slot_lookup_us=13574 storage_open_us=0 storage_write_us=0 storage_flush_close_us=0 storage_rename_us=0 storage_total_us=1384554 storage_lock_wait_max_us=9 storage_slot_lookup_max_us=14813 storage_open_max_us=13680 storage_write_max_us=4671 storage_flush_close_max_us=360941 storage_rename_max_us=125515 storage_total_max_us=1945610 storage_total_le_640ms=0 storage_total_641_to_1280ms=0 storage_total_gt_1280ms=65
[PROCESSING-DIAG] pending_full held count=56 bootId=40ddbdc25232fbc238063340f6210d76 windowIndex=9 raw_queue=8 pending=8
[AUDIO] Requested synchronized window was overwritten.
[WINDOW] Dropped windows=104 (queue overflow; sequence gaps retained)
[WINDOW] Dropped windows=105 (queue overflow; sequence gaps retained)
[DROP-SUMMARY] capture_queue_full=105 processing_pending_full_events=56 processing_pending_full_unique=1 actual_drop_total=105 raw_hold_full=0 spool_write_fail=0 spool_capacity_full=64 spool_corrupt_or_unreadable=0 raw_queue_depth=8 raw_queue_high_water=8 pending_depth=8 pending_high_water=8 raw_hold_depth=0 raw_hold_high_water=1 storage_samples=65 storage_lock_wait_us=7 storage_slot_lookup_us=13574 storage_open_us=0 storage_write_us=0 storage_flush_close_us=0 storage_rename_us=0 storage_total_us=1384554 storage_lock_wait_max_us=9 storage_slot_lookup_max_us=14813 storage_open_max_us=13680 storage_write_max_us=4671 storage_flush_close_max_us=360941 storage_rename_max_us=125515 storage_total_max_us=1945610 storage_total_le_640ms=0 storage_total_641_to_1280ms=0 storage_total_gt_1280ms=65
[WINDOW] Dropped windows=106 (queue overflow; sequence gaps retained)
[RAW-SPOOL-FULL] slot=512 total=2752512 used=2367488 free=385024 need=3133 windowIndex=9.
[PROCESSING-DIAG] pending_full held count=57 bootId=40ddbdc25232fbc238063340f6210d76 windowIndex=9 raw_queue=8 pending=8
[DROP-SUMMARY] capture_queue_full=106 processing_pending_full_events=57 processing_pending_full_unique=1 actual_drop_total=106 raw_hold_full=0 spool_write_fail=0 spool_capacity_full=65 spool_corrupt_or_unreadable=0 raw_queue_depth=8 raw_queue_high_water=8 pending_depth=8 pending_high_water=8 raw_hold_depth=0 raw_hold_high_water=1 storage_samples=66 storage_lock_wait_us=7 storage_slot_lookup_us=13426 storage_open_us=0 storage_write_us=0 storage_flush_close_us=0 storage_rename_us=0 storage_total_us=1503359 storage_lock_wait_max_us=9 storage_slot_lookup_max_us=14813 storage_open_max_us=13680 storage_write_max_us=4671 storage_flush_close_max_us=360941 storage_rename_max_us=125515 storage_total_max_us=1945610 storage_total_le_640ms=0 storage_total_641_to_1280ms=0 storage_total_gt_1280ms=66
[WINDOW] Dropped windows=107 (queue overflow; sequence gaps retained)
[RAW-SPOOL-FULL] slot=512 total=2752512 used=2367488 free=385024 need=3133 windowIndex=9.
[DROP-SUMMARY] capture_queue_full=107 processing_pending_full_events=57 processing_pending_full_unique=1 actual_drop_total=107 raw_hold_full=0 spool_write_fail=0 spool_capacity_full=66 spool_corrupt_or_unreadable=0 raw_queue_depth=8 raw_queue_high_water=8 pending_depth=8 pending_high_water=8 raw_hold_depth=0 raw_hold_high_water=1 storage_samples=67 storage_lock_wait_us=9 storage_slot_lookup_us=13460 storage_open_us=0 storage_write_us=0 storage_flush_close_us=0 storage_rename_us=0 storage_total_us=1383639 storage_lock_wait_max_us=9 storage_slot_lookup_max_us=14813 storage_open_max_us=13680 storage_write_max_us=4671 storage_flush_close_max_us=360941 storage_rename_max_us=125515 storage_total_max_us=1945610 storage_total_le_640ms=0 storage_total_641_to_1280ms=0 storage_total_gt_1280ms=67
[PROCESSING-DIAG] pending_full held count=58 bootId=40ddbdc25232fbc238063340f6210d76 windowIndex=9 raw_queue=8 pending=8
[AUDIO] Requested synchronized window was overwritten.
[WINDOW] Dropped windows=108 (queue overflow; sequence gaps retained)
[WiFi] Reconnect attempt timed out.

[WiFi] Starting non-blocking connection to jmc
[DROP-SUMMARY] capture_queue_full=108 processing_pending_full_events=58 processing_pending_full_unique=1 actual_drop_total=108 raw_hold_full=0 spool_write_fail=0 spool_capacity_full=66 spool_corrupt_or_unreadable=0 raw_queue_depth=8 raw_queue_high_water=8 pending_depth=8 pending_high_water=8 raw_hold_depth=0 raw_hold_high_water=1 storage_samples=67 storage_lock_wait_us=9 storage_slot_lookup_us=13460 storage_open_us=0 storage_write_us=0 storage_flush_close_us=0 storage_rename_us=0 storage_total_us=1383639 storage_lock_wait_max_us=9 storage_slot_lookup_max_us=14813 storage_open_max_us=13680 storage_write_max_us=4671 storage_flush_close_max_us=360941 storage_rename_max_us=125515 storage_total_max_us=1945610 storage_total_le_640ms=0 storage_total_641_to_1280ms=0 storage_total_gt_1280ms=67
[WINDOW] Dropped windows=109 (queue overflow; sequence gaps retained)
[RAW-SPOOL-FULL] slot=512 total=2752512 used=2367488 free=385024 need=3133 windowIndex=9.
[PROCESSING-DIAG] pending_full held count=59 bootId=40ddbdc25232fbc238063340f6210d76 windowIndex=9 raw_queue=8 pending=8
[WINDOW] Dropped windows=110 (queue overflow; sequence gaps retained)
[DROP-SUMMARY] capture_queue_full=110 processing_pending_full_events=59 processing_pending_full_unique=1 actual_drop_total=110 raw_hold_full=0 spool_write_fail=0 spool_capacity_full=67 spool_corrupt_or_unreadable=0 raw_queue_depth=8 raw_queue_high_water=8 pending_depth=8 pending_high_water=8 raw_hold_depth=0 raw_hold_high_water=1 storage_samples=68 storage_lock_wait_us=7 storage_slot_lookup_us=13588 storage_open_us=0 storage_write_us=0 storage_flush_close_us=0 storage_rename_us=0 storage_total_us=1519150 storage_lock_wait_max_us=9 storage_slot_lookup_max_us=14813 storage_open_max_us=13680 storage_write_max_us=4671 storage_flush_close_max_us=360941 storage_rename_max_us=125515 storage_total_max_us=1945610 storage_total_le_640ms=0 storage_total_641_to_1280ms=0 storage_total_gt_1280ms=68
[WINDOW] Dropped windows=111 (queue overflow; sequence gaps retained)
[DROP-SUMMARY] capture_queue_full=111 processing_pending_full_events=59 processing_pending_full_unique=1 actual_drop_total=111 raw_hold_full=0 spool_write_fail=0 spool_capacity_full=67 spool_corrupt_or_unreadable=0 raw_queue_depth=8 raw_queue_high_water=8 pending_depth=8 pending_high_water=8 raw_hold_depth=0 raw_hold_high_water=1 storage_samples=68 storage_lock_wait_us=7 storage_slot_lookup_us=13588 storage_open_us=0 storage_write_us=0 storage_flush_close_us=0 storage_rename_us=0 storage_total_us=1519150 storage_lock_wait_max_us=9 storage_slot_lookup_max_us=14813 storage_open_max_us=13680 storage_write_max_us=4671 storage_flush_close_max_us=360941 storage_rename_max_us=125515 storage_total_max_us=1945610 storage_total_le_640ms=0 storage_total_641_to_1280ms=0 storage_total_gt_1280ms=68
[WINDOW] Dropped windows=112 (queue overflow; sequence gaps retained)
[RAW-SPOOL-FULL] slot=512 total=2752512 used=2367488 free=385024 need=3133 windowIndex=9.
[PROCESSING-DIAG] pending_full held count=60 bootId=40ddbdc25232fbc238063340f6210d76 windowIndex=9 raw_queue=8 pending=8
[WINDOW] Dropped windows=113 (queue overflow; sequence gaps retained)
[DROP-SUMMARY] capture_queue_full=113 processing_pending_full_events=60 processing_pending_full_unique=1 actual_drop_total=113 raw_hold_full=0 spool_write_fail=0 spool_capacity_full=68 spool_corrupt_or_unreadable=0 raw_queue_depth=8 raw_queue_high_water=8 pending_depth=8 pending_high_water=8 raw_hold_depth=0 raw_hold_high_water=1 storage_samples=69 storage_lock_wait_us=8 storage_slot_lookup_us=14923 storage_open_us=0 storage_write_us=0 storage_flush_close_us=0 storage_rename_us=0 storage_total_us=1468400 storage_lock_wait_max_us=9 storage_slot_lookup_max_us=14923 storage_open_max_us=13680 storage_write_max_us=4671 storage_flush_close_max_us=360941 storage_rename_max_us=125515 storage_total_max_us=1945610 storage_total_le_640ms=0 storage_total_641_to_1280ms=0 storage_total_gt_1280ms=69
[WINDOW] Dropped windows=114 (queue overflow; sequence gaps retained)
[RAW-SPOOL-FULL] slot=512 total=2752512 used=2367488 free=385024 need=3133 windowIndex=9.
[PROCESSING-DIAG] pending_full held count=61 bootId=40ddbdc25232fbc238063340f6210d76 windowIndex=9 raw_queue=8 pending=8
[RAW-DEBUG] samples=512 quality=valid X[min=-251 max=-223 mean=-237.0 rms=237.0] Y[min=47 max=79 mean=64.8 rms=64.8] Z[min=-72 max=-18 mean=-47.6 rms=48.2]
[DROP-SUMMARY] capture_queue_full=114 processing_pending_full_events=61 processing_pending_full_unique=1 actual_drop_total=114 raw_hold_full=0 spool_write_fail=0 spool_capacity_full=69 spool_corrupt_or_unreadable=0 raw_queue_depth=8 raw_queue_high_water=8 pending_depth=8 pending_high_water=8 raw_hold_depth=0 raw_hold_high_water=1 storage_samples=70 storage_lock_wait_us=7 storage_slot_lookup_us=14006 storage_open_us=0 storage_write_us=0 storage_flush_close_us=0 storage_rename_us=0 storage_total_us=1507416 storage_lock_wait_max_us=9 storage_slot_lookup_max_us=14923 storage_open_max_us=13680 storage_write_max_us=4671 storage_flush_close_max_us=360941 storage_rename_max_us=125515 storage_total_max_us=1945610 storage_total_le_640ms=0 storage_total_641_to_1280ms=0 storage_total_gt_1280ms=70
[WINDOW] Dropped windows=115 (queue overflow; sequence gaps retained)
[RAW-SPOOL-FULL] slot=512 total=2752512 used=2367488 free=385024 need=3133 windowIndex=9.
[DROP-SUMMARY] capture_queue_full=115 processing_pending_full_events=61 processing_pending_full_unique=1 actual_drop_total=115 raw_hold_full=0 spool_write_fail=0 spool_capacity_full=70 spool_corrupt_or_unreadable=0 raw_queue_depth=8 raw_queue_high_water=8 pending_depth=8 pending_high_water=8 raw_hold_depth=0 raw_hold_high_water=1 storage_samples=71 storage_lock_wait_us=7 storage_slot_lookup_us=14853 storage_open_us=0 storage_write_us=0 storage_flush_close_us=0 storage_rename_us=0 storage_total_us=1391825 storage_lock_wait_max_us=9 storage_slot_lookup_max_us=14923 storage_open_max_us=13680 storage_write_max_us=4671 storage_flush_close_max_us=360941 storage_rename_max_us=125515 storage_total_max_us=1945610 storage_total_le_640ms=0 storage_total_641_to_1280ms=0 storage_total_gt_1280ms=71
[PROCESSING-DIAG] pending_full held count=62 bootId=40ddbdc25232fbc238063340f6210d76 windowIndex=9 raw_queue=8 pending=8
[AUDIO] Requested synchronized window was overwritten.
[WINDOW] Dropped windows=116 (queue overflow; sequence gaps retained)
[WINDOW] Dropped windows=117 (queue overflow; sequence gaps retained)
[DROP-SUMMARY] capture_queue_full=117 processing_pending_full_events=62 processing_pending_full_unique=1 actual_drop_total=117 raw_hold_full=0 spool_write_fail=0 spool_capacity_full=70 spool_corrupt_or_unreadable=0 raw_queue_depth=8 raw_queue_high_water=8 pending_depth=8 pending_high_water=8 raw_hold_depth=0 raw_hold_high_water=1 storage_samples=71 storage_lock_wait_us=7 storage_slot_lookup_us=14853 storage_open_us=0 storage_write_us=0 storage_flush_close_us=0 storage_rename_us=0 storage_total_us=1391825 storage_lock_wait_max_us=9 storage_slot_lookup_max_us=14923 storage_open_max_us=13680 storage_write_max_us=4671 storage_flush_close_max_us=360941 storage_rename_max_us=125515 storage_total_max_us=1945610 storage_total_le_640ms=0 storage_total_641_to_1280ms=0 storage_total_gt_1280ms=71
[WINDOW] Dropped windows=118 (queue overflow; sequence gaps retained)
[RAW-SPOOL-FULL] slot=512 total=2752512 used=2367488 free=385024 need=3133 windowIndex=9.
[PROCESSING-DIAG] pending_full held count=63 bootId=40ddbdc25232fbc238063340f6210d76 windowIndex=9 raw_queue=8 pending=8
[DROP-SUMMARY] capture_queue_full=118 processing_pending_full_events=63 processing_pending_full_unique=1 actual_drop_total=118 raw_hold_full=0 spool_write_fail=0 spool_capacity_full=71 spool_corrupt_or_unreadable=0 raw_queue_depth=8 raw_queue_high_water=8 pending_depth=8 pending_high_water=8 raw_hold_depth=0 raw_hold_high_water=1 storage_samples=72 storage_lock_wait_us=7 storage_slot_lookup_us=13471 storage_open_us=0 storage_write_us=0 storage_flush_close_us=0 storage_rename_us=0 storage_total_us=1503438 storage_lock_wait_max_us=9 storage_slot_lookup_max_us=14923 storage_open_max_us=13680 storage_write_max_us=4671 storage_flush_close_max_us=360941 storage_rename_max_us=125515 storage_total_max_us=1945610 storage_total_le_640ms=0 storage_total_641_to_1280ms=0 storage_total_gt_1280ms=72
[WINDOW] Dropped windows=119 (queue overflow; sequence gaps retained)
[WINDOW] Dropped windows=120 (queue overflow; sequence gaps retained)
[DROP-SUMMARY] capture_queue_full=120 processing_pending_full_events=63 processing_pending_full_unique=1 actual_drop_total=120 raw_hold_full=0 spool_write_fail=0 spool_capacity_full=71 spool_corrupt_or_unreadable=0 raw_queue_depth=8 raw_queue_high_water=8 pending_depth=8 pending_high_water=8 raw_hold_depth=0 raw_hold_high_water=1 storage_samples=72 storage_lock_wait_us=7 storage_slot_lookup_us=13471 storage_open_us=0 storage_write_us=0 storage_flush_close_us=0 storage_rename_us=0 storage_total_us=1503438 storage_lock_wait_max_us=9 storage_slot_lookup_max_us=14923 storage_open_max_us=13680 storage_write_max_us=4671 storage_flush_close_max_us=360941 storage_rename_max_us=125515 storage_total_max_us=1945610 storage_total_le_640ms=0 storage_total_641_to_1280ms=0 storage_total_gt_1280ms=72
[RAW-SPOOL-FULL] slot=512 total=2752512 used=2367488 free=385024 need=3133 windowIndex=9.
[PROCESSING-DIAG] pending_full held count=64 bootId=40ddbdc25232fbc238063340f6210d76 windowIndex=9 raw_queue=8 pending=8
[WINDOW] Dropped windows=121 (queue overflow; sequence gaps retained)
[DROP-SUMMARY] capture_queue_full=121 processing_pending_full_events=64 processing_pending_full_unique=1 actual_drop_total=121 raw_hold_full=0 spool_write_fail=0 spool_capacity_full=72 spool_corrupt_or_unreadable=0 raw_queue_depth=8 raw_queue_high_water=8 pending_depth=8 pending_high_water=8 raw_hold_depth=0 raw_hold_high_water=1 storage_samples=73 storage_lock_wait_us=7 storage_slot_lookup_us=13425 storage_open_us=0 storage_write_us=0 storage_flush_close_us=0 storage_rename_us=0 storage_total_us=1503698 storage_lock_wait_max_us=9 storage_slot_lookup_max_us=14923 storage_open_max_us=13680 storage_write_max_us=4671 storage_flush_close_max_us=360941 storage_rename_max_us=125515 storage_total_max_us=1945610 storage_total_le_640ms=0 storage_total_641_to_1280ms=0 storage_total_gt_1280ms=73
[WINDOW] Dropped windows=122 (queue overflow; sequence gaps retained)
[WiFi] Reconnect attempt timed out.

[WiFi] Starting non-blocking connection to jmc
[RAW-SPOOL-FULL] slot=512 total=2752512 used=2367488 free=385024 need=3133 windowIndex=9.
[PROCESSING-DIAG] pending_full held count=65 bootId=40ddbdc25232fbc238063340f6210d76 windowIndex=9 raw_queue=8 pending=8
[DROP-SUMMARY] capture_queue_full=122 processing_pending_full_events=65 processing_pending_full_unique=1 actual_drop_total=122 raw_hold_full=0 spool_write_fail=0 spool_capacity_full=73 spool_corrupt_or_unreadable=0 raw_queue_depth=8 raw_queue_high_water=8 pending_depth=8 pending_high_water=8 raw_hold_depth=0 raw_hold_high_water=1 storage_samples=74 storage_lock_wait_us=7 storage_slot_lookup_us=13565 storage_open_us=0 storage_write_us=0 storage_flush_close_us=0 storage_rename_us=0 storage_total_us=1434385 storage_lock_wait_max_us=9 storage_slot_lookup_max_us=14923 storage_open_max_us=13680 storage_write_max_us=4671 storage_flush_close_max_us=360941 storage_rename_max_us=125515 storage_total_max_us=1945610 storage_total_le_640ms=0 storage_total_641_to_1280ms=0 storage_total_gt_1280ms=74
[AUDIO] Requested synchronized window was overwritten.
[WINDOW] Dropped windows=123 (queue overflow; sequence gaps retained)
[WINDOW] Dropped windows=124 (queue overflow; sequence gaps retained)
[DROP-SUMMARY] capture_queue_full=124 processing_pending_full_events=65 processing_pending_full_unique=1 actual_drop_total=124 raw_hold_full=0 spool_write_fail=0 spool_capacity_full=73 spool_corrupt_or_unreadable=0 raw_queue_depth=8 raw_queue_high_water=8 pending_depth=8 pending_high_water=8 raw_hold_depth=0 raw_hold_high_water=1 storage_samples=74 storage_lock_wait_us=7 storage_slot_lookup_us=13565 storage_open_us=0 storage_write_us=0 storage_flush_close_us=0 storage_rename_us=0 storage_total_us=1434385 storage_lock_wait_max_us=9 storage_slot_lookup_max_us=14923 storage_open_max_us=13680 storage_write_max_us=4671 storage_flush_close_max_us=360941 storage_rename_max_us=125515 storage_total_max_us=1945610 storage_total_le_640ms=0 storage_total_641_to_1280ms=0 storage_total_gt_1280ms=74
[RAW-SPOOL-FULL] slot=512 total=2752512 used=2367488 free=385024 need=3133 windowIndex=9.
[PROCESSING-DIAG] pending_full held count=66 bootId=40ddbdc25232fbc238063340f6210d76 windowIndex=9 raw_queue=8 pending=8
[WINDOW] Dropped windows=125 (queue overflow; sequence gaps retained)
[DROP-SUMMARY] capture_queue_full=125 processing_pending_full_events=66 processing_pending_full_unique=1 actual_drop_total=125 raw_hold_full=0 spool_write_fail=0 spool_capacity_full=74 spool_corrupt_or_unreadable=0 raw_queue_depth=8 raw_queue_high_water=8 pending_depth=8 pending_high_water=8 raw_hold_depth=0 raw_hold_high_water=1 storage_samples=75 storage_lock_wait_us=7 storage_slot_lookup_us=13523 storage_open_us=0 storage_write_us=0 storage_flush_close_us=0 storage_rename_us=0 storage_total_us=1499132 storage_lock_wait_max_us=9 storage_slot_lookup_max_us=14923 storage_open_max_us=13680 storage_write_max_us=4671 storage_flush_close_max_us=360941 storage_rename_max_us=125515 storage_total_max_us=1945610 storage_total_le_640ms=0 storage_total_641_to_1280ms=0 storage_total_gt_1280ms=75
[WINDOW] Dropped windows=126 (queue overflow; sequence gaps retained)
[RAW-SPOOL-FULL] slot=512 total=2752512 used=2367488 free=385024 need=3133 windowIndex=9.
[PROCESSING-DIAG] pending_full held count=67 bootId=40ddbdc25232fbc238063340f6210d76 windowIndex=9 raw_queue=8 pending=8
[WINDOW] Dropped windows=127 (queue overflow; sequence gaps retained)
[DROP-SUMMARY] capture_queue_full=127 processing_pending_full_events=67 processing_pending_full_unique=1 actual_drop_total=127 raw_hold_full=0 spool_write_fail=0 spool_capacity_full=75 spool_corrupt_or_unreadable=0 raw_queue_depth=8 raw_queue_high_water=8 pending_depth=8 pending_high_water=8 raw_hold_depth=0 raw_hold_high_water=1 storage_samples=76 storage_lock_wait_us=6 storage_slot_lookup_us=13523 storage_open_us=0 storage_write_us=0 storage_flush_close_us=0 storage_rename_us=0 storage_total_us=1514050 storage_lock_wait_max_us=9 storage_slot_lookup_max_us=14923 storage_open_max_us=13680 storage_write_max_us=4671 storage_flush_close_max_us=360941 storage_rename_max_us=125515 storage_total_max_us=1945610 storage_total_le_640ms=0 storage_total_641_to_1280ms=0 storage_total_gt_1280ms=76
[WINDOW] Dropped windows=128 (queue overflow; sequence gaps retained)
[DROP-SUMMARY] capture_queue_full=128 processing_pending_full_events=67 processing_pending_full_unique=1 actual_drop_total=128 raw_hold_full=0 spool_write_fail=0 spool_capacity_full=75 spool_corrupt_or_unreadable=0 raw_queue_depth=8 raw_queue_high_water=8 pending_depth=8 pending_high_water=8 raw_hold_depth=0 raw_hold_high_water=1 storage_samples=76 storage_lock_wait_us=6 storage_slot_lookup_us=13523 storage_open_us=0 storage_write_us=0 storage_flush_close_us=0 storage_rename_us=0 storage_total_us=1514050 storage_lock_wait_max_us=9 storage_slot_lookup_max_us=14923 storage_open_max_us=13680 storage_write_max_us=4671 storage_flush_close_max_us=360941 storage_rename_max_us=125515 storage_total_max_us=1945610 storage_total_le_640ms=0 storage_total_641_to_1280ms=0 storage_total_gt_1280ms=76
[WINDOW] Dropped windows=129 (queue overflow; sequence gaps retained)
[RAW-SPOOL-FULL] slot=512 total=2752512 used=2367488 free=385024 need=3133 windowIndex=9.
[PROCESSING-DIAG] pending_full held count=68 bootId=40ddbdc25232fbc238063340f6210d76 windowIndex=9 raw_queue=8 pending=8
[WINDOW] Dropped windows=130 (queue overflow; sequence gaps retained)
[DROP-SUMMARY] capture_queue_full=130 processing_pending_full_events=68 processing_pending_full_unique=1 actual_drop_total=130 raw_hold_full=0 spool_write_fail=0 spool_capacity_full=76 spool_corrupt_or_unreadable=0 raw_queue_depth=8 raw_queue_high_water=8 pending_depth=8 pending_high_water=8 raw_hold_depth=0 raw_hold_high_water=1 storage_samples=77 storage_lock_wait_us=7 storage_slot_lookup_us=13456 storage_open_us=0 storage_write_us=0 storage_flush_close_us=0 storage_rename_us=0 storage_total_us=1488391 storage_lock_wait_max_us=9 storage_slot_lookup_max_us=14923 storage_open_max_us=13680 storage_write_max_us=4671 storage_flush_close_max_us=360941 storage_rename_max_us=125515 storage_total_max_us=1945610 storage_total_le_640ms=0 storage_total_641_to_1280ms=0 storage_total_gt_1280ms=77
[WINDOW] Dropped windows=131 (queue overflow; sequence gaps retained)
[DROP-SUMMARY] capture_queue_full=131 processing_pending_full_events=68 processing_pending_full_unique=1 actual_drop_total=131 raw_hold_full=0 spool_write_fail=0 spool_capacity_full=76 spool_corrupt_or_unreadable=0 raw_queue_depth=8 raw_queue_high_water=8 pending_depth=8 pending_high_water=8 raw_hold_depth=0 raw_hold_high_water=1 storage_samples=77 storage_lock_wait_us=7 storage_slot_lookup_us=13456 storage_open_us=0 storage_write_us=0 storage_flush_close_us=0 storage_rename_us=0 storage_total_us=1488391 storage_lock_wait_max_us=9 storage_slot_lookup_max_us=14923 storage_open_max_us=13680 storage_write_max_us=4671 storage_flush_close_max_us=360941 storage_rename_max_us=125515 storage_total_max_us=1945610 storage_total_le_640ms=0 storage_total_641_to_1280ms=0 storage_total_gt_1280ms=77
[RAW-SPOOL-FULL] slot=512 total=2752512 used=2367488 free=385024 need=3133 windowIndex=9.
[PROCESSING-DIAG] pending_full held count=69 bootId=40ddbdc25232fbc238063340f6210d76 windowIndex=9 raw_queue=8 pending=8
[WINDOW] Dropped windows=132 (queue overflow; sequence gaps retained)
[RAW-SPOOL-FULL] slot=512 total=2752512 used=2367488 free=385024 need=3133 windowIndex=9.
[DROP-SUMMARY] capture_queue_full=132 processing_pending_full_events=69 processing_pending_full_unique=1 actual_drop_total=132 raw_hold_full=0 spool_write_fail=0 spool_capacity_full=78 spool_corrupt_or_unreadable=0 raw_queue_depth=8 raw_queue_high_water=8 pending_depth=8 pending_high_water=8 raw_hold_depth=0 raw_hold_high_water=1 storage_samples=79 storage_lock_wait_us=6 storage_slot_lookup_us=13427 storage_open_us=0 storage_write_us=0 storage_flush_close_us=0 storage_rename_us=0 storage_total_us=1404994 storage_lock_wait_max_us=9 storage_slot_lookup_max_us=14923 storage_open_max_us=13680 storage_write_max_us=4671 storage_flush_close_max_us=360941 storage_rename_max_us=125515 storage_total_max_us=1945610 storage_total_le_640ms=0 storage_total_641_to_1280ms=0 storage_total_gt_1280ms=79
[AUDIO] Requested synchronized window was overwritten.
[PROCESSING-DIAG] pending_full held count=70 bootId=40ddbdc25232fbc238063340f6210d76 windowIndex=9 raw_queue=8 pending=8
[WINDOW] Dropped windows=133 (queue overflow; sequence gaps retained)
[WINDOW] Dropped windows=134 (queue overflow; sequence gaps retained)
[DROP-SUMMARY] capture_queue_full=134 processing_pending_full_events=70 processing_pending_full_unique=1 actual_drop_total=134 raw_hold_full=0 spool_write_fail=0 spool_capacity_full=78 spool_corrupt_or_unreadable=0 raw_queue_depth=8 raw_queue_high_water=8 pending_depth=8 pending_high_water=8 raw_hold_depth=0 raw_hold_high_water=1 storage_samples=79 storage_lock_wait_us=6 storage_slot_lookup_us=13427 storage_open_us=0 storage_write_us=0 storage_flush_close_us=0 storage_rename_us=0 storage_total_us=1404994 storage_lock_wait_max_us=9 storage_slot_lookup_max_us=14923 storage_open_max_us=13680 storage_write_max_us=4671 storage_flush_close_max_us=360941 storage_rename_max_us=125515 storage_total_max_us=1945610 storage_total_le_640ms=0 storage_total_641_to_1280ms=0 storage_total_gt_1280ms=79
[WINDOW] Dropped windows=135 (queue overflow; sequence gaps retained)
[RAW-SPOOL-FULL] slot=512 total=2752512 used=2367488 free=385024 need=3133 windowIndex=9.
[PROCESSING-DIAG] pending_full held count=71 bootId=40ddbdc25232fbc238063340f6210d76 windowIndex=9 raw_queue=8 pending=8
[RAW-DEBUG] samples=512 quality=valid X[min=-251 max=-223 mean=-237.0 rms=237.0] Y[min=47 max=79 mean=64.8 rms=64.8] Z[min=-72 max=-18 mean=-47.6 rms=48.2]
[DROP-SUMMARY] capture_queue_full=135 processing_pending_full_events=71 processing_pending_full_unique=1 actual_drop_total=135 raw_hold_full=0 spool_write_fail=0 spool_capacity_full=79 spool_corrupt_or_unreadable=0 raw_queue_depth=8 raw_queue_high_water=8 pending_depth=8 pending_high_water=8 raw_hold_depth=0 raw_hold_high_water=1 storage_samples=80 storage_lock_wait_us=9 storage_slot_lookup_us=13585 storage_open_us=0 storage_write_us=0 storage_flush_close_us=0 storage_rename_us=0 storage_total_us=1501191 storage_lock_wait_max_us=9 storage_slot_lookup_max_us=14923 storage_open_max_us=13680 storage_write_max_us=4671 storage_flush_close_max_us=360941 storage_rename_max_us=125515 storage_total_max_us=1945610 storage_total_le_640ms=0 storage_total_641_to_1280ms=0 storage_total_gt_1280ms=80
[WINDOW] Dropped windows=136 (queue overflow; sequence gaps retained)
[WiFi] Reconnect attempt timed out.

[WiFi] Starting non-blocking connection to jmc
[RAW-SPOOL-FULL] slot=512 total=2752512 used=2367488 free=385024 need=3133 windowIndex=9.
[DROP-SUMMARY] capture_queue_full=136 processing_pending_full_events=71 processing_pending_full_unique=1 actual_drop_total=136 raw_hold_full=0 spool_write_fail=0 spool_capacity_full=80 spool_corrupt_or_unreadable=0 raw_queue_depth=8 raw_queue_high_water=8 pending_depth=8 pending_high_water=8 raw_hold_depth=0 raw_hold_high_water=1 storage_samples=81 storage_lock_wait_us=7 storage_slot_lookup_us=13589 storage_open_us=0 storage_write_us=0 storage_flush_close_us=0 storage_rename_us=0 storage_total_us=1343990 storage_lock_wait_max_us=9 storage_slot_lookup_max_us=14923 storage_open_max_us=13680 storage_write_max_us=4671 storage_flush_close_max_us=360941 storage_rename_max_us=125515 storage_total_max_us=1945610 storage_total_le_640ms=0 storage_total_641_to_1280ms=0 storage_total_gt_1280ms=81
[PROCESSING-DIAG] pending_full held count=72 bootId=40ddbdc25232fbc238063340f6210d76 windowIndex=9 raw_queue=8 pending=8
[AUDIO] Requested synchronized window was overwritten.
[WINDOW] Dropped windows=137 (queue overflow; sequence gaps retained)
[DROP-SUMMARY] capture_queue_full=137 processing_pending_full_events=72 processing_pending_full_unique=1 actual_drop_total=137 raw_hold_full=0 spool_write_fail=0 spool_capacity_full=80 spool_corrupt_or_unreadable=0 raw_queue_depth=8 raw_queue_high_water=8 pending_depth=8 pending_high_water=8 raw_hold_depth=0 raw_hold_high_water=1 storage_samples=81 storage_lock_wait_us=7 storage_slot_lookup_us=13589 storage_open_us=0 storage_write_us=0 storage_flush_close_us=0 storage_rename_us=0 storage_total_us=1343990 storage_lock_wait_max_us=9 storage_slot_lookup_max_us=14923 storage_open_max_us=13680 storage_write_max_us=4671 storage_flush_close_max_us=360941 storage_rename_max_us=125515 storage_total_max_us=1945610 storage_total_le_640ms=0 storage_total_641_to_1280ms=0 storage_total_gt_1280ms=81
[WINDOW] Dropped windows=138 (queue overflow; sequence gaps retained)
[RAW-SPOOL-FULL] slot=512 total=2752512 used=2367488 free=385024 need=3133 windowIndex=9.
[PROCESSING-DIAG] pending_full held count=73 bootId=40ddbdc25232fbc238063340f6210d76 windowIndex=9 raw_queue=8 pending=8
[WINDOW] Dropped windows=139 (queue overflow; sequence gaps retained)
[DROP-SUMMARY] capture_queue_full=139 processing_pending_full_events=73 processing_pending_full_unique=1 actual_drop_total=139 raw_hold_full=0 spool_write_fail=0 spool_capacity_full=81 spool_corrupt_or_unreadable=0 raw_queue_depth=8 raw_queue_high_water=8 pending_depth=8 pending_high_water=8 raw_hold_depth=0 raw_hold_high_water=1 storage_samples=82 storage_lock_wait_us=9 storage_slot_lookup_us=13439 storage_open_us=0 storage_write_us=0 storage_flush_close_us=0 storage_rename_us=0 storage_total_us=1500127 storage_lock_wait_max_us=9 storage_slot_lookup_max_us=14923 storage_open_max_us=13680 storage_write_max_us=4671 storage_flush_close_max_us=360941 storage_rename_max_us=125515 storage_total_max_us=1945610 storage_total_le_640ms=0 storage_total_641_to_1280ms=0 storage_total_gt_1280ms=82
[RAW-SPOOL-FULL] slot=512 total=2752512 used=2367488 free=385024 need=3133 windowIndex=9.
[DROP-SUMMARY] capture_queue_full=139 processing_pending_full_events=73 processing_pending_full_unique=1 actual_drop_total=139 raw_hold_full=0 spool_write_fail=0 spool_capacity_full=82 spool_corrupt_or_unreadable=0 raw_queue_depth=8 raw_queue_high_water=8 pending_depth=8 pending_high_water=8 raw_hold_depth=0 raw_hold_high_water=1 storage_samples=83 storage_lock_wait_us=8 storage_slot_lookup_us=13464 storage_open_us=0 storage_write_us=0 storage_flush_close_us=0 storage_rename_us=0 storage_total_us=1383474 storage_lock_wait_max_us=9 storage_slot_lookup_max_us=14923 storage_open_max_us=13680 storage_write_max_us=4671 storage_flush_close_max_us=360941 storage_rename_max_us=125515 storage_total_max_us=1945610 storage_total_le_640ms=0 storage_total_641_to_1280ms=0 storage_total_gt_1280ms=83
[PROCESSING-DIAG] pending_full held count=74 bootId=40ddbdc25232fbc238063340f6210d76 windowIndex=9 raw_queue=8 pending=8
[AUDIO] Requested synchronized window was overwritten.
[WINDOW] Dropped windows=140 (queue overflow; sequence gaps retained)
[WINDOW] Dropped windows=141 (queue overflow; sequence gaps retained)
[DROP-SUMMARY] capture_queue_full=141 processing_pending_full_events=74 processing_pending_full_unique=1 actual_drop_total=141 raw_hold_full=0 spool_write_fail=0 spool_capacity_full=82 spool_corrupt_or_unreadable=0 raw_queue_depth=8 raw_queue_high_water=8 pending_depth=8 pending_high_water=8 raw_hold_depth=0 raw_hold_high_water=1 storage_samples=83 storage_lock_wait_us=8 storage_slot_lookup_us=13464 storage_open_us=0 storage_write_us=0 storage_flush_close_us=0 storage_rename_us=0 storage_total_us=1383474 storage_lock_wait_max_us=9 storage_slot_lookup_max_us=14923 storage_open_max_us=13680 storage_write_max_us=4671 storage_flush_close_max_us=360941 storage_rename_max_us=125515 storage_total_max_us=1945610 storage_total_le_640ms=0 storage_total_641_to_1280ms=0 storage_total_gt_1280ms=83
[WINDOW] Dropped windows=142 (queue overflow; sequence gaps retained)
[RAW-SPOOL-FULL] slot=512 total=2752512 used=2367488 free=385024 need=3133 windowIndex=9.
[PROCESSING-DIAG] pending_full held count=75 bootId=40ddbdc25232fbc238063340f6210d76 windowIndex=9 raw_queue=8 pending=8
[DROP-SUMMARY] capture_queue_full=142 processing_pending_full_events=75 processing_pending_full_unique=1 actual_drop_total=142 raw_hold_full=0 spool_write_fail=0 spool_capacity_full=83 spool_corrupt_or_unreadable=0 raw_queue_depth=8 raw_queue_high_water=8 pending_depth=8 pending_high_water=8 raw_hold_depth=0 raw_hold_high_water=1 storage_samples=84 storage_lock_wait_us=7 storage_slot_lookup_us=14121 storage_open_us=0 storage_write_us=0 storage_flush_close_us=0 storage_rename_us=0 storage_total_us=1503164 storage_lock_wait_max_us=9 storage_slot_lookup_max_us=14923 storage_open_max_us=13680 storage_write_max_us=4671 storage_flush_close_max_us=360941 storage_rename_max_us=125515 storage_total_max_us=1945610 storage_total_le_640ms=0 storage_total_641_to_1280ms=0 storage_total_gt_1280ms=84
[WINDOW] Dropped windows=143 (queue overflow; sequence gaps retained)
[RAW-SPOOL-FULL] slot=512 total=2752512 used=2367488 free=385024 need=3133 windowIndex=9.
[DROP-SUMMARY] capture_queue_full=143 processing_pending_full_events=75 processing_pending_full_unique=1 actual_drop_total=143 raw_hold_full=0 spool_write_fail=0 spool_capacity_full=84 spool_corrupt_or_unreadable=0 raw_queue_depth=8 raw_queue_high_water=8 pending_depth=8 pending_high_water=8 raw_hold_depth=0 raw_hold_high_water=1 storage_samples=85 storage_lock_wait_us=7 storage_slot_lookup_us=13577 storage_open_us=0 storage_write_us=0 storage_flush_close_us=0 storage_rename_us=0 storage_total_us=1383708 storage_lock_wait_max_us=9 storage_slot_lookup_max_us=14923 storage_open_max_us=13680 storage_write_max_us=4671 storage_flush_close_max_us=360941 storage_rename_max_us=125515 storage_total_max_us=1945610 storage_total_le_640ms=0 storage_total_641_to_1280ms=0 storage_total_gt_1280ms=85
[PROCESSING-DIAG] pending_full held count=76 bootId=40ddbdc25232fbc238063340f6210d76 windowIndex=9 raw_queue=8 pending=8
[AUDIO] Requested synchronized window was overwritten.
[WINDOW] Dropped windows=144 (queue overflow; sequence gaps retained)
[DROP-SUMMARY] capture_queue_full=144 processing_pending_full_events=76 processing_pending_full_unique=1 actual_drop_total=144 raw_hold_full=0 spool_write_fail=0 spool_capacity_full=84 spool_corrupt_or_unreadable=0 raw_queue_depth=8 raw_queue_high_water=8 pending_depth=8 pending_high_water=8 raw_hold_depth=0 raw_hold_high_water=1 storage_samples=85 storage_lock_wait_us=7 storage_slot_lookup_us=13577 storage_open_us=0 storage_write_us=0 storage_flush_close_us=0 storage_rename_us=0 storage_total_us=1383708 storage_lock_wait_max_us=9 storage_slot_lookup_max_us=14923 storage_open_max_us=13680 storage_write_max_us=4671 storage_flush_close_max_us=360941 storage_rename_max_us=125515 storage_total_max_us=1945610 storage_total_le_640ms=0 storage_total_641_to_1280ms=0 storage_total_gt_1280ms=85
[WINDOW] Dropped windows=145 (queue overflow; sequence gaps retained)
[RAW-SPOOL-FULL] slot=512 total=2752512 used=2367488 free=385024 need=3133 windowIndex=9.
[PROCESSING-DIAG] pending_full held count=77 bootId=40ddbdc25232fbc238063340f6210d76 windowIndex=9 raw_queue=8 pending=8
[WINDOW] Dropped windows=146 (queue overflow; sequence gaps retained)
[DROP-SUMMARY] capture_queue_full=146 processing_pending_full_events=77 processing_pending_full_unique=1 actual_drop_total=146 raw_hold_full=0 spool_write_fail=0 spool_capacity_full=85 spool_corrupt_or_unreadable=0 raw_queue_depth=8 raw_queue_high_water=8 pending_depth=8 pending_high_water=8 raw_hold_depth=0 raw_hold_high_water=1 storage_samples=86 storage_lock_wait_us=8 storage_slot_lookup_us=13415 storage_open_us=0 storage_write_us=0 storage_flush_close_us=0 storage_rename_us=0 storage_total_us=1501676 storage_lock_wait_max_us=9 storage_slot_lookup_max_us=14923 storage_open_max_us=13680 storage_write_max_us=4671 storage_flush_close_max_us=360941 storage_rename_max_us=125515 storage_total_max_us=1945610 storage_total_le_640ms=0 storage_total_641_to_1280ms=0 storage_total_gt_1280ms=86
[RAW-SPOOL-FULL] slot=512 total=2752512 used=2367488 free=385024 need=3133 windowIndex=9.
[DROP-SUMMARY] capture_queue_full=146 processing_pending_full_events=77 processing_pending_full_unique=1 actual_drop_total=146 raw_hold_full=0 spool_write_fail=0 spool_capacity_full=86 spool_corrupt_or_unreadable=0 raw_queue_depth=8 raw_queue_high_water=8 pending_depth=8 pending_high_water=8 raw_hold_depth=0 raw_hold_high_water=1 storage_samples=87 storage_lock_wait_us=7 storage_slot_lookup_us=13575 storage_open_us=0 storage_write_us=0 storage_flush_close_us=0 storage_rename_us=0 storage_total_us=1384481 storage_lock_wait_max_us=9 storage_slot_lookup_max_us=14923 storage_open_max_us=13680 storage_write_max_us=4671 storage_flush_close_max_us=360941 storage_rename_max_us=125515 storage_total_max_us=1945610 storage_total_le_640ms=0 storage_total_641_to_1280ms=0 storage_total_gt_1280ms=87
[PROCESSING-DIAG] pending_full held count=78 bootId=40ddbdc25232fbc238063340f6210d76 windowIndex=9 raw_queue=8 pending=8
[AUDIO] Requested synchronized window was overwritten.
[WINDOW] Dropped windows=147 (queue overflow; sequence gaps retained)
[WiFi] Reconnect attempt timed out.

[WiFi] Starting non-blocking connection to jmc
[RAW-SPOOL-FULL] slot=512 total=2752512 used=2367488 free=385024 need=3133 windowIndex=9.
[DROP-SUMMARY] capture_queue_full=147 processing_pending_full_events=78 processing_pending_full_unique=1 actual_drop_total=147 raw_hold_full=0 spool_write_fail=0 spool_capacity_full=87 spool_corrupt_or_unreadable=0 raw_queue_depth=8 raw_queue_high_water=8 pending_depth=8 pending_high_water=8 raw_hold_depth=0 raw_hold_high_water=1 storage_samples=88 storage_lock_wait_us=7 storage_slot_lookup_us=14307 storage_open_us=0 storage_write_us=0 storage_flush_close_us=0 storage_rename_us=0 storage_total_us=1360222 storage_lock_wait_max_us=9 storage_slot_lookup_max_us=14923 storage_open_max_us=13680 storage_write_max_us=4671 storage_flush_close_max_us=360941 storage_rename_max_us=125515 storage_total_max_us=1945610 storage_total_le_640ms=0 storage_total_641_to_1280ms=0 storage_total_gt_1280ms=88
[PROCESSING-DIAG] pending_full held count=79 bootId=40ddbdc25232fbc238063340f6210d76 windowIndex=9 raw_queue=8 pending=8
[AUDIO] Requested synchronized window was overwritten.
[WINDOW] Dropped windows=148 (queue overflow; sequence gaps retained)
[WINDOW] Dropped windows=149 (queue overflow; sequence gaps retained)
[DROP-SUMMARY] capture_queue_full=149 processing_pending_full_events=79 processing_pending_full_unique=1 actual_drop_total=149 raw_hold_full=0 spool_write_fail=0 spool_capacity_full=87 spool_corrupt_or_unreadable=0 raw_queue_depth=8 raw_queue_high_water=8 pending_depth=8 pending_high_water=8 raw_hold_depth=0 raw_hold_high_water=1 storage_samples=88 storage_lock_wait_us=7 storage_slot_lookup_us=14307 storage_open_us=0 storage_write_us=0 storage_flush_close_us=0 storage_rename_us=0 storage_total_us=1360222 storage_lock_wait_max_us=9 storage_slot_lookup_max_us=14923 storage_open_max_us=13680 storage_write_max_us=4671 storage_flush_close_max_us=360941 storage_rename_max_us=125515 storage_total_max_us=1945610 storage_total_le_640ms=0 storage_total_641_to_1280ms=0 storage_total_gt_1280ms=88
[WINDOW] Dropped windows=150 (queue overflow; sequence gaps retained)
[RAW-SPOOL-FULL] slot=512 total=2752512 used=2367488 free=385024 need=3133 windowIndex=9.
[PROCESSING-DIAG] pending_full held count=80 bootId=40ddbdc25232fbc238063340f6210d76 windowIndex=9 raw_queue=8 pending=8
[DROP-SUMMARY] capture_queue_full=150 processing_pending_full_events=80 processing_pending_full_unique=1 actual_drop_total=150 raw_hold_full=0 spool_write_fail=0 spool_capacity_full=88 spool_corrupt_or_unreadable=0 raw_queue_depth=8 raw_queue_high_water=8 pending_depth=8 pending_high_water=8 raw_hold_depth=0 raw_hold_high_water=1 storage_samples=89 storage_lock_wait_us=8 storage_slot_lookup_us=13619 storage_open_us=0 storage_write_us=0 storage_flush_close_us=0 storage_rename_us=0 storage_total_us=1499420 storage_lock_wait_max_us=9 storage_slot_lookup_max_us=14923 storage_open_max_us=13680 storage_write_max_us=4671 storage_flush_close_max_us=360941 storage_rename_max_us=125515 storage_total_max_us=1945610 storage_total_le_640ms=0 storage_total_641_to_1280ms=0 storage_total_gt_1280ms=89
[WINDOW] Dropped windows=151 (queue overflow; sequence gaps retained)
[RAW-SPOOL-FULL] slot=512 total=2752512 used=2367488 free=385024 need=3133 windowIndex=9.
[DROP-SUMMARY] capture_queue_full=151 processing_pending_full_events=80 processing_pending_full_unique=1 actual_drop_total=151 raw_hold_full=0 spool_write_fail=0 spool_capacity_full=89 spool_corrupt_or_unreadable=0 raw_queue_depth=8 raw_queue_high_water=8 pending_depth=8 pending_high_water=8 raw_hold_depth=0 raw_hold_high_water=1 storage_samples=90 storage_lock_wait_us=7 storage_slot_lookup_us=13554 storage_open_us=0 storage_write_us=0 storage_flush_close_us=0 storage_rename_us=0 storage_total_us=1383011 storage_lock_wait_max_us=9 storage_slot_lookup_max_us=14923 storage_open_max_us=13680 storage_write_max_us=4671 storage_flush_close_max_us=360941 storage_rename_max_us=125515 storage_total_max_us=1945610 storage_total_le_640ms=0 storage_total_641_to_1280ms=0 storage_total_gt_1280ms=90
[PROCESSING-DIAG] pending_full held count=81 bootId=40ddbdc25232fbc238063340f6210d76 windowIndex=9 raw_queue=8 pending=8
[RAW-DEBUG] samples=512 quality=valid X[min=-251 max=-223 mean=-237.0 rms=237.0] Y[min=47 max=79 mean=64.8 rms=64.8] Z[min=-72 max=-18 mean=-47.6 rms=48.2]
[AUDIO] Requested synchronized window was overwritten.
[WINDOW] Dropped windows=152 (queue overflow; sequence gaps retained)
[DROP-SUMMARY] capture_queue_full=152 processing_pending_full_events=81 processing_pending_full_unique=1 actual_drop_total=152 raw_hold_full=0 spool_write_fail=0 spool_capacity_full=89 spool_corrupt_or_unreadable=0 raw_queue_depth=8 raw_queue_high_water=8 pending_depth=8 pending_high_water=8 raw_hold_depth=0 raw_hold_high_water=1 storage_samples=90 storage_lock_wait_us=7 storage_slot_lookup_us=13554 storage_open_us=0 storage_write_us=0 storage_flush_close_us=0 storage_rename_us=0 storage_total_us=1383011 storage_lock_wait_max_us=9 storage_slot_lookup_max_us=14923 storage_open_max_us=13680 storage_write_max_us=4671 storage_flush_close_max_us=360941 storage_rename_max_us=125515 storage_total_max_us=1945610 storage_total_le_640ms=0 storage_total_641_to_1280ms=0 storage_total_gt_1280ms=90
[WINDOW] Dropped windows=153 (queue overflow; sequence gaps retained)
[RAW-SPOOL-FULL] slot=512 total=2752512 used=2367488 free=385024 need=3133 windowIndex=9.
[PROCESSING-DIAG] pending_full held count=82 bootId=40ddbdc25232fbc238063340f6210d76 windowIndex=9 raw_queue=8 pending=8
[WINDOW] Dropped windows=154 (queue overflow; sequence gaps retained)
[DROP-SUMMARY] capture_queue_full=154 processing_pending_full_events=82 processing_pending_full_unique=1 actual_drop_total=154 raw_hold_full=0 spool_write_fail=0 spool_capacity_full=90 spool_corrupt_or_unreadable=0 raw_queue_depth=8 raw_queue_high_water=8 pending_depth=8 pending_high_water=8 raw_hold_depth=0 raw_hold_high_water=1 storage_samples=91 storage_lock_wait_us=7 storage_slot_lookup_us=13573 storage_open_us=0 storage_write_us=0 storage_flush_close_us=0 storage_rename_us=0 storage_total_us=1495301 storage_lock_wait_max_us=9 storage_slot_lookup_max_us=14923 storage_open_max_us=13680 storage_write_max_us=4671 storage_flush_close_max_us=360941 storage_rename_max_us=125515 storage_total_max_us=1945610 storage_total_le_640ms=0 storage_total_641_to_1280ms=0 storage_total_gt_1280ms=91
[WINDOW] Dropped windows=155 (queue overflow; sequence gaps retained)
[RAW-SPOOL-FULL] slot=512 total=2752512 used=2367488 free=385024 need=3133 windowIndex=9.
[DROP-SUMMARY] capture_queue_full=155 processing_pending_full_events=82 processing_pending_full_unique=1 actual_drop_total=155 raw_hold_full=0 spool_write_fail=0 spool_capacity_full=91 spool_corrupt_or_unreadable=0 raw_queue_depth=8 raw_queue_high_water=8 pending_depth=8 pending_high_water=8 raw_hold_depth=0 raw_hold_high_water=1 storage_samples=92 storage_lock_wait_us=7 storage_slot_lookup_us=13435 storage_open_us=0 storage_write_us=0 storage_flush_close_us=0 storage_rename_us=0 storage_total_us=1381210 storage_lock_wait_max_us=9 storage_slot_lookup_max_us=14923 storage_open_max_us=13680 storage_write_max_us=4671 storage_flush_close_max_us=360941 storage_rename_max_us=125515 storage_total_max_us=1945610 storage_total_le_640ms=0 storage_total_641_to_1280ms=0 storage_total_gt_1280ms=92
[PROCESSING-DIAG] pending_full held count=83 bootId=40ddbdc25232fbc238063340f6210d76 windowIndex=9 raw_queue=8 pending=8
[WINDOW] Dropped windows=156 (queue overflow; sequence gaps retained)
[DROP-SUMMARY] capture_queue_full=156 processing_pending_full_events=83 processing_pending_full_unique=1 actual_drop_total=156 raw_hold_full=0 spool_write_fail=0 spool_capacity_full=91 spool_corrupt_or_unreadable=0 raw_queue_depth=8 raw_queue_high_water=8 pending_depth=8 pending_high_water=8 raw_hold_depth=0 raw_hold_high_water=1 storage_samples=92 storage_lock_wait_us=7 storage_slot_lookup_us=13435 storage_open_us=0 storage_write_us=0 storage_flush_close_us=0 storage_rename_us=0 storage_total_us=1381210 storage_lock_wait_max_us=9 storage_slot_lookup_max_us=14923 storage_open_max_us=13680 storage_write_max_us=4671 storage_flush_close_max_us=360941 storage_rename_max_us=125515 storage_total_max_us=1945610 storage_total_le_640ms=0 storage_total_641_to_1280ms=0 storage_total_gt_1280ms=92
[WINDOW] Dropped windows=157 (queue overflow; sequence gaps retained)
[RAW-SPOOL-FULL] slot=512 total=2752512 used=2367488 free=385024 need=3133 windowIndex=9.
[PROCESSING-DIAG] pending_full held count=84 bootId=40ddbdc25232fbc238063340f6210d76 windowIndex=9 raw_queue=8 pending=8
[DROP-SUMMARY] capture_queue_full=157 processing_pending_full_events=84 processing_pending_full_unique=1 actual_drop_total=157 raw_hold_full=0 spool_write_fail=0 spool_capacity_full=92 spool_corrupt_or_unreadable=0 raw_queue_depth=8 raw_queue_high_water=8 pending_depth=8 pending_high_water=8 raw_hold_depth=0 raw_hold_high_water=1 storage_samples=93 storage_lock_wait_us=7 storage_slot_lookup_us=13552 storage_open_us=0 storage_write_us=0 storage_flush_close_us=0 storage_rename_us=0 storage_total_us=1496550 storage_lock_wait_max_us=9 storage_slot_lookup_max_us=14923 storage_open_max_us=13680 storage_write_max_us=4671 storage_flush_close_max_us=360941 storage_rename_max_us=125515 storage_total_max_us=1945610 storage_total_le_640ms=0 storage_total_641_to_1280ms=0 storage_total_gt_1280ms=93
[WINDOW] Dropped windows=158 (queue overflow; sequence gaps retained)
[RAW-SPOOL-FULL] slot=512 total=2752512 used=2367488 free=385024 need=3133 windowIndex=9.
[DROP-SUMMARY] capture_queue_full=158 processing_pending_full_events=84 processing_pending_full_unique=1 actual_drop_total=158 raw_hold_full=0 spool_write_fail=0 spool_capacity_full=93 spool_corrupt_or_unreadable=0 raw_queue_depth=8 raw_queue_high_water=8 pending_depth=8 pending_high_water=8 raw_hold_depth=0 raw_hold_high_water=1 storage_samples=94 storage_lock_wait_us=8 storage_slot_lookup_us=13454 storage_open_us=0 storage_write_us=0 storage_flush_close_us=0 storage_rename_us=0 storage_total_us=1384096 storage_lock_wait_max_us=9 storage_slot_lookup_max_us=14923 storage_open_max_us=13680 storage_write_max_us=4671 storage_flush_close_max_us=360941 storage_rename_max_us=125515 storage_total_max_us=1945610 storage_total_le_640ms=0 storage_total_641_to_1280ms=0 storage_total_gt_1280ms=94
[PROCESSING-DIAG] pending_full held count=85 bootId=40ddbdc25232fbc238063340f6210d76 windowIndex=9 raw_queue=8 pending=8
[AUDIO] Requested synchronized window was overwritten.
[WINDOW] Dropped windows=159 (queue overflow; sequence gaps retained)
[WiFi] Reconnect attempt timed out.

[WiFi] Starting non-blocking connection to jmc
[RAW-SPOOL-FULL] slot=512 total=2752512 used=2367488 free=385024 need=3133 windowIndex=9.
[DROP-SUMMARY] capture_queue_full=159 processing_pending_full_events=85 processing_pending_full_unique=1 actual_drop_total=159 raw_hold_full=0 spool_write_fail=0 spool_capacity_full=94 spool_corrupt_or_unreadable=0 raw_queue_depth=8 raw_queue_high_water=8 pending_depth=8 pending_high_water=8 raw_hold_depth=0 raw_hold_high_water=1 storage_samples=95 storage_lock_wait_us=8 storage_slot_lookup_us=13422 storage_open_us=0 storage_write_us=0 storage_flush_close_us=0 storage_rename_us=0 storage_total_us=1359327 storage_lock_wait_max_us=9 storage_slot_lookup_max_us=14923 storage_open_max_us=13680 storage_write_max_us=4671 storage_flush_close_max_us=360941 storage_rename_max_us=125515 storage_total_max_us=1945610 storage_total_le_640ms=0 storage_total_641_to_1280ms=0 storage_total_gt_1280ms=95
[PROCESSING-DIAG] pending_full held count=86 bootId=40ddbdc25232fbc238063340f6210d76 windowIndex=9 raw_queue=8 pending=8
[AUDIO] Requested synchronized window was overwritten.
[WINDOW] Dropped windows=160 (queue overflow; sequence gaps retained)
[DROP-SUMMARY] capture_queue_full=160 processing_pending_full_events=86 processing_pending_full_unique=1 actual_drop_total=160 raw_hold_full=0 spool_write_fail=0 spool_capacity_full=94 spool_corrupt_or_unreadable=0 raw_queue_depth=8 raw_queue_high_water=8 pending_depth=8 pending_high_water=8 raw_hold_depth=0 raw_hold_high_water=1 storage_samples=95 storage_lock_wait_us=8 storage_slot_lookup_us=13422 storage_open_us=0 storage_write_us=0 storage_flush_close_us=0 storage_rename_us=0 storage_total_us=1359327 storage_lock_wait_max_us=9 storage_slot_lookup_max_us=14923 storage_open_max_us=13680 storage_write_max_us=4671 storage_flush_close_max_us=360941 storage_rename_max_us=125515 storage_total_max_us=1945610 storage_total_le_640ms=0 storage_total_641_to_1280ms=0 storage_total_gt_1280ms=95
[WINDOW] Dropped windows=161 (queue overflow; sequence gaps retained)
[RAW-SPOOL-FULL] slot=512 total=2752512 used=2367488 free=385024 need=3133 windowIndex=9.
[PROCESSING-DIAG] pending_full held count=87 bootId=40ddbdc25232fbc238063340f6210d76 windowIndex=9 raw_queue=8 pending=8
[WINDOW] Dropped windows=162 (queue overflow; sequence gaps retained)
[DROP-SUMMARY] capture_queue_full=162 processing_pending_full_events=87 processing_pending_full_unique=1 actual_drop_total=162 raw_hold_full=0 spool_write_fail=0 spool_capacity_full=95 spool_corrupt_or_unreadable=0 raw_queue_depth=8 raw_queue_high_water=8 pending_depth=8 pending_high_water=8 raw_hold_depth=0 raw_hold_high_water=1 storage_samples=96 storage_lock_wait_us=7 storage_slot_lookup_us=13608 storage_open_us=0 storage_write_us=0 storage_flush_close_us=0 storage_rename_us=0 storage_total_us=1496392 storage_lock_wait_max_us=9 storage_slot_lookup_max_us=14923 storage_open_max_us=13680 storage_write_max_us=4671 storage_flush_close_max_us=360941 storage_rename_max_us=125515 storage_total_max_us=1945610 storage_total_le_640ms=0 storage_total_641_to_1280ms=0 storage_total_gt_1280ms=96
[WINDOW] Dropped windows=163 (queue overflow; sequence gaps retained)
[RAW-SPOOL-FULL] slot=512 total=2752512 used=2367488 free=385024 need=3133 windowIndex=9.
[DROP-SUMMARY] capture_queue_full=163 processing_pending_full_events=87 processing_pending_full_unique=1 actual_drop_total=163 raw_hold_full=0 spool_write_fail=0 spool_capacity_full=96 spool_corrupt_or_unreadable=0 raw_queue_depth=8 raw_queue_high_water=8 pending_depth=8 pending_high_water=8 raw_hold_depth=0 raw_hold_high_water=1 storage_samples=97 storage_lock_wait_us=7 storage_slot_lookup_us=13572 storage_open_us=0 storage_write_us=0 storage_flush_close_us=0 storage_rename_us=0 storage_total_us=1383533 storage_lock_wait_max_us=9 storage_slot_lookup_max_us=14923 storage_open_max_us=13680 storage_write_max_us=4671 storage_flush_close_max_us=360941 storage_rename_max_us=125515 storage_total_max_us=1945610 storage_total_le_640ms=0 storage_total_641_to_1280ms=0 storage_total_gt_1280ms=97
[PROCESSING-DIAG] pending_full held count=88 bootId=40ddbdc25232fbc238063340f6210d76 windowIndex=9 raw_queue=8 pending=8
[AUDIO] Requested synchronized window was overwritten.
[WINDOW] Dropped windows=164 (queue overflow; sequence gaps retained)
[DROP-SUMMARY] capture_queue_full=164 processing_pending_full_events=88 processing_pending_full_unique=1 actual_drop_total=164 raw_hold_full=0 spool_write_fail=0 spool_capacity_full=96 spool_corrupt_or_unreadable=0 raw_queue_depth=8 raw_queue_high_water=8 pending_depth=8 pending_high_water=8 raw_hold_depth=0 raw_hold_high_water=1 storage_samples=97 storage_lock_wait_us=7 storage_slot_lookup_us=13572 storage_open_us=0 storage_write_us=0 storage_flush_close_us=0 storage_rename_us=0 storage_total_us=1383533 storage_lock_wait_max_us=9 storage_slot_lookup_max_us=14923 storage_open_max_us=13680 storage_write_max_us=4671 storage_flush_close_max_us=360941 storage_rename_max_us=125515 storage_total_max_us=1945610 storage_total_le_640ms=0 storage_total_641_to_1280ms=0 storage_total_gt_1280ms=97
[WINDOW] Dropped windows=165 (queue overflow; sequence gaps retained)
[RAW-SPOOL-FULL] slot=512 total=2752512 used=2367488 free=385024 need=3133 windowIndex=9.
[PROCESSING-DIAG] pending_full held count=89 bootId=40ddbdc25232fbc238063340f6210d76 windowIndex=9 raw_queue=8 pending=8
[DROP-SUMMARY] capture_queue_full=165 processing_pending_full_events=89 processing_pending_full_unique=1 actual_drop_total=165 raw_hold_full=0 spool_write_fail=0 spool_capacity_full=97 spool_corrupt_or_unreadable=0 raw_queue_depth=8 raw_queue_high_water=8 pending_depth=8 pending_high_water=8 raw_hold_depth=0 raw_hold_high_water=1 storage_samples=98 storage_lock_wait_us=7 storage_slot_lookup_us=13423 storage_open_us=0 storage_write_us=0 storage_flush_close_us=0 storage_rename_us=0 storage_total_us=1496310 storage_lock_wait_max_us=9 storage_slot_lookup_max_us=14923 storage_open_max_us=13680 storage_write_max_us=4671 storage_flush_close_max_us=360941 storage_rename_max_us=125515 storage_total_max_us=1945610 storage_total_le_640ms=0 storage_total_641_to_1280ms=0 storage_total_gt_1280ms=98
[WINDOW] Dropped windows=166 (queue overflow; sequence gaps retained)
[RAW-SPOOL-FULL] slot=512 total=2752512 used=2367488 free=385024 need=3133 windowIndex=9.
[DROP-SUMMARY] capture_queue_full=166 processing_pending_full_events=89 processing_pending_full_unique=1 actual_drop_total=166 raw_hold_full=0 spool_write_fail=0 spool_capacity_full=98 spool_corrupt_or_unreadable=0 raw_queue_depth=8 raw_queue_high_water=8 pending_depth=8 pending_high_water=8 raw_hold_depth=0 raw_hold_high_water=1 storage_samples=99 storage_lock_wait_us=7 storage_slot_lookup_us=13589 storage_open_us=0 storage_write_us=0 storage_flush_close_us=0 storage_rename_us=0 storage_total_us=1383112 storage_lock_wait_max_us=9 storage_slot_lookup_max_us=14923 storage_open_max_us=13680 storage_write_max_us=4671 storage_flush_close_max_us=360941 storage_rename_max_us=125515 storage_total_max_us=1945610 storage_total_le_640ms=0 storage_total_641_to_1280ms=0 storage_total_gt_1280ms=99
[PROCESSING-DIAG] pending_full held count=90 bootId=40ddbdc25232fbc238063340f6210d76 windowIndex=9 raw_queue=8 pending=8
[AUDIO] Requested synchronized window was overwritten.
[WINDOW] Dropped windows=167 (queue overflow; sequence gaps retained)
[WINDOW] Dropped windows=168 (queue overflow; sequence gaps retained)
[DROP-SUMMARY] capture_queue_full=168 processing_pending_full_events=90 processing_pending_full_unique=1 actual_drop_total=168 raw_hold_full=0 spool_write_fail=0 spool_capacity_full=98 spool_corrupt_or_unreadable=0 raw_queue_depth=8 raw_queue_high_water=8 pending_depth=8 pending_high_water=8 raw_hold_depth=0 raw_hold_high_water=1 storage_samples=99 storage_lock_wait_us=7 storage_slot_lookup_us=13589 storage_open_us=0 storage_write_us=0 storage_flush_close_us=0 storage_rename_us=0 storage_total_us=1383112 storage_lock_wait_max_us=9 storage_slot_lookup_max_us=14923 storage_open_max_us=13680 storage_write_max_us=4671 storage_flush_close_max_us=360941 storage_rename_max_us=125515 storage_total_max_us=1945610 storage_total_le_640ms=0 storage_total_641_to_1280ms=0 storage_total_gt_1280ms=99
[WINDOW] Dropped windows=169 (queue overflow; sequence gaps retained)
[RAW-SPOOL-FULL] slot=512 total=2752512 used=2367488 free=385024 need=3133 windowIndex=9.
[PROCESSING-DIAG] pending_full held count=91 bootId=40ddbdc25232fbc238063340f6210d76 windowIndex=9 raw_queue=8 pending=8
[RAW-DEBUG] samples=512 quality=valid X[min=-251 max=-223 mean=-237.0 rms=237.0] Y[min=47 max=79 mean=64.8 rms=64.8] Z[min=-72 max=-18 mean=-47.6 rms=48.2]
[DROP-SUMMARY] capture_queue_full=169 processing_pending_full_events=91 processing_pending_full_unique=1 actual_drop_total=169 raw_hold_full=0 spool_write_fail=0 spool_capacity_full=99 spool_corrupt_or_unreadable=0 raw_queue_depth=8 raw_queue_high_water=8 pending_depth=8 pending_high_water=8 raw_hold_depth=0 raw_hold_high_water=1 storage_samples=100 storage_lock_wait_us=8 storage_slot_lookup_us=13407 storage_open_us=0 storage_write_us=0 storage_flush_close_us=0 storage_rename_us=0 storage_total_us=1498000 storage_lock_wait_max_us=9 storage_slot_lookup_max_us=14923 storage_open_max_us=13680 storage_write_max_us=4671 storage_flush_close_max_us=360941 storage_rename_max_us=125515 storage_total_max_us=1945610 storage_total_le_640ms=0 storage_total_641_to_1280ms=0 storage_total_gt_1280ms=100
[WINDOW] Dropped windows=170 (queue overflow; sequence gaps retained)
[RAW-SPOOL-FULL] slot=512 total=2752512 used=2367488 free=385024 need=3133 windowIndex=9.
[DROP-SUMMARY] capture_queue_full=170 processing_pending_full_events=91 processing_pending_full_unique=1 actual_drop_total=170 raw_hold_full=0 spool_write_fail=0 spool_capacity_full=100 spool_corrupt_or_unreadable=0 raw_queue_depth=8 raw_queue_high_water=8 pending_depth=8 pending_high_water=8 raw_hold_depth=0 raw_hold_high_water=1 storage_samples=101 storage_lock_wait_us=7 storage_slot_lookup_us=13567 storage_open_us=0 storage_write_us=0 storage_flush_close_us=0 storage_rename_us=0 storage_total_us=1382923 storage_lock_wait_max_us=9 storage_slot_lookup_max_us=14923 storage_open_max_us=13680 storage_write_max_us=4671 storage_flush_close_max_us=360941 storage_rename_max_us=125515 storage_total_max_us=1945610 storage_total_le_640ms=0 storage_total_641_to_1280ms=0 storage_total_gt_1280ms=101
[PROCESSING-DIAG] pending_full held count=92 bootId=40ddbdc25232fbc238063340f6210d76 windowIndex=9 raw_queue=8 pending=8
[AUDIO] Requested synchronized window was overwritten.
[WINDOW] Dropped windows=171 (queue overflow; sequence gaps retained)
[WiFi] Reconnect attempt timed out.

[WiFi] Starting non-blocking connection to jmc
[RAW-SPOOL-FULL] slot=512 total=2752512 used=2367488 free=385024 need=3133 windowIndex=9.
[DROP-SUMMARY] capture_queue_full=171 processing_pending_full_events=92 processing_pending_full_unique=1 actual_drop_total=171 raw_hold_full=0 spool_write_fail=0 spool_capacity_full=101 spool_corrupt_or_unreadable=0 raw_queue_depth=8 raw_queue_high_water=8 pending_depth=8 pending_high_water=8 raw_hold_depth=0 raw_hold_high_water=1 storage_samples=102 storage_lock_wait_us=7 storage_slot_lookup_us=13603 storage_open_us=0 storage_write_us=0 storage_flush_close_us=0 storage_rename_us=0 storage_total_us=1360046 storage_lock_wait_max_us=9 storage_slot_lookup_max_us=14923 storage_open_max_us=13680 storage_write_max_us=4671 storage_flush_close_max_us=360941 storage_rename_max_us=125515 storage_total_max_us=1945610 storage_total_le_640ms=0 storage_total_641_to_1280ms=0 storage_total_gt_1280ms=102
[PROCESSING-DIAG] pending_full held count=93 bootId=40ddbdc25232fbc238063340f6210d76 windowIndex=9 raw_queue=8 pending=8
[AUDIO] Requested synchronized window was overwritten.
[WINDOW] Dropped windows=172 (queue overflow; sequence gaps retained)
[DROP-SUMMARY] capture_queue_full=172 processing_pending_full_events=93 processing_pending_full_unique=1 actual_drop_total=172 raw_hold_full=0 spool_write_fail=0 spool_capacity_full=101 spool_corrupt_or_unreadable=0 raw_queue_depth=8 raw_queue_high_water=8 pending_depth=8 pending_high_water=8 raw_hold_depth=0 raw_hold_high_water=1 storage_samples=102 storage_lock_wait_us=7 storage_slot_lookup_us=13603 storage_open_us=0 storage_write_us=0 storage_flush_close_us=0 storage_rename_us=0 storage_total_us=1360046 storage_lock_wait_max_us=9 storage_slot_lookup_max_us=14923 storage_open_max_us=13680 storage_write_max_us=4671 storage_flush_close_max_us=360941 storage_rename_max_us=125515 storage_total_max_us=1945610 storage_total_le_640ms=0 storage_total_641_to_1280ms=0 storage_total_gt_1280ms=102
[WINDOW] Dropped windows=173 (queue overflow; sequence gaps retained)
[RAW-SPOOL-FULL] slot=512 total=2752512 used=2367488 free=385024 need=3133 windowIndex=9.
[PROCESSING-DIAG] pending_full held count=94 bootId=40ddbdc25232fbc238063340f6210d76 windowIndex=9 raw_queue=8 pending=8
[WINDOW] Dropped windows=174 (queue overflow; sequence gaps retained)
[DROP-SUMMARY] capture_queue_full=174 processing_pending_full_events=94 processing_pending_full_unique=1 actual_drop_total=174 raw_hold_full=0 spool_write_fail=0 spool_capacity_full=102 spool_corrupt_or_unreadable=0 raw_queue_depth=8 raw_queue_high_water=8 pending_depth=8 pending_high_water=8 raw_hold_depth=0 raw_hold_high_water=1 storage_samples=103 storage_lock_wait_us=7 storage_slot_lookup_us=13442 storage_open_us=0 storage_write_us=0 storage_flush_close_us=0 storage_rename_us=0 storage_total_us=1495400 storage_lock_wait_max_us=9 storage_slot_lookup_max_us=14923 storage_open_max_us=13680 storage_write_max_us=4671 storage_flush_close_max_us=360941 storage_rename_max_us=125515 storage_total_max_us=1945610 storage_total_le_640ms=0 storage_total_641_to_1280ms=0 storage_total_gt_1280ms=103
[RAW-SPOOL-FULL] slot=512 total=2752512 used=2367488 free=385024 need=3133 windowIndex=9.
[DROP-SUMMARY] capture_queue_full=174 processing_pending_full_events=94 processing_pending_full_unique=1 actual_drop_total=174 raw_hold_full=0 spool_write_fail=0 spool_capacity_full=103 spool_corrupt_or_unreadable=0 raw_queue_depth=8 raw_queue_high_water=8 pending_depth=8 pending_high_water=8 raw_hold_depth=0 raw_hold_high_water=1 storage_samples=104 storage_lock_wait_us=8 storage_slot_lookup_us=13577 storage_open_us=0 storage_write_us=0 storage_flush_close_us=0 storage_rename_us=0 storage_total_us=1383358 storage_lock_wait_max_us=9 storage_slot_lookup_max_us=14923 storage_open_max_us=13680 storage_write_max_us=4671 storage_flush_close_max_us=360941 storage_rename_max_us=125515 storage_total_max_us=1945610 storage_total_le_640ms=0 storage_total_641_to_1280ms=0 storage_total_gt_1280ms=104
[PROCESSING-DIAG] pending_full held count=95 bootId=40ddbdc25232fbc238063340f6210d76 windowIndex=9 raw_queue=8 pending=8
[AUDIO] Requested synchronized window was overwritten.
[WINDOW] Dropped windows=175 (queue overflow; sequence gaps retained)
[WINDOW] Dropped windows=176 (queue overflow; sequence gaps retained)
[DROP-SUMMARY] capture_queue_full=176 processing_pending_full_events=95 processing_pending_full_unique=1 actual_drop_total=176 raw_hold_full=0 spool_write_fail=0 spool_capacity_full=103 spool_corrupt_or_unreadable=0 raw_queue_depth=8 raw_queue_high_water=8 pending_depth=8 pending_high_water=8 raw_hold_depth=0 raw_hold_high_water=1 storage_samples=104 storage_lock_wait_us=8 storage_slot_lookup_us=13577 storage_open_us=0 storage_write_us=0 storage_flush_close_us=0 storage_rename_us=0 storage_total_us=1383358 storage_lock_wait_max_us=9 storage_slot_lookup_max_us=14923 storage_open_max_us=13680 storage_write_max_us=4671 storage_flush_close_max_us=360941 storage_rename_max_us=125515 storage_total_max_us=1945610 storage_total_le_640ms=0 storage_total_641_to_1280ms=0 storage_total_gt_1280ms=104
[WINDOW] Dropped windows=177 (queue overflow; sequence gaps retained)
[RAW-SPOOL-FULL] slot=512 total=2752512 used=2367488 free=385024 need=3133 windowIndex=9.
[PROCESSING-DIAG] pending_full held count=96 bootId=40ddbdc25232fbc238063340f6210d76 windowIndex=9 raw_queue=8 pending=8
[DROP-SUMMARY] capture_queue_full=177 processing_pending_full_events=96 processing_pending_full_unique=1 actual_drop_total=177 raw_hold_full=0 spool_write_fail=0 spool_capacity_full=104 spool_corrupt_or_unreadable=0 raw_queue_depth=8 raw_queue_high_water=8 pending_depth=8 pending_high_water=8 raw_hold_depth=0 raw_hold_high_water=1 storage_samples=105 storage_lock_wait_us=7 storage_slot_lookup_us=13437 storage_open_us=0 storage_write_us=0 storage_flush_close_us=0 storage_rename_us=0 storage_total_us=1497057 storage_lock_wait_max_us=9 storage_slot_lookup_max_us=14923 storage_open_max_us=13680 storage_write_max_us=4671 storage_flush_close_max_us=360941 storage_rename_max_us=125515 storage_total_max_us=1945610 storage_total_le_640ms=0 storage_total_641_to_1280ms=0 storage_total_gt_1280ms=105
[WINDOW] Dropped windows=178 (queue overflow; sequence gaps retained)
[RAW-SPOOL-FULL] slot=512 total=2752512 used=2367488 free=385024 need=3133 windowIndex=9.
[DROP-SUMMARY] capture_queue_full=178 processing_pending_full_events=96 processing_pending_full_unique=1 actual_drop_total=178 raw_hold_full=0 spool_write_fail=0 spool_capacity_full=105 spool_corrupt_or_unreadable=0 raw_queue_depth=8 raw_queue_high_water=8 pending_depth=8 pending_high_water=8 raw_hold_depth=0 raw_hold_high_water=1 storage_samples=106 storage_lock_wait_us=7 storage_slot_lookup_us=13361 storage_open_us=0 storage_write_us=0 storage_flush_close_us=0 storage_rename_us=0 storage_total_us=1383593 storage_lock_wait_max_us=9 storage_slot_lookup_max_us=14923 storage_open_max_us=13680 storage_write_max_us=4671 storage_flush_close_max_us=360941 storage_rename_max_us=125515 storage_total_max_us=1945610 storage_total_le_640ms=0 storage_total_641_to_1280ms=0 storage_total_gt_1280ms=106
[PROCESSING-DIAG] pending_full held count=97 bootId=40ddbdc25232fbc238063340f6210d76 windowIndex=9 raw_queue=8 pending=8
[AUDIO] Requested synchronized window was overwritten.
[WINDOW] Dropped windows=179 (queue overflow; sequence gaps retained)
[DROP-SUMMARY] capture_queue_full=179 processing_pending_full_events=97 processing_pending_full_unique=1 actual_drop_total=179 raw_hold_full=0 spool_write_fail=0 spool_capacity_full=105 spool_corrupt_or_unreadable=0 raw_queue_depth=8 raw_queue_high_water=8 pending_depth=8 pending_high_water=8 raw_hold_depth=0 raw_hold_high_water=1 storage_samples=106 storage_lock_wait_us=7 storage_slot_lookup_us=13361 storage_open_us=0 storage_write_us=0 storage_flush_close_us=0 storage_rename_us=0 storage_total_us=1383593 storage_lock_wait_max_us=9 storage_slot_lookup_max_us=14923 storage_open_max_us=13680 storage_write_max_us=4671 storage_flush_close_max_us=360941 storage_rename_max_us=125515 storage_total_max_us=1945610 storage_total_le_640ms=0 storage_total_641_to_1280ms=0 storage_total_gt_1280ms=106
[WINDOW] Dropped windows=180 (queue overflow; sequence gaps retained)
[RAW-SPOOL-FULL] slot=512 total=2752512 used=2367488 free=385024 need=3133 windowIndex=9.
[PROCESSING-DIAG] pending_full held count=98 bootId=40ddbdc25232fbc238063340f6210d76 windowIndex=9 raw_queue=8 pending=8
[WINDOW] Dropped windows=181 (queue overflow; sequence gaps retained)
[DROP-SUMMARY] capture_queue_full=181 processing_pending_full_events=98 processing_pending_full_unique=1 actual_drop_total=181 raw_hold_full=0 spool_write_fail=0 spool_capacity_full=106 spool_corrupt_or_unreadable=0 raw_queue_depth=8 raw_queue_high_water=8 pending_depth=8 pending_high_water=8 raw_hold_depth=0 raw_hold_high_water=1 storage_samples=107 storage_lock_wait_us=7 storage_slot_lookup_us=13475 storage_open_us=0 storage_write_us=0 storage_flush_close_us=0 storage_rename_us=0 storage_total_us=1495834 storage_lock_wait_max_us=9 storage_slot_lookup_max_us=14923 storage_open_max_us=13680 storage_write_max_us=4671 storage_flush_close_max_us=360941 storage_rename_max_us=125515 storage_total_max_us=1945610 storage_total_le_640ms=0 storage_total_641_to_1280ms=0 storage_total_gt_1280ms=107
[RAW-SPOOL-FULL] slot=512 total=2752512 used=2367488 free=385024 need=3133 windowIndex=9.
[DROP-SUMMARY] capture_queue_full=181 processing_pending_full_events=98 processing_pending_full_unique=1 actual_drop_total=181 raw_hold_full=0 spool_write_fail=0 spool_capacity_full=107 spool_corrupt_or_unreadable=0 raw_queue_depth=8 raw_queue_high_water=8 pending_depth=8 pending_high_water=8 raw_hold_depth=0 raw_hold_high_water=1 storage_samples=108 storage_lock_wait_us=7 storage_slot_lookup_us=13575 storage_open_us=0 storage_write_us=0 storage_flush_close_us=0 storage_rename_us=0 storage_total_us=1383949 storage_lock_wait_max_us=9 storage_slot_lookup_max_us=14923 storage_open_max_us=13680 storage_write_max_us=4671 storage_flush_close_max_us=360941 storage_rename_max_us=125515 storage_total_max_us=1945610 storage_total_le_640ms=0 storage_total_641_to_1280ms=0 storage_total_gt_1280ms=108
[PROCESSING-DIAG] pending_full held count=99 bootId=40ddbdc25232fbc238063340f6210d76 windowIndex=9 raw_queue=8 pending=8
[AUDIO] Requested synchronized window was overwritten.
[WINDOW] Dropped windows=182 (queue overflow; sequence gaps retained)
[WiFi] Reconnect attempt timed out.

[WiFi] Starting non-blocking connection to jmc
[RAW-SPOOL-FULL] slot=512 total=2752512 used=2367488 free=385024 need=3133 windowIndex=9.
[DROP-SUMMARY] capture_queue_full=182 processing_pending_full_events=99 processing_pending_full_unique=1 actual_drop_total=182 raw_hold_full=0 spool_write_fail=0 spool_capacity_full=108 spool_corrupt_or_unreadable=0 raw_queue_depth=8 raw_queue_high_water=8 pending_depth=8 pending_high_water=8 raw_hold_depth=0 raw_hold_high_water=1 storage_samples=109 storage_lock_wait_us=8 storage_slot_lookup_us=13509 storage_open_us=0 storage_write_us=0 storage_flush_close_us=0 storage_rename_us=0 storage_total_us=1362602 storage_lock_wait_max_us=9 storage_slot_lookup_max_us=14923 storage_open_max_us=13680 storage_write_max_us=4671 storage_flush_close_max_us=360941 storage_rename_max_us=125515 storage_total_max_us=1945610 storage_total_le_640ms=0 storage_total_641_to_1280ms=0 storage_total_gt_1280ms=109
[PROCESSING-DIAG] pending_full held count=100 bootId=40ddbdc25232fbc238063340f6210d76 windowIndex=9 raw_queue=8 pending=8
[AUDIO] Requested synchronized window was overwritten.
[WINDOW] Dropped windows=183 (queue overflow; sequence gaps retained)
[WINDOW] Dropped windows=184 (queue overflow; sequence gaps retained)
[DROP-SUMMARY] capture_queue_full=184 processing_pending_full_events=100 processing_pending_full_unique=1 actual_drop_total=184 raw_hold_full=0 spool_write_fail=0 spool_capacity_full=108 spool_corrupt_or_unreadable=0 raw_queue_depth=8 raw_queue_high_water=8 pending_depth=8 pending_high_water=8 raw_hold_depth=0 raw_hold_high_water=1 storage_samples=109 storage_lock_wait_us=8 storage_slot_lookup_us=13509 storage_open_us=0 storage_write_us=0 storage_flush_close_us=0 storage_rename_us=0 storage_total_us=1362602 storage_lock_wait_max_us=9 storage_slot_lookup_max_us=14923 storage_open_max_us=13680 storage_write_max_us=4671 storage_flush_close_max_us=360941 storage_rename_max_us=125515 storage_total_max_us=1945610 storage_total_le_640ms=0 storage_total_641_to_1280ms=0 storage_total_gt_1280ms=109
[WINDOW] Dropped windows=185 (queue overflow; sequence gaps retained)
[RAW-SPOOL-FULL] slot=512 total=2752512 used=2367488 free=385024 need=3133 windowIndex=9.
[PROCESSING-DIAG] pending_full held count=101 bootId=40ddbdc25232fbc238063340f6210d76 windowIndex=9 raw_queue=8 pending=8
[RAW-DEBUG] samples=512 quality=valid X[min=-251 max=-223 mean=-237.0 rms=237.0] Y[min=47 max=79 mean=64.8 rms=64.8] Z[min=-72 max=-18 mean=-47.6 rms=48.2]
[DROP-SUMMARY] capture_queue_full=185 processing_pending_full_events=101 processing_pending_full_unique=1 actual_drop_total=185 raw_hold_full=0 spool_write_fail=0 spool_capacity_full=109 spool_corrupt_or_unreadable=0 raw_queue_depth=8 raw_queue_high_water=8 pending_depth=8 pending_high_water=8 raw_hold_depth=0 raw_hold_high_water=1 storage_samples=110 storage_lock_wait_us=7 storage_slot_lookup_us=13401 storage_open_us=0 storage_write_us=0 storage_flush_close_us=0 storage_rename_us=0 storage_total_us=1498645 storage_lock_wait_max_us=9 storage_slot_lookup_max_us=14923 storage_open_max_us=13680 storage_write_max_us=4671 storage_flush_close_max_us=360941 storage_rename_max_us=125515 storage_total_max_us=1945610 storage_total_le_640ms=0 storage_total_641_to_1280ms=0 storage_total_gt_1280ms=110
[WINDOW] Dropped windows=186 (queue overflow; sequence gaps retained)
[WINDOW] Dropped windows=187 (queue overflow; sequence gaps retained)
[DROP-SUMMARY] capture_queue_full=187 processing_pending_full_events=101 processing_pending_full_unique=1 actual_drop_total=187 raw_hold_full=0 spool_write_fail=0 spool_capacity_full=109 spool_corrupt_or_unreadable=0 raw_queue_depth=8 raw_queue_high_water=8 pending_depth=8 pending_high_water=8 raw_hold_depth=0 raw_hold_high_water=1 storage_samples=110 storage_lock_wait_us=7 storage_slot_lookup_us=13401 storage_open_us=0 storage_write_us=0 storage_flush_close_us=0 storage_rename_us=0 storage_total_us=1498645 storage_lock_wait_max_us=9 storage_slot_lookup_max_us=14923 storage_open_max_us=13680 storage_write_max_us=4671 storage_flush_close_max_us=360941 storage_rename_max_us=125515 storage_total_max_us=1945610 storage_total_le_640ms=0 storage_total_641_to_1280ms=0 storage_total_gt_1280ms=110
[RAW-SPOOL-FULL] slot=512 total=2752512 used=2367488 free=385024 need=3133 windowIndex=9.
[PROCESSING-DIAG] pending_full held count=102 bootId=40ddbdc25232fbc238063340f6210d76 windowIndex=9 raw_queue=8 pending=8
[WINDOW] Dropped windows=188 (queue overflow; sequence gaps retained)
[DROP-SUMMARY] capture_queue_full=188 processing_pending_full_events=102 processing_pending_full_unique=1 actual_drop_total=188 raw_hold_full=0 spool_write_fail=0 spool_capacity_full=110 spool_corrupt_or_unreadable=0 raw_queue_depth=8 raw_queue_high_water=8 pending_depth=8 pending_high_water=8 raw_hold_depth=0 raw_hold_high_water=1 storage_samples=111 storage_lock_wait_us=7 storage_slot_lookup_us=13578 storage_open_us=0 storage_write_us=0 storage_flush_close_us=0 storage_rename_us=0 storage_total_us=1499667 storage_lock_wait_max_us=9 storage_slot_lookup_max_us=14923 storage_open_max_us=13680 storage_write_max_us=4671 storage_flush_close_max_us=360941 storage_rename_max_us=125515 storage_total_max_us=1945610 storage_total_le_640ms=0 storage_total_641_to_1280ms=0 storage_total_gt_1280ms=111
[WINDOW] Dropped windows=189 (queue overflow; sequence gaps retained)
[RAW-SPOOL-FULL] slot=512 total=2752512 used=2367488 free=385024 need=3133 windowIndex=9.
[PROCESSING-DIAG] pending_full held count=103 bootId=40ddbdc25232fbc238063340f6210d76 windowIndex=9 raw_queue=8 pending=8
[WINDOW] Dropped windows=190 (queue overflow; sequence gaps retained)
[DROP-SUMMARY] capture_queue_full=190 processing_pending_full_events=103 processing_pending_full_unique=1 actual_drop_total=190 raw_hold_full=0 spool_write_fail=0 spool_capacity_full=111 spool_corrupt_or_unreadable=0 raw_queue_depth=8 raw_queue_high_water=8 pending_depth=8 pending_high_water=8 raw_hold_depth=0 raw_hold_high_water=1 storage_samples=112 storage_lock_wait_us=7 storage_slot_lookup_us=13426 storage_open_us=0 storage_write_us=0 storage_flush_close_us=0 storage_rename_us=0 storage_total_us=1490996 storage_lock_wait_max_us=9 storage_slot_lookup_max_us=14923 storage_open_max_us=13680 storage_write_max_us=4671 storage_flush_close_max_us=360941 storage_rename_max_us=125515 storage_total_max_us=1945610 storage_total_le_640ms=0 storage_total_641_to_1280ms=0 storage_total_gt_1280ms=112
[WINDOW] Dropped windows=191 (queue overflow; sequence gaps retained)
[DROP-SUMMARY] capture_queue_full=191 processing_pending_full_events=103 processing_pending_full_unique=1 actual_drop_total=191 raw_hold_full=0 spool_write_fail=0 spool_capacity_full=111 spool_corrupt_or_unreadable=0 raw_queue_depth=8 raw_queue_high_water=8 pending_depth=8 pending_high_water=8 raw_hold_depth=0 raw_hold_high_water=1 storage_samples=112 storage_lock_wait_us=7 storage_slot_lookup_us=13426 storage_open_us=0 storage_write_us=0 storage_flush_close_us=0 storage_rename_us=0 storage_total_us=1490996 storage_lock_wait_max_us=9 storage_slot_lookup_max_us=14923 storage_open_max_us=13680 storage_write_max_us=4671 storage_flush_close_max_us=360941 storage_rename_max_us=125515 storage_total_max_us=1945610 storage_total_le_640ms=0 storage_total_641_to_1280ms=0 storage_total_gt_1280ms=112
[WINDOW] Dropped windows=192 (queue overflow; sequence gaps retained)
[RAW-SPOOL-FULL] slot=512 total=2752512 used=2367488 free=385024 need=3133 windowIndex=9.
[PROCESSING-DIAG] pending_full held count=104 bootId=40ddbdc25232fbc238063340f6210d76 windowIndex=9 raw_queue=8 pending=8
[WINDOW] Dropped windows=193 (queue overflow; sequence gaps retained)
[DROP-SUMMARY] capture_queue_full=193 processing_pending_full_events=104 processing_pending_full_unique=1 actual_drop_total=193 raw_hold_full=0 spool_write_fail=0 spool_capacity_full=112 spool_corrupt_or_unreadable=0 raw_queue_depth=8 raw_queue_high_water=8 pending_depth=8 pending_high_water=8 raw_hold_depth=0 raw_hold_high_water=1 storage_samples=113 storage_lock_wait_us=7 storage_slot_lookup_us=13479 storage_open_us=0 storage_write_us=0 storage_flush_close_us=0 storage_rename_us=0 storage_total_us=1496071 storage_lock_wait_max_us=9 storage_slot_lookup_max_us=14923 storage_open_max_us=13680 storage_write_max_us=4671 storage_flush_close_max_us=360941 storage_rename_max_us=125515 storage_total_max_us=1945610 storage_total_le_640ms=0 storage_total_641_to_1280ms=0 storage_total_gt_1280ms=113
[RAW-SPOOL-FULL] slot=512 total=2752512 used=2367488 free=385024 need=3133 windowIndex=9.
[PROCESSING-DIAG] pending_full held count=105 bootId=40ddbdc25232fbc238063340f6210d76 windowIndex=9 raw_queue=8 pending=8
[DROP-SUMMARY] capture_queue_full=193 processing_pending_full_events=105 processing_pending_full_unique=1 actual_drop_total=193 raw_hold_full=0 spool_write_fail=0 spool_capacity_full=113 spool_corrupt_or_unreadable=0 raw_queue_depth=8 raw_queue_high_water=8 pending_depth=8 pending_high_water=8 raw_hold_depth=0 raw_hold_high_water=1 storage_samples=114 storage_lock_wait_us=7 storage_slot_lookup_us=13607 storage_open_us=0 storage_write_us=0 storage_flush_close_us=0 storage_rename_us=0 storage_total_us=1393713 storage_lock_wait_max_us=9 storage_slot_lookup_max_us=14923 storage_open_max_us=13680 storage_write_max_us=4671 storage_flush_close_max_us=360941 storage_rename_max_us=125515 storage_total_max_us=1945610 storage_total_le_640ms=0 storage_total_641_to_1280ms=0 storage_total_gt_1280ms=114
[AUDIO] Requested synchronized window was overwritten.
[WINDOW] Dropped windows=194 (queue overflow; sequence gaps retained)
[WINDOW] Dropped windows=195 (queue overflow; sequence gaps retained)
[DROP-SUMMARY] capture_queue_full=195 processing_pending_full_events=105 processing_pending_full_unique=1 actual_drop_total=195 raw_hold_full=0 spool_write_fail=0 spool_capacity_full=113 spool_corrupt_or_unreadable=0 raw_queue_depth=8 raw_queue_high_water=8 pending_depth=8 pending_high_water=8 raw_hold_depth=0 raw_hold_high_water=1 storage_samples=114 storage_lock_wait_us=7 storage_slot_lookup_us=13607 storage_open_us=0 storage_write_us=0 storage_flush_close_us=0 storage_rename_us=0 storage_total_us=1393713 storage_lock_wait_max_us=9 storage_slot_lookup_max_us=14923 storage_open_max_us=13680 storage_write_max_us=4671 storage_flush_close_max_us=360941 storage_rename_max_us=125515 storage_total_max_us=1945610 storage_total_le_640ms=0 storage_total_641_to_1280ms=0 storage_total_gt_1280ms=114
[RAW-SPOOL-FULL] slot=512 total=2752512 used=2367488 free=385024 need=3133 windowIndex=9.
[PROCESSING-DIAG] pending_full held count=106 bootId=40ddbdc25232fbc238063340f6210d76 windowIndex=9 raw_queue=8 pending=8
[WINDOW] Dropped windows=196 (queue overflow; sequence gaps retained)
[WiFi] Reconnect attempt timed out.

[WiFi] Starting non-blocking connection to jmc
[RAW-SPOOL-FULL] slot=512 total=2752512 used=2367488 free=385024 need=3133 windowIndex=9.
[DROP-SUMMARY] capture_queue_full=196 processing_pending_full_events=106 processing_pending_full_unique=1 actual_drop_total=196 raw_hold_full=0 spool_write_fail=0 spool_capacity_full=115 spool_corrupt_or_unreadable=0 raw_queue_depth=8 raw_queue_high_water=8 pending_depth=8 pending_high_water=8 raw_hold_depth=0 raw_hold_high_water=1 storage_samples=116 storage_lock_wait_us=7 storage_slot_lookup_us=13419 storage_open_us=0 storage_write_us=0 storage_flush_close_us=0 storage_rename_us=0 storage_total_us=1357836 storage_lock_wait_max_us=9 storage_slot_lookup_max_us=14923 storage_open_max_us=13680 storage_write_max_us=4671 storage_flush_close_max_us=360941 storage_rename_max_us=125515 storage_total_max_us=1945610 storage_total_le_640ms=0 storage_total_641_to_1280ms=0 storage_total_gt_1280ms=116
[PROCESSING-DIAG] pending_full held count=107 bootId=40ddbdc25232fbc238063340f6210d76 windowIndex=9 raw_queue=8 pending=8
[AUDIO] Requested synchronized window was overwritten.
[WINDOW] Dropped windows=197 (queue overflow; sequence gaps retained)
[WINDOW] Dropped windows=198 (queue overflow; sequence gaps retained)
[DROP-SUMMARY] capture_queue_full=198 processing_pending_full_events=107 processing_pending_full_unique=1 actual_drop_total=198 raw_hold_full=0 spool_write_fail=0 spool_capacity_full=115 spool_corrupt_or_unreadable=0 raw_queue_depth=8 raw_queue_high_water=8 pending_depth=8 pending_high_water=8 raw_hold_depth=0 raw_hold_high_water=1 storage_samples=116 storage_lock_wait_us=7 storage_slot_lookup_us=13419 storage_open_us=0 storage_write_us=0 storage_flush_close_us=0 storage_rename_us=0 storage_total_us=1357836 storage_lock_wait_max_us=9 storage_slot_lookup_max_us=14923 storage_open_max_us=13680 storage_write_max_us=4671 storage_flush_close_max_us=360941 storage_rename_max_us=125515 storage_total_max_us=1945610 storage_total_le_640ms=0 storage_total_641_to_1280ms=0 storage_total_gt_1280ms=116
[WINDOW] Dropped windows=199 (queue overflow; sequence gaps retained)
[RAW-SPOOL-FULL] slot=512 total=2752512 used=2367488 free=385024 need=3133 windowIndex=9.
[PROCESSING-DIAG] pending_full held count=108 bootId=40ddbdc25232fbc238063340f6210d76 windowIndex=9 raw_queue=8 pending=8
[DROP-SUMMARY] capture_queue_full=199 processing_pending_full_events=108 processing_pending_full_unique=1 actual_drop_total=199 raw_hold_full=0 spool_write_fail=0 spool_capacity_full=116 spool_corrupt_or_unreadable=0 raw_queue_depth=8 raw_queue_high_water=8 pending_depth=8 pending_high_water=8 raw_hold_depth=0 raw_hold_high_water=1 storage_samples=117 storage_lock_wait_us=7 storage_slot_lookup_us=13548 storage_open_us=0 storage_write_us=0 storage_flush_close_us=0 storage_rename_us=0 storage_total_us=1498129 storage_lock_wait_max_us=9 storage_slot_lookup_max_us=14923 storage_open_max_us=13680 storage_write_max_us=4671 storage_flush_close_max_us=360941 storage_rename_max_us=125515 storage_total_max_us=1945610 storage_total_le_640ms=0 storage_total_641_to_1280ms=0 storage_total_gt_1280ms=117
[WINDOW] Dropped windows=200 (queue overflow; sequence gaps retained)
[RAW-SPOOL-FULL] slot=512 total=2752512 used=2367488 free=385024 need=3133 windowIndex=9.
[DROP-SUMMARY] capture_queue_full=200 processing_pending_full_events=108 processing_pending_full_unique=1 actual_drop_total=200 raw_hold_full=0 spool_write_fail=0 spool_capacity_full=117 spool_corrupt_or_unreadable=0 raw_queue_depth=8 raw_queue_high_water=8 pending_depth=8 pending_high_water=8 raw_hold_depth=0 raw_hold_high_water=1 storage_samples=118 storage_lock_wait_us=7 storage_slot_lookup_us=13604 storage_open_us=0 storage_write_us=0 storage_flush_close_us=0 storage_rename_us=0 storage_total_us=1384035 storage_lock_wait_max_us=9 storage_slot_lookup_max_us=14923 storage_open_max_us=13680 storage_write_max_us=4671 storage_flush_close_max_us=360941 storage_rename_max_us=125515 storage_total_max_us=1945610 storage_total_le_640ms=0 storage_total_641_to_1280ms=0 storage_total_gt_1280ms=118
[PROCESSING-DIAG] pending_full held count=109 bootId=40ddbdc25232fbc238063340f6210d76 windowIndex=9 raw_queue=8 pending=8
[AUDIO] Requested synchronized window was overwritten.
[WINDOW] Dropped windows=201 (queue overflow; sequence gaps retained)
[DROP-SUMMARY] capture_queue_full=201 processing_pending_full_events=109 processing_pending_full_unique=1 actual_drop_total=201 raw_hold_full=0 spool_write_fail=0 spool_capacity_full=117 spool_corrupt_or_unreadable=0 raw_queue_depth=8 raw_queue_high_water=8 pending_depth=8 pending_high_water=8 raw_hold_depth=0 raw_hold_high_water=1 storage_samples=118 storage_lock_wait_us=7 storage_slot_lookup_us=13604 storage_open_us=0 storage_write_us=0 storage_flush_close_us=0 storage_rename_us=0 storage_total_us=1384035 storage_lock_wait_max_us=9 storage_slot_lookup_max_us=14923 storage_open_max_us=13680 storage_write_max_us=4671 storage_flush_close_max_us=360941 storage_rename_max_us=125515 storage_total_max_us=1945610 storage_total_le_640ms=0 storage_total_641_to_1280ms=0 storage_total_gt_1280ms=118
[WINDOW] Dropped windows=202 (queue overflow; sequence gaps retained)
[RAW-SPOOL-FULL] slot=512 total=2752512 used=2367488 free=385024 need=3133 windowIndex=9.
[PROCESSING-DIAG] pending_full held count=110 bootId=40ddbdc25232fbc238063340f6210d76 windowIndex=9 raw_queue=8 pending=8
[WINDOW] Dropped windows=203 (queue overflow; sequence gaps retained)
[DROP-SUMMARY] capture_queue_full=203 processing_pending_full_events=110 processing_pending_full_unique=1 actual_drop_total=203 raw_hold_full=0 spool_write_fail=0 spool_capacity_full=118 spool_corrupt_or_unreadable=0 raw_queue_depth=8 raw_queue_high_water=8 pending_depth=8 pending_high_water=8 raw_hold_depth=0 raw_hold_high_water=1 storage_samples=119 storage_lock_wait_us=7 storage_slot_lookup_us=13567 storage_open_us=0 storage_write_us=0 storage_flush_close_us=0 storage_rename_us=0 storage_total_us=1494272 storage_lock_wait_max_us=9 storage_slot_lookup_max_us=14923 storage_open_max_us=13680 storage_write_max_us=4671 storage_flush_close_max_us=360941 storage_rename_max_us=125515 storage_total_max_us=1945610 storage_total_le_640ms=0 storage_total_641_to_1280ms=0 storage_total_gt_1280ms=119
[RAW-SPOOL-FULL] slot=512 total=2752512 used=2367488 free=385024 need=3133 windowIndex=9.
[DROP-SUMMARY] capture_queue_full=203 processing_pending_full_events=110 processing_pending_full_unique=1 actual_drop_total=203 raw_hold_full=0 spool_write_fail=0 spool_capacity_full=119 spool_corrupt_or_unreadable=0 raw_queue_depth=8 raw_queue_high_water=8 pending_depth=8 pending_high_water=8 raw_hold_depth=0 raw_hold_high_water=1 storage_samples=120 storage_lock_wait_us=8 storage_slot_lookup_us=13569 storage_open_us=0 storage_write_us=0 storage_flush_close_us=0 storage_rename_us=0 storage_total_us=1384403 storage_lock_wait_max_us=9 storage_slot_lookup_max_us=14923 storage_open_max_us=13680 storage_write_max_us=4671 storage_flush_close_max_us=360941 storage_rename_max_us=125515 storage_total_max_us=1945610 storage_total_le_640ms=0 storage_total_641_to_1280ms=0 storage_total_gt_1280ms=120
[PROCESSING-DIAG] pending_full held count=111 bootId=40ddbdc25232fbc238063340f6210d76 windowIndex=9 raw_queue=8 pending=8
[RAW-DEBUG] samples=512 quality=valid X[min=-251 max=-223 mean=-237.0 rms=237.0] Y[min=47 max=79 mean=64.8 rms=64.8] Z[min=-72 max=-18 mean=-47.6 rms=48.2]
[AUDIO] Requested synchronized window was overwritten.
[WINDOW] Dropped windows=204 (queue overflow; sequence gaps retained)
[WINDOW] Dropped windows=205 (queue overflow; sequence gaps retained)
[DROP-SUMMARY] capture_queue_full=205 processing_pending_full_events=111 processing_pending_full_unique=1 actual_drop_total=205 raw_hold_full=0 spool_write_fail=0 spool_capacity_full=119 spool_corrupt_or_unreadable=0 raw_queue_depth=8 raw_queue_high_water=8 pending_depth=8 pending_high_water=8 raw_hold_depth=0 raw_hold_high_water=1 storage_samples=120 storage_lock_wait_us=8 storage_slot_lookup_us=13569 storage_open_us=0 storage_write_us=0 storage_flush_close_us=0 storage_rename_us=0 storage_total_us=1384403 storage_lock_wait_max_us=9 storage_slot_lookup_max_us=14923 storage_open_max_us=13680 storage_write_max_us=4671 storage_flush_close_max_us=360941 storage_rename_max_us=125515 storage_total_max_us=1945610 storage_total_le_640ms=0 storage_total_641_to_1280ms=0 storage_total_gt_1280ms=120
[WINDOW] Dropped windows=206 (queue overflow; sequence gaps retained)
[RAW-SPOOL-FULL] slot=512 total=2752512 used=2367488 free=385024 need=3133 windowIndex=9.
[PROCESSING-DIAG] pending_full held count=112 bootId=40ddbdc25232fbc238063340f6210d76 windowIndex=9 raw_queue=8 pending=8
[DROP-SUMMARY] capture_queue_full=206 processing_pending_full_events=112 processing_pending_full_unique=1 actual_drop_total=206 raw_hold_full=0 spool_write_fail=0 spool_capacity_full=120 spool_corrupt_or_unreadable=0 raw_queue_depth=8 raw_queue_high_water=8 pending_depth=8 pending_high_water=8 raw_hold_depth=0 raw_hold_high_water=1 storage_samples=121 storage_lock_wait_us=8 storage_slot_lookup_us=13539 storage_open_us=0 storage_write_us=0 storage_flush_close_us=0 storage_rename_us=0 storage_total_us=1498574 storage_lock_wait_max_us=9 storage_slot_lookup_max_us=14923 storage_open_max_us=13680 storage_write_max_us=4671 storage_flush_close_max_us=360941 storage_rename_max_us=125515 storage_total_max_us=1945610 storage_total_le_640ms=0 storage_total_641_to_1280ms=0 storage_total_gt_1280ms=121
[WINDOW] Dropped windows=207 (queue overflow; sequence gaps retained)
[RAW-SPOOL-FULL] slot=512 total=2752512 used=2367488 free=385024 need=3133 windowIndex=9.
[DROP-SUMMARY] capture_queue_full=207 processing_pending_full_events=112 processing_pending_full_unique=1 actual_drop_total=207 raw_hold_full=0 spool_write_fail=0 spool_capacity_full=121 spool_corrupt_or_unreadable=0 raw_queue_depth=8 raw_queue_high_water=8 pending_depth=8 pending_high_water=8 raw_hold_depth=0 raw_hold_high_water=1 storage_samples=122 storage_lock_wait_us=7 storage_slot_lookup_us=13550 storage_open_us=0 storage_write_us=0 storage_flush_close_us=0 storage_rename_us=0 storage_total_us=1381573 storage_lock_wait_max_us=9 storage_slot_lookup_max_us=14923 storage_open_max_us=13680 storage_write_max_us=4671 storage_flush_close_max_us=360941 storage_rename_max_us=125515 storage_total_max_us=1945610 storage_total_le_640ms=0 storage_total_641_to_1280ms=0 storage_total_gt_1280ms=122
[PROCESSING-DIAG] pending_full held count=113 bootId=40ddbdc25232fbc238063340f6210d76 windowIndex=9 raw_queue=8 pending=8
[AUDIO] Requested synchronized window was overwritten.
[WINDOW] Dropped windows=208 (queue overflow; sequence gaps retained)
[WiFi] Reconnect attempt timed out.

[WiFi] Starting non-blocking connection to jmc
[RAW-SPOOL-FULL] slot=512 total=2752512 used=2367488 free=385024 need=3133 windowIndex=9.
[DROP-SUMMARY] capture_queue_full=208 processing_pending_full_events=113 processing_pending_full_unique=1 actual_drop_total=208 raw_hold_full=0 spool_write_fail=0 spool_capacity_full=122 spool_corrupt_or_unreadable=0 raw_queue_depth=8 raw_queue_high_water=8 pending_depth=8 pending_high_water=8 raw_hold_depth=0 raw_hold_high_water=1 storage_samples=123 storage_lock_wait_us=8 storage_slot_lookup_us=13385 storage_open_us=0 storage_write_us=0 storage_flush_close_us=0 storage_rename_us=0 storage_total_us=1358658 storage_lock_wait_max_us=9 storage_slot_lookup_max_us=14923 storage_open_max_us=13680 storage_write_max_us=4671 storage_flush_close_max_us=360941 storage_rename_max_us=125515 storage_total_max_us=1945610 storage_total_le_640ms=0 storage_total_641_to_1280ms=0 storage_total_gt_1280ms=123
[PROCESSING-DIAG] pending_full held count=114 bootId=40ddbdc25232fbc238063340f6210d76 windowIndex=9 raw_queue=8 pending=8
[AUDIO] Requested synchronized window was overwritten.
[WINDOW] Dropped windows=209 (queue overflow; sequence gaps retained)
[DROP-SUMMARY] capture_queue_full=209 processing_pending_full_events=114 processing_pending_full_unique=1 actual_drop_total=209 raw_hold_full=0 spool_write_fail=0 spool_capacity_full=122 spool_corrupt_or_unreadable=0 raw_queue_depth=8 raw_queue_high_water=8 pending_depth=8 pending_high_water=8 raw_hold_depth=0 raw_hold_high_water=1 storage_samples=123 storage_lock_wait_us=8 storage_slot_lookup_us=13385 storage_open_us=0 storage_write_us=0 storage_flush_close_us=0 storage_rename_us=0 storage_total_us=1358658 storage_lock_wait_max_us=9 storage_slot_lookup_max_us=14923 storage_open_max_us=13680 storage_write_max_us=4671 storage_flush_close_max_us=360941 storage_rename_max_us=125515 storage_total_max_us=1945610 storage_total_le_640ms=0 storage_total_641_to_1280ms=0 storage_total_gt_1280ms=123
[WINDOW] Dropped windows=210 (queue overflow; sequence gaps retained)
[RAW-SPOOL-FULL] slot=512 total=2752512 used=2367488 free=385024 need=3133 windowIndex=9.
[PROCESSING-DIAG] pending_full held count=115 bootId=40ddbdc25232fbc238063340f6210d76 windowIndex=9 raw_queue=8 pending=8
[WINDOW] Dropped windows=211 (queue overflow; sequence gaps retained)
[DROP-SUMMARY] capture_queue_full=211 processing_pending_full_events=115 processing_pending_full_unique=1 actual_drop_total=211 raw_hold_full=0 spool_write_fail=0 spool_capacity_full=123 spool_corrupt_or_unreadable=0 raw_queue_depth=8 raw_queue_high_water=8 pending_depth=8 pending_high_water=8 raw_hold_depth=0 raw_hold_high_water=1 storage_samples=124 storage_lock_wait_us=7 storage_slot_lookup_us=13410 storage_open_us=0 storage_write_us=0 storage_flush_close_us=0 storage_rename_us=0 storage_total_us=1495663 storage_lock_wait_max_us=9 storage_slot_lookup_max_us=14923 storage_open_max_us=13680 storage_write_max_us=4671 storage_flush_close_max_us=360941 storage_rename_max_us=125515 storage_total_max_us=1945610 storage_total_le_640ms=0 storage_total_641_to_1280ms=0 storage_total_gt_1280ms=124
[WINDOW] Dropped windows=212 (queue overflow; sequence gaps retained)
[DROP-SUMMARY] capture_queue_full=212 processing_pending_full_events=115 processing_pending_full_unique=1 actual_drop_total=212 raw_hold_full=0 spool_write_fail=0 spool_capacity_full=123 spool_corrupt_or_unreadable=0 raw_queue_depth=8 raw_queue_high_water=8 pending_depth=8 pending_high_water=8 raw_hold_depth=0 raw_hold_high_water=1 storage_samples=124 storage_lock_wait_us=7 storage_slot_lookup_us=13410 storage_open_us=0 storage_write_us=0 storage_flush_close_us=0 storage_rename_us=0 storage_total_us=1495663 storage_lock_wait_max_us=9 storage_slot_lookup_max_us=14923 storage_open_max_us=13680 storage_write_max_us=4671 storage_flush_close_max_us=360941 storage_rename_max_us=125515 storage_total_max_us=1945610 storage_total_le_640ms=0 storage_total_641_to_1280ms=0 storage_total_gt_1280ms=124
[WINDOW] Dropped windows=213 (queue overflow; sequence gaps retained)
[RAW-SPOOL-FULL] slot=512 total=2752512 used=2367488 free=385024 need=3133 windowIndex=9.
[PROCESSING-DIAG] pending_full held count=116 bootId=40ddbdc25232fbc238063340f6210d76 windowIndex=9 raw_queue=8 pending=8
[WINDOW] Dropped windows=214 (queue overflow; sequence gaps retained)
[DROP-SUMMARY] capture_queue_full=214 processing_pending_full_events=116 processing_pending_full_unique=1 actual_drop_total=214 raw_hold_full=0 spool_write_fail=0 spool_capacity_full=124 spool_corrupt_or_unreadable=0 raw_queue_depth=8 raw_queue_high_water=8 pending_depth=8 pending_high_water=8 raw_hold_depth=0 raw_hold_high_water=1 storage_samples=125 storage_lock_wait_us=7 storage_slot_lookup_us=13569 storage_open_us=0 storage_write_us=0 storage_flush_close_us=0 storage_rename_us=0 storage_total_us=1502972 storage_lock_wait_max_us=9 storage_slot_lookup_max_us=14923 storage_open_max_us=13680 storage_write_max_us=4671 storage_flush_close_max_us=360941 storage_rename_max_us=125515 storage_total_max_us=1945610 storage_total_le_640ms=0 storage_total_641_to_1280ms=0 storage_total_gt_1280ms=125
[WINDOW] Dropped windows=215 (queue overflow; sequence gaps retained)
[RAW-SPOOL-FULL] slot=512 total=2752512 used=2367488 free=385024 need=3133 windowIndex=9.
[PROCESSING-DIAG] pending_full held count=117 bootId=40ddbdc25232fbc238063340f6210d76 windowIndex=9 raw_queue=8 pending=8
[DROP-SUMMARY] capture_queue_full=215 processing_pending_full_events=117 processing_pending_full_unique=1 actual_drop_total=215 raw_hold_full=0 spool_write_fail=0 spool_capacity_full=125 spool_corrupt_or_unreadable=0 raw_queue_depth=8 raw_queue_high_water=8 pending_depth=8 pending_high_water=8 raw_hold_depth=0 raw_hold_high_water=1 storage_samples=126 storage_lock_wait_us=7 storage_slot_lookup_us=13606 storage_open_us=0 storage_write_us=0 storage_flush_close_us=0 storage_rename_us=0 storage_total_us=1491684 storage_lock_wait_max_us=9 storage_slot_lookup_max_us=14923 storage_open_max_us=13680 storage_write_max_us=4671 storage_flush_close_max_us=360941 storage_rename_max_us=125515 storage_total_max_us=1945610 storage_total_le_640ms=0 storage_total_641_to_1280ms=0 storage_total_gt_1280ms=126
[WINDOW] Dropped windows=216 (queue overflow; sequence gaps retained)
[WINDOW] Dropped windows=217 (queue overflow; sequence gaps retained)
[DROP-SUMMARY] capture_queue_full=217 processing_pending_full_events=117 processing_pending_full_unique=1 actual_drop_total=217 raw_hold_full=0 spool_write_fail=0 spool_capacity_full=125 spool_corrupt_or_unreadable=0 raw_queue_depth=8 raw_queue_high_water=8 pending_depth=8 pending_high_water=8 raw_hold_depth=0 raw_hold_high_water=1 storage_samples=126 storage_lock_wait_us=7 storage_slot_lookup_us=13606 storage_open_us=0 storage_write_us=0 storage_flush_close_us=0 storage_rename_us=0 storage_total_us=1491684 storage_lock_wait_max_us=9 storage_slot_lookup_max_us=14923 storage_open_max_us=13680 storage_write_max_us=4671 storage_flush_close_max_us=360941 storage_rename_max_us=125515 storage_total_max_us=1945610 storage_total_le_640ms=0 storage_total_641_to_1280ms=0 storage_total_gt_1280ms=126
[RAW-SPOOL-FULL] slot=512 total=2752512 used=2367488 free=385024 need=3133 windowIndex=9.
[PROCESSING-DIAG] pending_full held count=118 bootId=40ddbdc25232fbc238063340f6210d76 windowIndex=9 raw_queue=8 pending=8
[WINDOW] Dropped windows=218 (queue overflow; sequence gaps retained)
[DROP-SUMMARY] capture_queue_full=218 processing_pending_full_events=118 processing_pending_full_unique=1 actual_drop_total=218 raw_hold_full=0 spool_write_fail=0 spool_capacity_full=126 spool_corrupt_or_unreadable=0 raw_queue_depth=8 raw_queue_high_water=8 pending_depth=8 pending_high_water=8 raw_hold_depth=0 raw_hold_high_water=1 storage_samples=127 storage_lock_wait_us=7 storage_slot_lookup_us=13446 storage_open_us=0 storage_write_us=0 storage_flush_close_us=0 storage_rename_us=0 storage_total_us=1499402 storage_lock_wait_max_us=9 storage_slot_lookup_max_us=14923 storage_open_max_us=13680 storage_write_max_us=4671 storage_flush_close_max_us=360941 storage_rename_max_us=125515 storage_total_max_us=1945610 storage_total_le_640ms=0 storage_total_641_to_1280ms=0 storage_total_gt_1280ms=127
[WINDOW] Dropped windows=219 (queue overflow; sequence gaps retained)
[RAW-SPOOL-FULL] slot=512 total=2752512 used=2367488 free=385024 need=3133 windowIndex=9.
[PROCESSING-DIAG] pending_full held count=119 bootId=40ddbdc25232fbc238063340f6210d76 windowIndex=9 raw_queue=8 pending=8
[DROP-SUMMARY] capture_queue_full=219 processing_pending_full_events=119 processing_pending_full_unique=1 actual_drop_total=219 raw_hold_full=0 spool_write_fail=0 spool_capacity_full=127 spool_corrupt_or_unreadable=0 raw_queue_depth=8 raw_queue_high_water=8 pending_depth=8 pending_high_water=8 raw_hold_depth=0 raw_hold_high_water=1 storage_samples=128 storage_lock_wait_us=7 storage_slot_lookup_us=13703 storage_open_us=0 storage_write_us=0 storage_flush_close_us=0 storage_rename_us=0 storage_total_us=1396761 storage_lock_wait_max_us=9 storage_slot_lookup_max_us=14923 storage_open_max_us=13680 storage_write_max_us=4671 storage_flush_close_max_us=360941 storage_rename_max_us=125515 storage_total_max_us=1945610 storage_total_le_640ms=0 storage_total_641_to_1280ms=0 storage_total_gt_1280ms=128
[AUDIO] Requested synchronized window was overwritten.
[WINDOW] Dropped windows=220 (queue overflow; sequence gaps retained)
[DROP-SUMMARY] capture_queue_full=220 processing_pending_full_events=119 processing_pending_full_unique=1 actual_drop_total=220 raw_hold_full=0 spool_write_fail=0 spool_capacity_full=127 spool_corrupt_or_unreadable=0 raw_queue_depth=8 raw_queue_high_water=8 pending_depth=8 pending_high_water=8 raw_hold_depth=0 raw_hold_high_water=1 storage_samples=128 storage_lock_wait_us=7 storage_slot_lookup_us=13703 storage_open_us=0 storage_write_us=0 storage_flush_close_us=0 storage_rename_us=0 storage_total_us=1396761 storage_lock_wait_max_us=9 storage_slot_lookup_max_us=14923 storage_open_max_us=13680 storage_write_max_us=4671 storage_flush_close_max_us=360941 storage_rename_max_us=125515 storage_total_max_us=1945610 storage_total_le_640ms=0 storage_total_641_to_1280ms=0 storage_total_gt_1280ms=128
[WINDOW] Dropped windows=221 (queue overflow; sequence gaps retained)
[RAW-SPOOL-FULL] slot=512 total=2752512 used=2367488 free=385024 need=3133 windowIndex=9.
[PROCESSING-DIAG] pending_full held count=120 bootId=40ddbdc25232fbc238063340f6210d76 windowIndex=9 raw_queue=8 pending=8
[WINDOW] Dropped windows=222 (queue overflow; sequence gaps retained)
[WiFi] Reconnect attempt timed out.

[WiFi] Starting non-blocking connection to jmc
[RAW-SPOOL-FULL] slot=512 total=2752512 used=2367488 free=385024 need=3133 windowIndex=9.
[DROP-SUMMARY] capture_queue_full=222 processing_pending_full_events=120 processing_pending_full_unique=1 actual_drop_total=222 raw_hold_full=0 spool_write_fail=0 spool_capacity_full=129 spool_corrupt_or_unreadable=0 raw_queue_depth=8 raw_queue_high_water=8 pending_depth=8 pending_high_water=8 raw_hold_depth=0 raw_hold_high_water=1 storage_samples=130 storage_lock_wait_us=6 storage_slot_lookup_us=13520 storage_open_us=0 storage_write_us=0 storage_flush_close_us=0 storage_rename_us=0 storage_total_us=1357467 storage_lock_wait_max_us=9 storage_slot_lookup_max_us=14923 storage_open_max_us=13680 storage_write_max_us=4671 storage_flush_close_max_us=360941 storage_rename_max_us=125515 storage_total_max_us=1945610 storage_total_le_640ms=0 storage_total_641_to_1280ms=0 storage_total_gt_1280ms=130
[PROCESSING-DIAG] pending_full held count=121 bootId=40ddbdc25232fbc238063340f6210d76 windowIndex=9 raw_queue=8 pending=8
[RAW-DEBUG] samples=512 quality=valid X[min=-251 max=-223 mean=-237.0 rms=237.0] Y[min=47 max=79 mean=64.8 rms=64.8] Z[min=-72 max=-18 mean=-47.6 rms=48.2]
[AUDIO] Requested synchronized window was overwritten.
[WINDOW] Dropped windows=223 (queue overflow; sequence gaps retained)
[DROP-SUMMARY] capture_queue_full=223 processing_pending_full_events=121 processing_pending_full_unique=1 actual_drop_total=223 raw_hold_full=0 spool_write_fail=0 spool_capacity_full=129 spool_corrupt_or_unreadable=0 raw_queue_depth=8 raw_queue_high_water=8 pending_depth=8 pending_high_water=8 raw_hold_depth=0 raw_hold_high_water=1 storage_samples=130 storage_lock_wait_us=6 storage_slot_lookup_us=13520 storage_open_us=0 storage_write_us=0 storage_flush_close_us=0 storage_rename_us=0 storage_total_us=1357467 storage_lock_wait_max_us=9 storage_slot_lookup_max_us=14923 storage_open_max_us=13680 storage_write_max_us=4671 storage_flush_close_max_us=360941 storage_rename_max_us=125515 storage_total_max_us=1945610 storage_total_le_640ms=0 storage_total_641_to_1280ms=0 storage_total_gt_1280ms=130
[WINDOW] Dropped windows=224 (queue overflow; sequence gaps retained)
[RAW-SPOOL-FULL] slot=512 total=2752512 used=2367488 free=385024 need=3133 windowIndex=9.
[PROCESSING-DIAG] pending_full held count=122 bootId=40ddbdc25232fbc238063340f6210d76 windowIndex=9 raw_queue=8 pending=8
[WINDOW] Dropped windows=225 (queue overflow; sequence gaps retained)
[DROP-SUMMARY] capture_queue_full=225 processing_pending_full_events=122 processing_pending_full_unique=1 actual_drop_total=225 raw_hold_full=0 spool_write_fail=0 spool_capacity_full=130 spool_corrupt_or_unreadable=0 raw_queue_depth=8 raw_queue_high_water=8 pending_depth=8 pending_high_water=8 raw_hold_depth=0 raw_hold_high_water=1 storage_samples=131 storage_lock_wait_us=7 storage_slot_lookup_us=13580 storage_open_us=0 storage_write_us=0 storage_flush_close_us=0 storage_rename_us=0 storage_total_us=1502119 storage_lock_wait_max_us=9 storage_slot_lookup_max_us=14923 storage_open_max_us=13680 storage_write_max_us=4671 storage_flush_close_max_us=360941 storage_rename_max_us=125515 storage_total_max_us=1945610 storage_total_le_640ms=0 storage_total_641_to_1280ms=0 storage_total_gt_1280ms=131
[RAW-SPOOL-FULL] slot=512 total=2752512 used=2367488 free=385024 need=3133 windowIndex=9.
[DROP-SUMMARY] capture_queue_full=225 processing_pending_full_events=122 processing_pending_full_unique=1 actual_drop_total=225 raw_hold_full=0 spool_write_fail=0 spool_capacity_full=131 spool_corrupt_or_unreadable=0 raw_queue_depth=8 raw_queue_high_water=8 pending_depth=8 pending_high_water=8 raw_hold_depth=0 raw_hold_high_water=1 storage_samples=132 storage_lock_wait_us=7 storage_slot_lookup_us=13562 storage_open_us=0 storage_write_us=0 storage_flush_close_us=0 storage_rename_us=0 storage_total_us=1382036 storage_lock_wait_max_us=9 storage_slot_lookup_max_us=14923 storage_open_max_us=13680 storage_write_max_us=4671 storage_flush_close_max_us=360941 storage_rename_max_us=125515 storage_total_max_us=1945610 storage_total_le_640ms=0 storage_total_641_to_1280ms=0 storage_total_gt_1280ms=132
[PROCESSING-DIAG] pending_full held count=123 bootId=40ddbdc25232fbc238063340f6210d76 windowIndex=9 raw_queue=8 pending=8
[AUDIO] Requested synchronized window was overwritten.
[WINDOW] Dropped windows=226 (queue overflow; sequence gaps retained)
[WINDOW] Dropped windows=227 (queue overflow; sequence gaps retained)
[DROP-SUMMARY] capture_queue_full=227 processing_pending_full_events=123 processing_pending_full_unique=1 actual_drop_total=227 raw_hold_full=0 spool_write_fail=0 spool_capacity_full=131 spool_corrupt_or_unreadable=0 raw_queue_depth=8 raw_queue_high_water=8 pending_depth=8 pending_high_water=8 raw_hold_depth=0 raw_hold_high_water=1 storage_samples=132 storage_lock_wait_us=7 storage_slot_lookup_us=13562 storage_open_us=0 storage_write_us=0 storage_flush_close_us=0 storage_rename_us=0 storage_total_us=1382036 storage_lock_wait_max_us=9 storage_slot_lookup_max_us=14923 storage_open_max_us=13680 storage_write_max_us=4671 storage_flush_close_max_us=360941 storage_rename_max_us=125515 storage_total_max_us=1945610 storage_total_le_640ms=0 storage_total_641_to_1280ms=0 storage_total_gt_1280ms=132
[WINDOW] Dropped windows=228 (queue overflow; sequence gaps retained)
[RAW-SPOOL-FULL] slot=512 total=2752512 used=2367488 free=385024 need=3133 windowIndex=9.
[PROCESSING-DIAG] pending_full held count=124 bootId=40ddbdc25232fbc238063340f6210d76 windowIndex=9 raw_queue=8 pending=8
[DROP-SUMMARY] capture_queue_full=228 processing_pending_full_events=124 processing_pending_full_unique=1 actual_drop_total=228 raw_hold_full=0 spool_write_fail=0 spool_capacity_full=132 spool_corrupt_or_unreadable=0 raw_queue_depth=8 raw_queue_high_water=8 pending_depth=8 pending_high_water=8 raw_hold_depth=0 raw_hold_high_water=1 storage_samples=133 storage_lock_wait_us=7 storage_slot_lookup_us=13437 storage_open_us=0 storage_write_us=0 storage_flush_close_us=0 storage_rename_us=0 storage_total_us=1502407 storage_lock_wait_max_us=9 storage_slot_lookup_max_us=14923 storage_open_max_us=13680 storage_write_max_us=4671 storage_flush_close_max_us=360941 storage_rename_max_us=125515 storage_total_max_us=1945610 storage_total_le_640ms=0 storage_total_641_to_1280ms=0 storage_total_gt_1280ms=133
[WINDOW] Dropped windows=229 (queue overflow; sequence gaps retained)
[RAW-SPOOL-FULL] slot=512 total=2752512 used=2367488 free=385024 need=3133 windowIndex=9.
[DROP-SUMMARY] capture_queue_full=229 processing_pending_full_events=124 processing_pending_full_unique=1 actual_drop_total=229 raw_hold_full=0 spool_write_fail=0 spool_capacity_full=133 spool_corrupt_or_unreadable=0 raw_queue_depth=8 raw_queue_high_water=8 pending_depth=8 pending_high_water=8 raw_hold_depth=0 raw_hold_high_water=1 storage_samples=134 storage_lock_wait_us=7 storage_slot_lookup_us=13532 storage_open_us=0 storage_write_us=0 storage_flush_close_us=0 storage_rename_us=0 storage_total_us=1384288 storage_lock_wait_max_us=9 storage_slot_lookup_max_us=14923 storage_open_max_us=13680 storage_write_max_us=4671 storage_flush_close_max_us=360941 storage_rename_max_us=125515 storage_total_max_us=1945610 storage_total_le_640ms=0 storage_total_641_to_1280ms=0 storage_total_gt_1280ms=134
[PROCESSING-DIAG] pending_full held count=125 bootId=40ddbdc25232fbc238063340f6210d76 windowIndex=9 raw_queue=8 pending=8
[AUDIO] Requested synchronized window was overwritten.
[WINDOW] Dropped windows=230 (queue overflow; sequence gaps retained)
[DROP-SUMMARY] capture_queue_full=230 processing_pending_full_events=125 processing_pending_full_unique=1 actual_drop_total=230 raw_hold_full=0 spool_write_fail=0 spool_capacity_full=133 spool_corrupt_or_unreadable=0 raw_queue_depth=8 raw_queue_high_water=8 pending_depth=8 pending_high_water=8 raw_hold_depth=0 raw_hold_high_water=1 storage_samples=134 storage_lock_wait_us=7 storage_slot_lookup_us=13532 storage_open_us=0 storage_write_us=0 storage_flush_close_us=0 storage_rename_us=0 storage_total_us=1384288 storage_lock_wait_max_us=9 storage_slot_lookup_max_us=14923 storage_open_max_us=13680 storage_write_max_us=4671 storage_flush_close_max_us=360941 storage_rename_max_us=125515 storage_total_max_us=1945610 storage_total_le_640ms=0 storage_total_641_to_1280ms=0 storage_total_gt_1280ms=134
[WINDOW] Dropped windows=231 (queue overflow; sequence gaps retained)
[RAW-SPOOL-FULL] slot=512 total=2752512 used=2367488 free=385024 need=3133 windowIndex=9.
[PROCESSING-DIAG] pending_full held count=126 bootId=40ddbdc25232fbc238063340f6210d76 windowIndex=9 raw_queue=8 pending=8
[WINDOW] Dropped windows=232 (queue overflow; sequence gaps retained)
[DROP-SUMMARY] capture_queue_full=232 processing_pending_full_events=126 processing_pending_full_unique=1 actual_drop_total=232 raw_hold_full=0 spool_write_fail=0 spool_capacity_full=134 spool_corrupt_or_unreadable=0 raw_queue_depth=8 raw_queue_high_water=8 pending_depth=8 pending_high_water=8 raw_hold_depth=0 raw_hold_high_water=1 storage_samples=135 storage_lock_wait_us=7 storage_slot_lookup_us=13902 storage_open_us=0 storage_write_us=0 storage_flush_close_us=0 storage_rename_us=0 storage_total_us=1501377 storage_lock_wait_max_us=9 storage_slot_lookup_max_us=14923 storage_open_max_us=13680 storage_write_max_us=4671 storage_flush_close_max_us=360941 storage_rename_max_us=125515 storage_total_max_us=1945610 storage_total_le_640ms=0 storage_total_641_to_1280ms=0 storage_total_gt_1280ms=135
[WINDOW] Dropped windows=233 (queue overflow; sequence gaps retained)
[DROP-SUMMARY] capture_queue_full=233 processing_pending_full_events=126 processing_pending_full_unique=1 actual_drop_total=233 raw_hold_full=0 spool_write_fail=0 spool_capacity_full=134 spool_corrupt_or_unreadable=0 raw_queue_depth=8 raw_queue_high_water=8 pending_depth=8 pending_high_water=8 raw_hold_depth=0 raw_hold_high_water=1 storage_samples=135 storage_lock_wait_us=7 storage_slot_lookup_us=13902 storage_open_us=0 storage_write_us=0 storage_flush_close_us=0 storage_rename_us=0 storage_total_us=1501377 storage_lock_wait_max_us=9 storage_slot_lookup_max_us=14923 storage_open_max_us=13680 storage_write_max_us=4671 storage_flush_close_max_us=360941 storage_rename_max_us=125515 storage_total_max_us=1945610 storage_total_le_640ms=0 storage_total_641_to_1280ms=0 storage_total_gt_1280ms=135
[WINDOW] Dropped windows=234 (queue overflow; sequence gaps retained)
[RAW-SPOOL-FULL] slot=512 total=2752512 used=2367488 free=385024 need=3133 windowIndex=9.
[PROCESSING-DIAG] pending_full held count=127 bootId=40ddbdc25232fbc238063340f6210d76 windowIndex=9 raw_queue=8 pending=8
[WiFi] Reconnect attempt timed out.

[WiFi] Starting non-blocking connection to jmc
[WINDOW] Dropped windows=235 (queue overflow; sequence gaps retained)
[DROP-SUMMARY] capture_queue_full=235 processing_pending_full_events=127 processing_pending_full_unique=1 actual_drop_total=235 raw_hold_full=0 spool_write_fail=0 spool_capacity_full=135 spool_corrupt_or_unreadable=0 raw_queue_depth=8 raw_queue_high_water=8 pending_depth=8 pending_high_water=8 raw_hold_depth=0 raw_hold_high_water=1 storage_samples=136 storage_lock_wait_us=7 storage_slot_lookup_us=15774 storage_open_us=0 storage_write_us=0 storage_flush_close_us=0 storage_rename_us=0 storage_total_us=1509346 storage_lock_wait_max_us=9 storage_slot_lookup_max_us=15774 storage_open_max_us=13680 storage_write_max_us=4671 storage_flush_close_max_us=360941 storage_rename_max_us=125515 storage_total_max_us=1945610 storage_total_le_640ms=0 storage_total_641_to_1280ms=0 storage_total_gt_1280ms=136
[WINDOW] Dropped windows=236 (queue overflow; sequence gaps retained)
[RAW-SPOOL-FULL] slot=512 total=2752512 used=2367488 free=385024 need=3133 windowIndex=9.
[PROCESSING-DIAG] pending_full held count=128 bootId=40ddbdc25232fbc238063340f6210d76 windowIndex=9 raw_queue=8 pending=8
[DROP-SUMMARY] capture_queue_full=236 processing_pending_full_events=128 processing_pending_full_unique=1 actual_drop_total=236 raw_hold_full=0 spool_write_fail=0 spool_capacity_full=136 spool_corrupt_or_unreadable=0 raw_queue_depth=8 raw_queue_high_water=8 pending_depth=8 pending_high_water=8 raw_hold_depth=0 raw_hold_high_water=1 storage_samples=137 storage_lock_wait_us=7 storage_slot_lookup_us=13499 storage_open_us=0 storage_write_us=0 storage_flush_close_us=0 storage_rename_us=0 storage_total_us=1520378 storage_lock_wait_max_us=9 storage_slot_lookup_max_us=15774 storage_open_max_us=13680 storage_write_max_us=4671 storage_flush_close_max_us=360941 storage_rename_max_us=125515 storage_total_max_us=1945610 storage_total_le_640ms=0 storage_total_641_to_1280ms=0 storage_total_gt_1280ms=137
[WINDOW] Dropped windows=237 (queue overflow; sequence gaps retained)
[WINDOW] Dropped windows=238 (queue overflow; sequence gaps retained)
[DROP-SUMMARY] capture_queue_full=238 processing_pending_full_events=128 processing_pending_full_unique=1 actual_drop_total=238 raw_hold_full=0 spool_write_fail=0 spool_capacity_full=136 spool_corrupt_or_unreadable=0 raw_queue_depth=8 raw_queue_high_water=8 pending_depth=8 pending_high_water=8 raw_hold_depth=0 raw_hold_high_water=1 storage_samples=137 storage_lock_wait_us=7 storage_slot_lookup_us=13499 storage_open_us=0 storage_write_us=0 storage_flush_close_us=0 storage_rename_us=0 storage_total_us=1520378 storage_lock_wait_max_us=9 storage_slot_lookup_max_us=15774 storage_open_max_us=13680 storage_write_max_us=4671 storage_flush_close_max_us=360941 storage_rename_max_us=125515 storage_total_max_us=1945610 storage_total_le_640ms=0 storage_total_641_to_1280ms=0 storage_total_gt_1280ms=137
[RAW-SPOOL-FULL] slot=512 total=2752512 used=2367488 free=385024 need=3133 windowIndex=9.
[PROCESSING-DIAG] pending_full held count=129 bootId=40ddbdc25232fbc238063340f6210d76 windowIndex=9 raw_queue=8 pending=8
[WINDOW] Dropped windows=239 (queue overflow; sequence gaps retained)
[DROP-SUMMARY] capture_queue_full=239 processing_pending_full_events=129 processing_pending_full_unique=1 actual_drop_total=239 raw_hold_full=0 spool_write_fail=0 spool_capacity_full=137 spool_corrupt_or_unreadable=0 raw_queue_depth=8 raw_queue_high_water=8 pending_depth=8 pending_high_water=8 raw_hold_depth=0 raw_hold_high_water=1 storage_samples=138 storage_lock_wait_us=7 storage_slot_lookup_us=13422 storage_open_us=0 storage_write_us=0 storage_flush_close_us=0 storage_rename_us=0 storage_total_us=1448890 storage_lock_wait_max_us=9 storage_slot_lookup_max_us=15774 storage_open_max_us=13680 storage_write_max_us=4671 storage_flush_close_max_us=360941 storage_rename_max_us=125515 storage_total_max_us=1945610 storage_total_le_640ms=0 storage_total_641_to_1280ms=0 storage_total_gt_1280ms=138
[WINDOW] Dropped windows=240 (queue overflow; sequence gaps retained)
[RAW-SPOOL-FULL] slot=512 total=2752512 used=2367488 free=385024 need=3133 windowIndex=9.
[PROCESSING-DIAG] pending_full held count=130 bootId=40ddbdc25232fbc238063340f6210d76 windowIndex=9 raw_queue=8 pending=8
[DROP-SUMMARY] capture_queue_full=240 processing_pending_full_events=130 processing_pending_full_unique=1 actual_drop_total=240 raw_hold_full=0 spool_write_fail=0 spool_capacity_full=138 spool_corrupt_or_unreadable=0 raw_queue_depth=8 raw_queue_high_water=8 pending_depth=8 pending_high_water=8 raw_hold_depth=0 raw_hold_high_water=1 storage_samples=139 storage_lock_wait_us=9 storage_slot_lookup_us=13509 storage_open_us=0 storage_write_us=0 storage_flush_close_us=0 storage_rename_us=0 storage_total_us=1504517 storage_lock_wait_max_us=9 storage_slot_lookup_max_us=15774 storage_open_max_us=13680 storage_write_max_us=4671 storage_flush_close_max_us=360941 storage_rename_max_us=125515 storage_total_max_us=1945610 storage_total_le_640ms=0 storage_total_641_to_1280ms=0 storage_total_gt_1280ms=139
[WINDOW] Dropped windows=241 (queue overflow; sequence gaps retained)
[WINDOW] Dropped windows=242 (queue overflow; sequence gaps retained)
[RAW-SPOOL-FULL] slot=512 total=2752512 used=2367488 free=385024 need=3133 windowIndex=9.
[DROP-SUMMARY] capture_queue_full=242 processing_pending_full_events=130 processing_pending_full_unique=1 actual_drop_total=242 raw_hold_full=0 spool_write_fail=0 spool_capacity_full=139 spool_corrupt_or_unreadable=0 raw_queue_depth=8 raw_queue_high_water=8 pending_depth=8 pending_high_water=8 raw_hold_depth=0 raw_hold_high_water=1 storage_samples=140 storage_lock_wait_us=7 storage_slot_lookup_us=13641 storage_open_us=0 storage_write_us=0 storage_flush_close_us=0 storage_rename_us=0 storage_total_us=1398832 storage_lock_wait_max_us=9 storage_slot_lookup_max_us=15774 storage_open_max_us=13680 storage_write_max_us=4671 storage_flush_close_max_us=360941 storage_rename_max_us=125515 storage_total_max_us=1945610 storage_total_le_640ms=0 storage_total_641_to_1280ms=0 storage_total_gt_1280ms=140
[PROCESSING-DIAG] pending_full held count=131 bootId=40ddbdc25232fbc238063340f6210d76 windowIndex=9 raw_queue=8 pending=8
[RAW-DEBUG] samples=512 quality=valid X[min=-251 max=-223 mean=-237.0 rms=237.0] Y[min=47 max=79 mean=64.8 rms=64.8] Z[min=-72 max=-18 mean=-47.6 rms=48.2]
[AUDIO] Requested synchronized window was overwritten.
[WINDOW] Dropped windows=243 (queue overflow; sequence gaps retained)
[DROP-SUMMARY] capture_queue_full=243 processing_pending_full_events=131 processing_pending_full_unique=1 actual_drop_total=243 raw_hold_full=0 spool_write_fail=0 spool_capacity_full=139 spool_corrupt_or_unreadable=0 raw_queue_depth=8 raw_queue_high_water=8 pending_depth=8 pending_high_water=8 raw_hold_depth=0 raw_hold_high_water=1 storage_samples=140 storage_lock_wait_us=7 storage_slot_lookup_us=13641 storage_open_us=0 storage_write_us=0 storage_flush_close_us=0 storage_rename_us=0 storage_total_us=1398832 storage_lock_wait_max_us=9 storage_slot_lookup_max_us=15774 storage_open_max_us=13680 storage_write_max_us=4671 storage_flush_close_max_us=360941 storage_rename_max_us=125515 storage_total_max_us=1945610 storage_total_le_640ms=0 storage_total_641_to_1280ms=0 storage_total_gt_1280ms=140
[WINDOW] Dropped windows=244 (queue overflow; sequence gaps retained)
[RAW-SPOOL-FULL] slot=512 total=2752512 used=2367488 free=385024 need=3133 windowIndex=9.
[PROCESSING-DIAG] pending_full held count=132 bootId=40ddbdc25232fbc238063340f6210d76 windowIndex=9 raw_queue=8 pending=8
[WINDOW] Dropped windows=245 (queue overflow; sequence gaps retained)
[DROP-SUMMARY] capture_queue_full=245 processing_pending_full_events=132 processing_pending_full_unique=1 actual_drop_total=245 raw_hold_full=0 spool_write_fail=0 spool_capacity_full=140 spool_corrupt_or_unreadable=0 raw_queue_depth=8 raw_queue_high_water=8 pending_depth=8 pending_high_water=8 raw_hold_depth=0 raw_hold_high_water=1 storage_samples=141 storage_lock_wait_us=7 storage_slot_lookup_us=13937 storage_open_us=0 storage_write_us=0 storage_flush_close_us=0 storage_rename_us=0 storage_total_us=1502652 storage_lock_wait_max_us=9 storage_slot_lookup_max_us=15774 storage_open_max_us=13680 storage_write_max_us=4671 storage_flush_close_max_us=360941 storage_rename_max_us=125515 storage_total_max_us=1945610 storage_total_le_640ms=0 storage_total_641_to_1280ms=0 storage_total_gt_1280ms=141
[RAW-SPOOL-FULL] slot=512 total=2752512 used=2367488 free=385024 need=3133 windowIndex=9.
[DROP-SUMMARY] capture_queue_full=245 processing_pending_full_events=132 processing_pending_full_unique=1 actual_drop_total=245 raw_hold_full=0 spool_write_fail=0 spool_capacity_full=141 spool_corrupt_or_unreadable=0 raw_queue_depth=8 raw_queue_high_water=8 pending_depth=8 pending_high_water=8 raw_hold_depth=0 raw_hold_high_water=1 storage_samples=142 storage_lock_wait_us=7 storage_slot_lookup_us=13580 storage_open_us=0 storage_write_us=0 storage_flush_close_us=0 storage_rename_us=0 storage_total_us=1382698 storage_lock_wait_max_us=9 storage_slot_lookup_max_us=15774 storage_open_max_us=13680 storage_write_max_us=4671 storage_flush_close_max_us=360941 storage_rename_max_us=125515 storage_total_max_us=1945610 storage_total_le_640ms=0 storage_total_641_to_1280ms=0 storage_total_gt_1280ms=142
[PROCESSING-DIAG] pending_full held count=133 bootId=40ddbdc25232fbc238063340f6210d76 windowIndex=9 raw_queue=8 pending=8
[AUDIO] Requested synchronized window was overwritten.
[WINDOW] Dropped windows=246 (queue overflow; sequence gaps retained)
[WINDOW] Dropped windows=247 (queue overflow; sequence gaps retained)
[DROP-SUMMARY] capture_queue_full=247 processing_pending_full_events=133 processing_pending_full_unique=1 actual_drop_total=247 raw_hold_full=0 spool_write_fail=0 spool_capacity_full=141 spool_corrupt_or_unreadable=0 raw_queue_depth=8 raw_queue_high_water=8 pending_depth=8 pending_high_water=8 raw_hold_depth=0 raw_hold_high_water=1 storage_samples=142 storage_lock_wait_us=7 storage_slot_lookup_us=13580 storage_open_us=0 storage_write_us=0 storage_flush_close_us=0 storage_rename_us=0 storage_total_us=1382698 storage_lock_wait_max_us=9 storage_slot_lookup_max_us=15774 storage_open_max_us=13680 storage_write_max_us=4671 storage_flush_close_max_us=360941 storage_rename_max_us=125515 storage_total_max_us=1945610 storage_total_le_640ms=0 storage_total_641_to_1280ms=0 storage_total_gt_1280ms=142
[WiFi] Reconnect attempt timed out.

[WiFi] Starting non-blocking connection to jmc
[RAW-SPOOL-FULL] slot=512 total=2752512 used=2367488 free=385024 need=3133 windowIndex=9.
[PROCESSING-DIAG] pending_full held count=134 bootId=40ddbdc25232fbc238063340f6210d76 windowIndex=9 raw_queue=8 pending=8
[AUDIO] Requested synchronized window was overwritten.
[WINDOW] Dropped windows=248 (queue overflow; sequence gaps retained)
[DROP-SUMMARY] capture_queue_full=248 processing_pending_full_events=134 processing_pending_full_unique=1 actual_drop_total=248 raw_hold_full=0 spool_write_fail=0 spool_capacity_full=142 spool_corrupt_or_unreadable=0 raw_queue_depth=8 raw_queue_high_water=8 pending_depth=8 pending_high_water=8 raw_hold_depth=0 raw_hold_high_water=1 storage_samples=143 storage_lock_wait_us=7 storage_slot_lookup_us=13426 storage_open_us=0 storage_write_us=0 storage_flush_close_us=0 storage_rename_us=0 storage_total_us=1429690 storage_lock_wait_max_us=9 storage_slot_lookup_max_us=15774 storage_open_max_us=13680 storage_write_max_us=4671 storage_flush_close_max_us=360941 storage_rename_max_us=125515 storage_total_max_us=1945610 storage_total_le_640ms=0 storage_total_641_to_1280ms=0 storage_total_gt_1280ms=143
[WINDOW] Dropped windows=249 (queue overflow; sequence gaps retained)
[DROP-SUMMARY] capture_queue_full=249 processing_pending_full_events=134 processing_pending_full_unique=1 actual_drop_total=249 raw_hold_full=0 spool_write_fail=0 spool_capacity_full=142 spool_corrupt_or_unreadable=0 raw_queue_depth=8 raw_queue_high_water=8 pending_depth=8 pending_high_water=8 raw_hold_depth=0 raw_hold_high_water=1 storage_samples=143 storage_lock_wait_us=7 storage_slot_lookup_us=13426 storage_open_us=0 storage_write_us=0 storage_flush_close_us=0 storage_rename_us=0 storage_total_us=1429690 storage_lock_wait_max_us=9 storage_slot_lookup_max_us=15774 storage_open_max_us=13680 storage_write_max_us=4671 storage_flush_close_max_us=360941 storage_rename_max_us=125515 storage_total_max_us=1945610 storage_total_le_640ms=0 storage_total_641_to_1280ms=0 storage_total_gt_1280ms=143
[RAW-SPOOL-FULL] slot=512 total=2752512 used=2367488 free=385024 need=3133 windowIndex=9.
[PROCESSING-DIAG] pending_full held count=135 bootId=40ddbdc25232fbc238063340f6210d76 windowIndex=9 raw_queue=8 pending=8
[WINDOW] Dropped windows=250 (queue overflow; sequence gaps retained)
[WINDOW] Dropped windows=251 (queue overflow; sequence gaps retained)
[RAW-SPOOL-FULL] slot=512 total=2752512 used=2367488 free=385024 need=3133 windowIndex=9.
[DROP-SUMMARY] capture_queue_full=251 processing_pending_full_events=135 processing_pending_full_unique=1 actual_drop_total=251 raw_hold_full=0 spool_write_fail=0 spool_capacity_full=144 spool_corrupt_or_unreadable=0 raw_queue_depth=8 raw_queue_high_water=8 pending_depth=8 pending_high_water=8 raw_hold_depth=0 raw_hold_high_water=1 storage_samples=145 storage_lock_wait_us=6 storage_slot_lookup_us=13596 storage_open_us=0 storage_write_us=0 storage_flush_close_us=0 storage_rename_us=0 storage_total_us=1401871 storage_lock_wait_max_us=9 storage_slot_lookup_max_us=15774 storage_open_max_us=13680 storage_write_max_us=4671 storage_flush_close_max_us=360941 storage_rename_max_us=125515 storage_total_max_us=1945610 storage_total_le_640ms=0 storage_total_641_to_1280ms=0 storage_total_gt_1280ms=145
[PROCESSING-DIAG] pending_full held count=136 bootId=40ddbdc25232fbc238063340f6210d76 windowIndex=9 raw_queue=8 pending=8
[AUDIO] Requested synchronized window was overwritten.
[WINDOW] Dropped windows=252 (queue overflow; sequence gaps retained)
[DROP-SUMMARY] capture_queue_full=252 processing_pending_full_events=136 processing_pending_full_unique=1 actual_drop_total=252 raw_hold_full=0 spool_write_fail=0 spool_capacity_full=144 spool_corrupt_or_unreadable=0 raw_queue_depth=8 raw_queue_high_water=8 pending_depth=8 pending_high_water=8 raw_hold_depth=0 raw_hold_high_water=1 storage_samples=145 storage_lock_wait_us=6 storage_slot_lookup_us=13596 storage_open_us=0 storage_write_us=0 storage_flush_close_us=0 storage_rename_us=0 storage_total_us=1401871 storage_lock_wait_max_us=9 storage_slot_lookup_max_us=15774 storage_open_max_us=13680 storage_write_max_us=4671 storage_flush_close_max_us=360941 storage_rename_max_us=125515 storage_total_max_us=1945610 storage_total_le_640ms=0 storage_total_641_to_1280ms=0 storage_total_gt_1280ms=145
[WINDOW] Dropped windows=253 (queue overflow; sequence gaps retained)
[RAW-SPOOL-FULL] slot=512 total=2752512 used=2367488 free=385024 need=3133 windowIndex=9.
[PROCESSING-DIAG] pending_full held count=137 bootId=40ddbdc25232fbc238063340f6210d76 windowIndex=9 raw_queue=8 pending=8
[DROP-SUMMARY] capture_queue_full=253 processing_pending_full_events=137 processing_pending_full_unique=1 actual_drop_total=253 raw_hold_full=0 spool_write_fail=0 spool_capacity_full=145 spool_corrupt_or_unreadable=0 raw_queue_depth=8 raw_queue_high_water=8 pending_depth=8 pending_high_water=8 raw_hold_depth=0 raw_hold_high_water=1 storage_samples=146 storage_lock_wait_us=8 storage_slot_lookup_us=13690 storage_open_us=0 storage_write_us=0 storage_flush_close_us=0 storage_rename_us=0 storage_total_us=1502005 storage_lock_wait_max_us=9 storage_slot_lookup_max_us=15774 storage_open_max_us=13680 storage_write_max_us=4671 storage_flush_close_max_us=360941 storage_rename_max_us=125515 storage_total_max_us=1945610 storage_total_le_640ms=0 storage_total_641_to_1280ms=0 storage_total_gt_1280ms=146
[WINDOW] Dropped windows=254 (queue overflow; sequence gaps retained)
[RAW-SPOOL-FULL] slot=512 total=2752512 used=2367488 free=385024 need=3133 windowIndex=9.
[DROP-SUMMARY] capture_queue_full=254 processing_pending_full_events=137 processing_pending_full_unique=1 actual_drop_total=254 raw_hold_full=0 spool_write_fail=0 spool_capacity_full=146 spool_corrupt_or_unreadable=0 raw_queue_depth=8 raw_queue_high_water=8 pending_depth=8 pending_high_water=8 raw_hold_depth=0 raw_hold_high_water=1 storage_samples=147 storage_lock_wait_us=8 storage_slot_lookup_us=13460 storage_open_us=0 storage_write_us=0 storage_flush_close_us=0 storage_rename_us=0 storage_total_us=1384233 storage_lock_wait_max_us=9 storage_slot_lookup_max_us=15774 storage_open_max_us=13680 storage_write_max_us=4671 storage_flush_close_max_us=360941 storage_rename_max_us=125515 storage_total_max_us=1945610 storage_total_le_640ms=0 storage_total_641_to_1280ms=0 storage_total_gt_1280ms=147
[PROCESSING-DIAG] pending_full held count=138 bootId=40ddbdc25232fbc238063340f6210d76 windowIndex=9 raw_queue=8 pending=8
[AUDIO] Requested synchronized window was overwritten.
[WINDOW] Dropped windows=255 (queue overflow; sequence gaps retained)
[WINDOW] Dropped windows=256 (queue overflow; sequence gaps retained)
[DROP-SUMMARY] capture_queue_full=256 processing_pending_full_events=138 processing_pending_full_unique=1 actual_drop_total=256 raw_hold_full=0 spool_write_fail=0 spool_capacity_full=146 spool_corrupt_or_unreadable=0 raw_queue_depth=8 raw_queue_high_water=8 pending_depth=8 pending_high_water=8 raw_hold_depth=0 raw_hold_high_water=1 storage_samples=147 storage_lock_wait_us=8 storage_slot_lookup_us=13460 storage_open_us=0 storage_write_us=0 storage_flush_close_us=0 storage_rename_us=0 storage_total_us=1384233 storage_lock_wait_max_us=9 storage_slot_lookup_max_us=15774 storage_open_max_us=13680 storage_write_max_us=4671 storage_flush_close_max_us=360941 storage_rename_max_us=125515 storage_total_max_us=1945610 storage_total_le_640ms=0 storage_total_641_to_1280ms=0 storage_total_gt_1280ms=147
[WINDOW] Dropped windows=257 (queue overflow; sequence gaps retained)
[RAW-SPOOL-FULL] slot=512 total=2752512 used=2367488 free=385024 need=3133 windowIndex=9.
[PROCESSING-DIAG] pending_full held count=139 bootId=40ddbdc25232fbc238063340f6210d76 windowIndex=9 raw_queue=8 pending=8
[DROP-SUMMARY] capture_queue_full=257 processing_pending_full_events=139 processing_pending_full_unique=1 actual_drop_total=257 raw_hold_full=0 spool_write_fail=0 spool_capacity_full=147 spool_corrupt_or_unreadable=0 raw_queue_depth=8 raw_queue_high_water=8 pending_depth=8 pending_high_water=8 raw_hold_depth=0 raw_hold_high_water=1 storage_samples=148 storage_lock_wait_us=7 storage_slot_lookup_us=13576 storage_open_us=0 storage_write_us=0 storage_flush_close_us=0 storage_rename_us=0 storage_total_us=1503877 storage_lock_wait_max_us=9 storage_slot_lookup_max_us=15774 storage_open_max_us=13680 storage_write_max_us=4671 storage_flush_close_max_us=360941 storage_rename_max_us=125515 storage_total_max_us=1945610 storage_total_le_640ms=0 storage_total_641_to_1280ms=0 storage_total_gt_1280ms=148
[WINDOW] Dropped windows=258 (queue overflow; sequence gaps retained)
[RAW-SPOOL-FULL] slot=512 total=2752512 used=2367488 free=385024 need=3133 windowIndex=9.
[DROP-SUMMARY] capture_queue_full=258 processing_pending_full_events=139 processing_pending_full_unique=1 actual_drop_total=258 raw_hold_full=0 spool_write_fail=0 spool_capacity_full=148 spool_corrupt_or_unreadable=0 raw_queue_depth=8 raw_queue_high_water=8 pending_depth=8 pending_high_water=8 raw_hold_depth=0 raw_hold_high_water=1 storage_samples=149 storage_lock_wait_us=7 storage_slot_lookup_us=13441 storage_open_us=0 storage_write_us=0 storage_flush_close_us=0 storage_rename_us=0 storage_total_us=1383733 storage_lock_wait_max_us=9 storage_slot_lookup_max_us=15774 storage_open_max_us=13680 storage_write_max_us=4671 storage_flush_close_max_us=360941 storage_rename_max_us=125515 storage_total_max_us=1945610 storage_total_le_640ms=0 storage_total_641_to_1280ms=0 storage_total_gt_1280ms=149
[PROCESSING-DIAG] pending_full held count=140 bootId=40ddbdc25232fbc238063340f6210d76 windowIndex=9 raw_queue=8 pending=8
[AUDIO] Requested synchronized window was overwritten.
[WINDOW] Dropped windows=259 (queue overflow; sequence gaps retained)
[WiFi] Reconnect attempt timed out.

[WiFi] Starting non-blocking connection to jmc
[DROP-SUMMARY] capture_queue_full=259 processing_pending_full_events=140 processing_pending_full_unique=1 actual_drop_total=259 raw_hold_full=0 spool_write_fail=0 spool_capacity_full=148 spool_corrupt_or_unreadable=0 raw_queue_depth=8 raw_queue_high_water=8 pending_depth=8 pending_high_water=8 raw_hold_depth=0 raw_hold_high_water=1 storage_samples=149 storage_lock_wait_us=7 storage_slot_lookup_us=13441 storage_open_us=0 storage_write_us=0 storage_flush_close_us=0 storage_rename_us=0 storage_total_us=1383733 storage_lock_wait_max_us=9 storage_slot_lookup_max_us=15774 storage_open_max_us=13680 storage_write_max_us=4671 storage_flush_close_max_us=360941 storage_rename_max_us=125515 storage_total_max_us=1945610 storage_total_le_640ms=0 storage_total_641_to_1280ms=0 storage_total_gt_1280ms=149
[WINDOW] Dropped windows=260 (queue overflow; sequence gaps retained)
[RAW-SPOOL-FULL] slot=512 total=2752512 used=2367488 free=385024 need=3133 windowIndex=9.
[PROCESSING-DIAG] pending_full held count=141 bootId=40ddbdc25232fbc238063340f6210d76 windowIndex=9 raw_queue=8 pending=8
[RAW-DEBUG] samples=512 quality=valid X[min=-251 max=-223 mean=-237.0 rms=237.0] Y[min=47 max=79 mean=64.8 rms=64.8] Z[min=-72 max=-18 mean=-47.6 rms=48.2]
[WINDOW] Dropped windows=261 (queue overflow; sequence gaps retained)
[DROP-SUMMARY] capture_queue_full=261 processing_pending_full_events=141 processing_pending_full_unique=1 actual_drop_total=261 raw_hold_full=0 spool_write_fail=0 spool_capacity_full=149 spool_corrupt_or_unreadable=0 raw_queue_depth=8 raw_queue_high_water=8 pending_depth=8 pending_high_water=8 raw_hold_depth=0 raw_hold_high_water=1 storage_samples=150 storage_lock_wait_us=7 storage_slot_lookup_us=13944 storage_open_us=0 storage_write_us=0 storage_flush_close_us=0 storage_rename_us=0 storage_total_us=1515400 storage_lock_wait_max_us=9 storage_slot_lookup_max_us=15774 storage_open_max_us=13680 storage_write_max_us=4671 storage_flush_close_max_us=360941 storage_rename_max_us=125515 storage_total_max_us=1945610 storage_total_le_640ms=0 storage_total_641_to_1280ms=0 storage_total_gt_1280ms=150
[WINDOW] Dropped windows=262 (queue overflow; sequence gaps retained)
[DROP-SUMMARY] capture_queue_full=262 processing_pending_full_events=141 processing_pending_full_unique=1 actual_drop_total=262 raw_hold_full=0 spool_write_fail=0 spool_capacity_full=149 spool_corrupt_or_unreadable=0 raw_queue_depth=8 raw_queue_high_water=8 pending_depth=8 pending_high_water=8 raw_hold_depth=0 raw_hold_high_water=1 storage_samples=150 storage_lock_wait_us=7 storage_slot_lookup_us=13944 storage_open_us=0 storage_write_us=0 storage_flush_close_us=0 storage_rename_us=0 storage_total_us=1515400 storage_lock_wait_max_us=9 storage_slot_lookup_max_us=15774 storage_open_max_us=13680 storage_write_max_us=4671 storage_flush_close_max_us=360941 storage_rename_max_us=125515 storage_total_max_us=1945610 storage_total_le_640ms=0 storage_total_641_to_1280ms=0 storage_total_gt_1280ms=150
[RAW-SPOOL-FULL] slot=512 total=2752512 used=2367488 free=385024 need=3133 windowIndex=9.
[PROCESSING-DIAG] pending_full held count=142 bootId=40ddbdc25232fbc238063340f6210d76 windowIndex=9 raw_queue=8 pending=8
[WINDOW] Dropped windows=263 (queue overflow; sequence gaps retained)
[DROP-SUMMARY] capture_queue_full=263 processing_pending_full_events=142 processing_pending_full_unique=1 actual_drop_total=263 raw_hold_full=0 spool_write_fail=0 spool_capacity_full=150 spool_corrupt_or_unreadable=0 raw_queue_depth=8 raw_queue_high_water=8 pending_depth=8 pending_high_water=8 raw_hold_depth=0 raw_hold_high_water=1 storage_samples=151 storage_lock_wait_us=7 storage_slot_lookup_us=13539 storage_open_us=0 storage_write_us=0 storage_flush_close_us=0 storage_rename_us=0 storage_total_us=1463164 storage_lock_wait_max_us=9 storage_slot_lookup_max_us=15774 storage_open_max_us=13680 storage_write_max_us=4671 storage_flush_close_max_us=360941 storage_rename_max_us=125515 storage_total_max_us=1945610 storage_total_le_640ms=0 storage_total_641_to_1280ms=0 storage_total_gt_1280ms=151
[WINDOW] Dropped windows=264 (queue overflow; sequence gaps retained)
[WINDOW] Dropped windows=265 (queue overflow; sequence gaps retained)
[RAW-SPOOL-FULL] slot=512 total=2752512 used=2367488 free=385024 need=3133 windowIndex=9.
[PROCESSING-DIAG] pending_full held count=143 bootId=40ddbdc25232fbc238063340f6210d76 windowIndex=9 raw_queue=8 pending=8
[DROP-SUMMARY] capture_queue_full=265 processing_pending_full_events=143 processing_pending_full_unique=1 actual_drop_total=265 raw_hold_full=0 spool_write_fail=0 spool_capacity_full=151 spool_corrupt_or_unreadable=0 raw_queue_depth=8 raw_queue_high_water=8 pending_depth=8 pending_high_water=8 raw_hold_depth=0 raw_hold_high_water=1 storage_samples=152 storage_lock_wait_us=7 storage_slot_lookup_us=13413 storage_open_us=0 storage_write_us=0 storage_flush_close_us=0 storage_rename_us=0 storage_total_us=1500791 storage_lock_wait_max_us=9 storage_slot_lookup_max_us=15774 storage_open_max_us=13680 storage_write_max_us=4671 storage_flush_close_max_us=360941 storage_rename_max_us=125515 storage_total_max_us=1945610 storage_total_le_640ms=0 storage_total_641_to_1280ms=0 storage_total_gt_1280ms=152
[WINDOW] Dropped windows=266 (queue overflow; sequence gaps retained)
[RAW-SPOOL-FULL] slot=512 total=2752512 used=2367488 free=385024 need=3133 windowIndex=9.
[PROCESSING-DIAG] pending_full held count=144 bootId=40ddbdc25232fbc238063340f6210d76 windowIndex=9 raw_queue=8 pending=8
[DROP-SUMMARY] capture_queue_full=266 processing_pending_full_events=144 processing_pending_full_unique=1 actual_drop_total=266 raw_hold_full=0 spool_write_fail=0 spool_capacity_full=152 spool_corrupt_or_unreadable=0 raw_queue_depth=8 raw_queue_high_water=8 pending_depth=8 pending_high_water=8 raw_hold_depth=1 raw_hold_high_water=1 storage_samples=153 storage_lock_wait_us=7 storage_slot_lookup_us=13566 storage_open_us=0 storage_write_us=0 storage_flush_close_us=0 storage_rename_us=0 storage_total_us=1393578 storage_lock_wait_max_us=9 storage_slot_lookup_max_us=15774 storage_open_max_us=13680 storage_write_max_us=4671 storage_flush_close_max_us=360941 storage_rename_max_us=125515 storage_total_max_us=1945610 storage_total_le_640ms=0 storage_total_641_to_1280ms=0 storage_total_gt_1280ms=153
[AUDIO] Requested synchronized window was overwritten.
[WINDOW] Dropped windows=267 (queue overflow; sequence gaps retained)
[DROP-SUMMARY] capture_queue_full=267 processing_pending_full_events=144 processing_pending_full_unique=1 actual_drop_total=267 raw_hold_full=0 spool_write_fail=0 spool_capacity_full=152 spool_corrupt_or_unreadable=0 raw_queue_depth=8 raw_queue_high_water=8 pending_depth=8 pending_high_water=8 raw_hold_depth=0 raw_hold_high_water=1 storage_samples=153 storage_lock_wait_us=7 storage_slot_lookup_us=13566 storage_open_us=0 storage_write_us=0 storage_flush_close_us=0 storage_rename_us=0 storage_total_us=1393578 storage_lock_wait_max_us=9 storage_slot_lookup_max_us=15774 storage_open_max_us=13680 storage_write_max_us=4671 storage_flush_close_max_us=360941 storage_rename_max_us=125515 storage_total_max_us=1945610 storage_total_le_640ms=0 storage_total_641_to_1280ms=0 storage_total_gt_1280ms=153
[WINDOW] Dropped windows=268 (queue overflow; sequence gaps retained)
[RAW-SPOOL-FULL] slot=512 total=2752512 used=2367488 free=385024 need=3133 windowIndex=9.
[PROCESSING-DIAG] pending_full held count=145 bootId=40ddbdc25232fbc238063340f6210d76 windowIndex=9 raw_queue=8 pending=8
[WINDOW] Dropped windows=269 (queue overflow; sequence gaps retained)
[DROP-SUMMARY] capture_queue_full=269 processing_pending_full_events=145 processing_pending_full_unique=1 actual_drop_total=269 raw_hold_full=0 spool_write_fail=0 spool_capacity_full=153 spool_corrupt_or_unreadable=0 raw_queue_depth=8 raw_queue_high_water=8 pending_depth=8 pending_high_water=8 raw_hold_depth=0 raw_hold_high_water=1 storage_samples=154 storage_lock_wait_us=8 storage_slot_lookup_us=14459 storage_open_us=0 storage_write_us=0 storage_flush_close_us=0 storage_rename_us=0 storage_total_us=1496400 storage_lock_wait_max_us=9 storage_slot_lookup_max_us=15774 storage_open_max_us=13680 storage_write_max_us=4671 storage_flush_close_max_us=360941 storage_rename_max_us=125515 storage_total_max_us=1945610 storage_total_le_640ms=0 storage_total_641_to_1280ms=0 storage_total_gt_1280ms=154
[RAW-SPOOL-FULL] slot=512 total=2752512 used=2367488 free=385024 need=3133 windowIndex=9.
[DROP-SUMMARY] capture_queue_full=269 processing_pending_full_events=145 processing_pending_full_unique=1 actual_drop_total=269 raw_hold_full=0 spool_write_fail=0 spool_capacity_full=154 spool_corrupt_or_unreadable=0 raw_queue_depth=8 raw_queue_high_water=8 pending_depth=8 pending_high_water=8 raw_hold_depth=0 raw_hold_high_water=1 storage_samples=155 storage_lock_wait_us=154 storage_slot_lookup_us=13393 storage_open_us=0 storage_write_us=0 storage_flush_close_us=0 storage_rename_us=0 storage_total_us=1395394 storage_lock_wait_max_us=154 storage_slot_lookup_max_us=15774 storage_open_max_us=13680 storage_write_max_us=4671 storage_flush_close_max_us=360941 storage_rename_max_us=125515 storage_total_max_us=1945610 storage_total_le_640ms=0 storage_total_641_to_1280ms=0 storage_total_gt_1280ms=155
[PROCESSING-DIAG] pending_full held count=146 bootId=40ddbdc25232fbc238063340f6210d76 windowIndex=9 raw_queue=8 pending=8
[AUDIO] Requested synchronized window was overwritten.
[WINDOW] Dropped windows=270 (queue overflow; sequence gaps retained)
[WINDOW] Dropped windows=271 (queue overflow; sequence gaps retained)
[DROP-SUMMARY] capture_queue_full=271 processing_pending_full_events=146 processing_pending_full_unique=1 actual_drop_total=271 raw_hold_full=0 spool_write_fail=0 spool_capacity_full=154 spool_corrupt_or_unreadable=0 raw_queue_depth=8 raw_queue_high_water=8 pending_depth=8 pending_high_water=8 raw_hold_depth=0 raw_hold_high_water=1 storage_samples=155 storage_lock_wait_us=154 storage_slot_lookup_us=13393 storage_open_us=0 storage_write_us=0 storage_flush_close_us=0 storage_rename_us=0 storage_total_us=1395394 storage_lock_wait_max_us=154 storage_slot_lookup_max_us=15774 storage_open_max_us=13680 storage_write_max_us=4671 storage_flush_close_max_us=360941 storage_rename_max_us=125515 storage_total_max_us=1945610 storage_total_le_640ms=0 storage_total_641_to_1280ms=0 storage_total_gt_1280ms=155
[WiFi] Reconnect attempt timed out.

[WiFi] Starting non-blocking connection to jmc
[RAW-SPOOL-FULL] slot=512 total=2752512 used=2367488 free=385024 need=3133 windowIndex=9.
[PROCESSING-DIAG] pending_full held count=147 bootId=40ddbdc25232fbc238063340f6210d76 windowIndex=9 raw_queue=8 pending=8
[WINDOW] Dropped windows=272 (queue overflow; sequence gaps retained)
[DROP-SUMMARY] capture_queue_full=272 processing_pending_full_events=147 processing_pending_full_unique=1 actual_drop_total=272 raw_hold_full=0 spool_write_fail=0 spool_capacity_full=155 spool_corrupt_or_unreadable=0 raw_queue_depth=8 raw_queue_high_water=8 pending_depth=8 pending_high_water=8 raw_hold_depth=0 raw_hold_high_water=1 storage_samples=156 storage_lock_wait_us=7 storage_slot_lookup_us=13588 storage_open_us=0 storage_write_us=0 storage_flush_close_us=0 storage_rename_us=0 storage_total_us=1452939 storage_lock_wait_max_us=154 storage_slot_lookup_max_us=15774 storage_open_max_us=13680 storage_write_max_us=4671 storage_flush_close_max_us=360941 storage_rename_max_us=125515 storage_total_max_us=1945610 storage_total_le_640ms=0 storage_total_641_to_1280ms=0 storage_total_gt_1280ms=156
[WINDOW] Dropped windows=273 (queue overflow; sequence gaps retained)
[DROP-SUMMARY] capture_queue_full=273 processing_pending_full_events=147 processing_pending_full_unique=1 actual_drop_total=273 raw_hold_full=0 spool_write_fail=0 spool_capacity_full=155 spool_corrupt_or_unreadable=0 raw_queue_depth=8 raw_queue_high_water=8 pending_depth=8 pending_high_water=8 raw_hold_depth=0 raw_hold_high_water=1 storage_samples=156 storage_lock_wait_us=7 storage_slot_lookup_us=13588 storage_open_us=0 storage_write_us=0 storage_flush_close_us=0 storage_rename_us=0 storage_total_us=1452939 storage_lock_wait_max_us=154 storage_slot_lookup_max_us=15774 storage_open_max_us=13680 storage_write_max_us=4671 storage_flush_close_max_us=360941 storage_rename_max_us=125515 storage_total_max_us=1945610 storage_total_le_640ms=0 storage_total_641_to_1280ms=0 storage_total_gt_1280ms=156
[WINDOW] Dropped windows=274 (queue overflow; sequence gaps retained)
[RAW-SPOOL-FULL] slot=512 total=2752512 used=2367488 free=385024 need=3133 windowIndex=9.
[PROCESSING-DIAG] pending_full held count=148 bootId=40ddbdc25232fbc238063340f6210d76 windowIndex=9 raw_queue=8 pending=8
[WINDOW] Dropped windows=275 (queue overflow; sequence gaps retained)
[DROP-SUMMARY] capture_queue_full=275 processing_pending_full_events=148 processing_pending_full_unique=1 actual_drop_total=275 raw_hold_full=0 spool_write_fail=0 spool_capacity_full=156 spool_corrupt_or_unreadable=0 raw_queue_depth=8 raw_queue_high_water=8 pending_depth=8 pending_high_water=8 raw_hold_depth=0 raw_hold_high_water=1 storage_samples=157 storage_lock_wait_us=9 storage_slot_lookup_us=15756 storage_open_us=0 storage_write_us=0 storage_flush_close_us=0 storage_rename_us=0 storage_total_us=1496400 storage_lock_wait_max_us=154 storage_slot_lookup_max_us=15774 storage_open_max_us=13680 storage_write_max_us=4671 storage_flush_close_max_us=360941 storage_rename_max_us=125515 storage_total_max_us=1945610 storage_total_le_640ms=0 storage_total_641_to_1280ms=0 storage_total_gt_1280ms=157
[RAW-SPOOL-FULL] slot=512 total=2752512 used=2367488 free=385024 need=3133 windowIndex=9.
[PROCESSING-DIAG] pending_full held count=149 bootId=40ddbdc25232fbc238063340f6210d76 windowIndex=9 raw_queue=8 pending=8
[DROP-SUMMARY] capture_queue_full=275 processing_pending_full_events=149 processing_pending_full_unique=1 actual_drop_total=275 raw_hold_full=0 spool_write_fail=0 spool_capacity_full=157 spool_corrupt_or_unreadable=0 raw_queue_depth=8 raw_queue_high_water=8 pending_depth=8 pending_high_water=8 raw_hold_depth=0 raw_hold_high_water=1 storage_samples=158 storage_lock_wait_us=7 storage_slot_lookup_us=13442 storage_open_us=0 storage_write_us=0 storage_flush_close_us=0 storage_rename_us=0 storage_total_us=1398868 storage_lock_wait_max_us=154 storage_slot_lookup_max_us=15774 storage_open_max_us=13680 storage_write_max_us=4671 storage_flush_close_max_us=360941 storage_rename_max_us=125515 storage_total_max_us=1945610 storage_total_le_640ms=0 storage_total_641_to_1280ms=0 storage_total_gt_1280ms=158
[AUDIO] Requested synchronized window was overwritten.
[WINDOW] Dropped windows=276 (queue overflow; sequence gaps retained)
[WINDOW] Dropped windows=277 (queue overflow; sequence gaps retained)
[DROP-SUMMARY] capture_queue_full=277 processing_pending_full_events=149 processing_pending_full_unique=1 actual_drop_total=277 raw_hold_full=0 spool_write_fail=0 spool_capacity_full=157 spool_corrupt_or_unreadable=0 raw_queue_depth=8 raw_queue_high_water=8 pending_depth=8 pending_high_water=8 raw_hold_depth=0 raw_hold_high_water=1 storage_samples=158 storage_lock_wait_us=7 storage_slot_lookup_us=13442 storage_open_us=0 storage_write_us=0 storage_flush_close_us=0 storage_rename_us=0 storage_total_us=1398868 storage_lock_wait_max_us=154 storage_slot_lookup_max_us=15774 storage_open_max_us=13680 storage_write_max_us=4671 storage_flush_close_max_us=360941 storage_rename_max_us=125515 storage_total_max_us=1945610 storage_total_le_640ms=0 storage_total_641_to_1280ms=0 storage_total_gt_1280ms=158
[RAW-SPOOL-FULL] slot=512 total=2752512 used=2367488 free=385024 need=3133 windowIndex=9.
[PROCESSING-DIAG] pending_full held count=150 bootId=40ddbdc25232fbc238063340f6210d76 windowIndex=9 raw_queue=8 pending=8
[WINDOW] Dropped windows=278 (queue overflow; sequence gaps retained)
[DROP-SUMMARY] capture_queue_full=278 processing_pending_full_events=150 processing_pending_full_unique=1 actual_drop_total=278 raw_hold_full=0 spool_write_fail=0 spool_capacity_full=158 spool_corrupt_or_unreadable=0 raw_queue_depth=8 raw_queue_high_water=8 pending_depth=8 pending_high_water=8 raw_hold_depth=0 raw_hold_high_water=1 storage_samples=159 storage_lock_wait_us=7 storage_slot_lookup_us=13576 storage_open_us=0 storage_write_us=0 storage_flush_close_us=0 storage_rename_us=0 storage_total_us=1489270 storage_lock_wait_max_us=154 storage_slot_lookup_max_us=15774 storage_open_max_us=13680 storage_write_max_us=4671 storage_flush_close_max_us=360941 storage_rename_max_us=125515 storage_total_max_us=1945610 storage_total_le_640ms=0 storage_total_641_to_1280ms=0 storage_total_gt_1280ms=159
[RAW-SPOOL-FULL] slot=512 total=2752512 used=2367488 free=385024 need=3133 windowIndex=9.
[PROCESSING-DIAG] pending_full held count=151 bootId=40ddbdc25232fbc238063340f6210d76 windowIndex=9 raw_queue=8 pending=8
[WINDOW] Dropped windows=279 (queue overflow; sequence gaps retained)
[RAW-DEBUG] samples=512 quality=valid X[min=-251 max=-223 mean=-237.0 rms=237.0] Y[min=47 max=79 mean=64.8 rms=64.8] Z[min=-72 max=-18 mean=-47.6 rms=48.2]
[DROP-SUMMARY] capture_queue_full=279 processing_pending_full_events=151 processing_pending_full_unique=1 actual_drop_total=279 raw_hold_full=0 spool_write_fail=0 spool_capacity_full=159 spool_corrupt_or_unreadable=0 raw_queue_depth=8 raw_queue_high_water=8 pending_depth=8 pending_high_water=8 raw_hold_depth=0 raw_hold_high_water=1 storage_samples=160 storage_lock_wait_us=7 storage_slot_lookup_us=15806 storage_open_us=0 storage_write_us=0 storage_flush_close_us=0 storage_rename_us=0 storage_total_us=1386683 storage_lock_wait_max_us=154 storage_slot_lookup_max_us=15806 storage_open_max_us=13680 storage_write_max_us=4671 storage_flush_close_max_us=360941 storage_rename_max_us=125515 storage_total_max_us=1945610 storage_total_le_640ms=0 storage_total_641_to_1280ms=0 storage_total_gt_1280ms=160
[WINDOW] Dropped windows=280 (queue overflow; sequence gaps retained)
[DROP-SUMMARY] capture_queue_full=281 processing_pending_full_events=151 processing_pending_full_unique=1 actual_drop_total=281 raw_hold_full=0 spool_write_fail=0 spool_capacity_full=159 spool_corrupt_or_unreadable=0 raw_queue_depth=8 raw_queue_high_water=8 pending_depth=8 pending_high_water=8 raw_hold_depth=0 raw_hold_high_water=1 storage_samples=160 storage_lock_wait_us=7 storage_slot_lookup_us=15806 storage_open_us=0 storage_write_us=0 storage_flush_close_us=0 storage_rename_us=0 storage_total_us=1386683 storage_lock_wait_max_us=154 storage_slot_lookup_max_us=15806 storage_open_max_us=13680 storage_write_max_us=4671 storage_flush_close_max_us=360941 storage_rename_max_us=125515 storage_total_max_us=1945610 storage_total_le_640ms=0 storage_total_641_to_1280ms=0 storage_total_gt_1280ms=160
[WINDOW] Dropped windows=281 (queue overflow; sequence gaps retained)
[RAW-SPOOL-FULL] slot=512 total=2752512 used=2367488 free=385024 need=3133 windowIndex=9.
[PROCESSING-DIAG] pending_full held count=152 bootId=40ddbdc25232fbc238063340f6210d76 windowIndex=9 raw_queue=8 pending=8
[WINDOW] Dropped windows=282 (queue overflow; sequence gaps retained)
[DROP-SUMMARY] capture_queue_full=282 processing_pending_full_events=152 processing_pending_full_unique=1 actual_drop_total=282 raw_hold_full=0 spool_write_fail=0 spool_capacity_full=160 spool_corrupt_or_unreadable=0 raw_queue_depth=8 raw_queue_high_water=8 pending_depth=8 pending_high_water=8 raw_hold_depth=0 raw_hold_high_water=1 storage_samples=161 storage_lock_wait_us=7 storage_slot_lookup_us=13479 storage_open_us=0 storage_write_us=0 storage_flush_close_us=0 storage_rename_us=0 storage_total_us=1494237 storage_lock_wait_max_us=154 storage_slot_lookup_max_us=15806 storage_open_max_us=13680 storage_write_max_us=4671 storage_flush_close_max_us=360941 storage_rename_max_us=125515 storage_total_max_us=1945610 storage_total_le_640ms=0 storage_total_641_to_1280ms=0 storage_total_gt_1280ms=161
[RAW-SPOOL-FULL] slot=512 total=2752512 used=2367488 free=385024 need=3133 windowIndex=9.
[PROCESSING-DIAG] pending_full held count=153 bootId=40ddbdc25232fbc238063340f6210d76 windowIndex=9 raw_queue=8 pending=8
[AUDIO] Requested synchronized window was overwritten.
[WINDOW] Dropped windows=283 (queue overflow; sequence gaps retained)
[DROP-SUMMARY] capture_queue_full=283 processing_pending_full_events=153 processing_pending_full_unique=1 actual_drop_total=283 raw_hold_full=0 spool_write_fail=0 spool_capacity_full=161 spool_corrupt_or_unreadable=0 raw_queue_depth=8 raw_queue_high_water=8 pending_depth=8 pending_high_water=8 raw_hold_depth=0 raw_hold_high_water=1 storage_samples=162 storage_lock_wait_us=6 storage_slot_lookup_us=13449 storage_open_us=0 storage_write_us=0 storage_flush_close_us=0 storage_rename_us=0 storage_total_us=1392879 storage_lock_wait_max_us=154 storage_slot_lookup_max_us=15806 storage_open_max_us=13680 storage_write_max_us=4671 storage_flush_close_max_us=360941 storage_rename_max_us=125515 storage_total_max_us=1945610 storage_total_le_640ms=0 storage_total_641_to_1280ms=0 storage_total_gt_1280ms=162
[WiFi] Reconnect attempt timed out.

[WiFi] Starting non-blocking connection to jmc
[RAW-SPOOL-FULL] slot=512 total=2752512 used=2367488 free=385024 need=3133 windowIndex=9.
[DROP-SUMMARY] capture_queue_full=283 processing_pending_full_events=153 processing_pending_full_unique=1 actual_drop_total=283 raw_hold_full=0 spool_write_fail=0 spool_capacity_full=162 spool_corrupt_or_unreadable=0 raw_queue_depth=8 raw_queue_high_water=8 pending_depth=8 pending_high_water=8 raw_hold_depth=0 raw_hold_high_water=1 storage_samples=163 storage_lock_wait_us=8 storage_slot_lookup_us=13508 storage_open_us=0 storage_write_us=0 storage_flush_close_us=0 storage_rename_us=0 storage_total_us=1385485 storage_lock_wait_max_us=154 storage_slot_lookup_max_us=15806 storage_open_max_us=13680 storage_write_max_us=4671 storage_flush_close_max_us=360941 storage_rename_max_us=125515 storage_total_max_us=1945610 storage_total_le_640ms=0 storage_total_641_to_1280ms=0 storage_total_gt_1280ms=163
[PROCESSING-DIAG] pending_full held count=154 bootId=40ddbdc25232fbc238063340f6210d76 windowIndex=9 raw_queue=8 pending=8
[AUDIO] Requested synchronized window was overwritten.
[WINDOW] Dropped windows=284 (queue overflow; sequence gaps retained)
[WINDOW] Dropped windows=285 (queue overflow; sequence gaps retained)
[DROP-SUMMARY] capture_queue_full=285 processing_pending_full_events=154 processing_pending_full_unique=1 actual_drop_total=285 raw_hold_full=0 spool_write_fail=0 spool_capacity_full=162 spool_corrupt_or_unreadable=0 raw_queue_depth=8 raw_queue_high_water=8 pending_depth=8 pending_high_water=8 raw_hold_depth=0 raw_hold_high_water=1 storage_samples=163 storage_lock_wait_us=8 storage_slot_lookup_us=13508 storage_open_us=0 storage_write_us=0 storage_flush_close_us=0 storage_rename_us=0 storage_total_us=1385485 storage_lock_wait_max_us=154 storage_slot_lookup_max_us=15806 storage_open_max_us=13680 storage_write_max_us=4671 storage_flush_close_max_us=360941 storage_rename_max_us=125515 storage_total_max_us=1945610 storage_total_le_640ms=0 storage_total_641_to_1280ms=0 storage_total_gt_1280ms=163
[WINDOW] Dropped windows=286 (queue overflow; sequence gaps retained)
[RAW-SPOOL-FULL] slot=512 total=2752512 used=2367488 free=385024 need=3133 windowIndex=9.
[PROCESSING-DIAG] pending_full held count=155 bootId=40ddbdc25232fbc238063340f6210d76 windowIndex=9 raw_queue=8 pending=8
[DROP-SUMMARY] capture_queue_full=286 processing_pending_full_events=155 processing_pending_full_unique=1 actual_drop_total=286 raw_hold_full=0 spool_write_fail=0 spool_capacity_full=163 spool_corrupt_or_unreadable=0 raw_queue_depth=8 raw_queue_high_water=8 pending_depth=8 pending_high_water=8 raw_hold_depth=0 raw_hold_high_water=1 storage_samples=164 storage_lock_wait_us=7 storage_slot_lookup_us=13734 storage_open_us=0 storage_write_us=0 storage_flush_close_us=0 storage_rename_us=0 storage_total_us=1498899 storage_lock_wait_max_us=154 storage_slot_lookup_max_us=15806 storage_open_max_us=13680 storage_write_max_us=4671 storage_flush_close_max_us=360941 storage_rename_max_us=125515 storage_total_max_us=1945610 storage_total_le_640ms=0 storage_total_641_to_1280ms=0 storage_total_gt_1280ms=164
[WINDOW] Dropped windows=287 (queue overflow; sequence gaps retained)
[WINDOW] Dropped windows=288 (queue overflow; sequence gaps retained)
[DROP-SUMMARY] capture_queue_full=288 processing_pending_full_events=155 processing_pending_full_unique=1 actual_drop_total=288 raw_hold_full=0 spool_write_fail=0 spool_capacity_full=163 spool_corrupt_or_unreadable=0 raw_queue_depth=8 raw_queue_high_water=8 pending_depth=8 pending_high_water=8 raw_hold_depth=0 raw_hold_high_water=1 storage_samples=164 storage_lock_wait_us=7 storage_slot_lookup_us=13734 storage_open_us=0 storage_write_us=0 storage_flush_close_us=0 storage_rename_us=0 storage_total_us=1498899 storage_lock_wait_max_us=154 storage_slot_lookup_max_us=15806 storage_open_max_us=13680 storage_write_max_us=4671 storage_flush_close_max_us=360941 storage_rename_max_us=125515 storage_total_max_us=1945610 storage_total_le_640ms=0 storage_total_641_to_1280ms=0 storage_total_gt_1280ms=164
[RAW-SPOOL-FULL] slot=512 total=2752512 used=2367488 free=385024 need=3133 windowIndex=9.
[PROCESSING-DIAG] pending_full held count=156 bootId=40ddbdc25232fbc238063340f6210d76 windowIndex=9 raw_queue=8 pending=8
[WINDOW] Dropped windows=289 (queue overflow; sequence gaps retained)
[DROP-SUMMARY] capture_queue_full=289 processing_pending_full_events=156 processing_pending_full_unique=1 actual_drop_total=289 raw_hold_full=0 spool_write_fail=0 spool_capacity_full=164 spool_corrupt_or_unreadable=0 raw_queue_depth=8 raw_queue_high_water=8 pending_depth=8 pending_high_water=8 raw_hold_depth=0 raw_hold_high_water=1 storage_samples=165 storage_lock_wait_us=8 storage_slot_lookup_us=13558 storage_open_us=0 storage_write_us=0 storage_flush_close_us=0 storage_rename_us=0 storage_total_us=1500504 storage_lock_wait_max_us=154 storage_slot_lookup_max_us=15806 storage_open_max_us=13680 storage_write_max_us=4671 storage_flush_close_max_us=360941 storage_rename_max_us=125515 storage_total_max_us=1945610 storage_total_le_640ms=0 storage_total_641_to_1280ms=0 storage_total_gt_1280ms=165
[WINDOW] Dropped windows=290 (queue overflow; sequence gaps retained)
[RAW-SPOOL-FULL] slot=512 total=2752512 used=2367488 free=385024 need=3133 windowIndex=9.
[PROCESSING-DIAG] pending_full held count=157 bootId=40ddbdc25232fbc238063340f6210d76 windowIndex=9 raw_queue=8 pending=8
[WINDOW] Dropped windows=291 (queue overflow; sequence gaps retained)
[DROP-SUMMARY] capture_queue_full=291 processing_pending_full_events=157 processing_pending_full_unique=1 actual_drop_total=291 raw_hold_full=0 spool_write_fail=0 spool_capacity_full=165 spool_corrupt_or_unreadable=0 raw_queue_depth=8 raw_queue_high_water=8 pending_depth=8 pending_high_water=8 raw_hold_depth=0 raw_hold_high_water=1 storage_samples=166 storage_lock_wait_us=7 storage_slot_lookup_us=13484 storage_open_us=0 storage_write_us=0 storage_flush_close_us=0 storage_rename_us=0 storage_total_us=1491595 storage_lock_wait_max_us=154 storage_slot_lookup_max_us=15806 storage_open_max_us=13680 storage_write_max_us=4671 storage_flush_close_max_us=360941 storage_rename_max_us=125515 storage_total_max_us=1945610 storage_total_le_640ms=0 storage_total_641_to_1280ms=0 storage_total_gt_1280ms=166
[WINDOW] Dropped windows=292 (queue overflow; sequence gaps retained)
[DROP-SUMMARY] capture_queue_full=292 processing_pending_full_events=157 processing_pending_full_unique=1 actual_drop_total=292 raw_hold_full=0 spool_write_fail=0 spool_capacity_full=165 spool_corrupt_or_unreadable=0 raw_queue_depth=8 raw_queue_high_water=8 pending_depth=8 pending_high_water=8 raw_hold_depth=0 raw_hold_high_water=1 storage_samples=166 storage_lock_wait_us=7 storage_slot_lookup_us=13484 storage_open_us=0 storage_write_us=0 storage_flush_close_us=0 storage_rename_us=0 storage_total_us=1491595 storage_lock_wait_max_us=154 storage_slot_lookup_max_us=15806 storage_open_max_us=13680 storage_write_max_us=4671 storage_flush_close_max_us=360941 storage_rename_max_us=125515 storage_total_max_us=1945610 storage_total_le_640ms=0 storage_total_641_to_1280ms=0 storage_total_gt_1280ms=166
[WINDOW] Dropped windows=293 (queue overflow; sequence gaps retained)
[RAW-SPOOL-FULL] slot=512 total=2752512 used=2367488 free=385024 need=3133 windowIndex=9.
[PROCESSING-DIAG] pending_full held count=158 bootId=40ddbdc25232fbc238063340f6210d76 windowIndex=9 raw_queue=8 pending=8
[WINDOW] Dropped windows=294 (queue overflow; sequence gaps retained)
[DROP-SUMMARY] capture_queue_full=294 processing_pending_full_events=158 processing_pending_full_unique=1 actual_drop_total=294 raw_hold_full=0 spool_write_fail=0 spool_capacity_full=166 spool_corrupt_or_unreadable=0 raw_queue_depth=8 raw_queue_high_water=8 pending_depth=8 pending_high_water=8 raw_hold_depth=0 raw_hold_high_water=1 storage_samples=167 storage_lock_wait_us=7 storage_slot_lookup_us=13952 storage_open_us=0 storage_write_us=0 storage_flush_close_us=0 storage_rename_us=0 storage_total_us=1493535 storage_lock_wait_max_us=154 storage_slot_lookup_max_us=15806 storage_open_max_us=13680 storage_write_max_us=4671 storage_flush_close_max_us=360941 storage_rename_max_us=125515 storage_total_max_us=1945610 storage_total_le_640ms=0 storage_total_641_to_1280ms=0 storage_total_gt_1280ms=167
[RAW-SPOOL-FULL] slot=512 total=2752512 used=2367488 free=385024 need=3133 windowIndex=9.
[PROCESSING-DIAG] pending_full held count=159 bootId=40ddbdc25232fbc238063340f6210d76 windowIndex=9 raw_queue=8 pending=8
[DROP-SUMMARY] capture_queue_full=294 processing_pending_full_events=159 processing_pending_full_unique=1 actual_drop_total=294 raw_hold_full=0 spool_write_fail=0 spool_capacity_full=167 spool_corrupt_or_unreadable=0 raw_queue_depth=8 raw_queue_high_water=8 pending_depth=8 pending_high_water=8 raw_hold_depth=0 raw_hold_high_water=1 storage_samples=168 storage_lock_wait_us=7 storage_slot_lookup_us=13412 storage_open_us=0 storage_write_us=0 storage_flush_close_us=0 storage_rename_us=0 storage_total_us=1394001 storage_lock_wait_max_us=154 storage_slot_lookup_max_us=15806 storage_open_max_us=13680 storage_write_max_us=4671 storage_flush_close_max_us=360941 storage_rename_max_us=125515 storage_total_max_us=1945610 storage_total_le_640ms=0 storage_total_641_to_1280ms=0 storage_total_gt_1280ms=168
[AUDIO] Requested synchronized window was overwritten.
[WINDOW] Dropped windows=295 (queue overflow; sequence gaps retained)
[WINDOW] Dropped windows=296 (queue overflow; sequence gaps retained)
[DROP-SUMMARY] capture_queue_full=296 processing_pending_full_events=159 processing_pending_full_unique=1 actual_drop_total=296 raw_hold_full=0 spool_write_fail=0 spool_capacity_full=167 spool_corrupt_or_unreadable=0 raw_queue_depth=8 raw_queue_high_water=8 pending_depth=8 pending_high_water=8 raw_hold_depth=0 raw_hold_high_water=1 storage_samples=168 storage_lock_wait_us=7 storage_slot_lookup_us=13412 storage_open_us=0 storage_write_us=0 storage_flush_close_us=0 storage_rename_us=0 storage_total_us=1394001 storage_lock_wait_max_us=154 storage_slot_lookup_max_us=15806 storage_open_max_us=13680 storage_write_max_us=4671 storage_flush_close_max_us=360941 storage_rename_max_us=125515 storage_total_max_us=1945610 storage_total_le_640ms=0 storage_total_641_to_1280ms=0 storage_total_gt_1280ms=168
[RAW-SPOOL-FULL] slot=512 total=2752512 used=2367488 free=385024 need=3133 windowIndex=9.
[PROCESSING-DIAG] pending_full held count=160 bootId=40ddbdc25232fbc238063340f6210d76 windowIndex=9 raw_queue=8 pending=8
[WINDOW] Dropped windows=297 (queue overflow; sequence gaps retained)
[DROP-SUMMARY] capture_queue_full=297 processing_pending_full_events=160 processing_pending_full_unique=1 actual_drop_total=297 raw_hold_full=0 spool_write_fail=0 spool_capacity_full=168 spool_corrupt_or_unreadable=0 raw_queue_depth=8 raw_queue_high_water=8 pending_depth=8 pending_high_water=8 raw_hold_depth=0 raw_hold_high_water=1 storage_samples=169 storage_lock_wait_us=7 storage_slot_lookup_us=13574 storage_open_us=0 storage_write_us=0 storage_flush_close_us=0 storage_rename_us=0 storage_total_us=1491049 storage_lock_wait_max_us=154 storage_slot_lookup_max_us=15806 storage_open_max_us=13680 storage_write_max_us=4671 storage_flush_close_max_us=360941 storage_rename_max_us=125515 storage_total_max_us=1945610 storage_total_le_640ms=0 storage_total_641_to_1280ms=0 storage_total_gt_1280ms=169
[WiFi] Reconnect attempt timed out.

[WiFi] Starting non-blocking connection to jmc
[RAW-SPOOL-FULL] slot=512 total=2752512 used=2367488 free=385024 need=3133 windowIndex=9.
[PROCESSING-DIAG] pending_full held count=161 bootId=40ddbdc25232fbc238063340f6210d76 windowIndex=9 raw_queue=8 pending=8
[AUDIO] Requested synchronized window was overwritten.
[WINDOW] Dropped windows=298 (queue overflow; sequence gaps retained)
[RAW-DEBUG] samples=512 quality=valid X[min=-251 max=-223 mean=-237.0 rms=237.0] Y[min=47 max=79 mean=64.8 rms=64.8] Z[min=-72 max=-18 mean=-47.6 rms=48.2]
[DROP-SUMMARY] capture_queue_full=298 processing_pending_full_events=161 processing_pending_full_unique=1 actual_drop_total=298 raw_hold_full=0 spool_write_fail=0 spool_capacity_full=169 spool_corrupt_or_unreadable=0 raw_queue_depth=8 raw_queue_high_water=8 pending_depth=8 pending_high_water=8 raw_hold_depth=0 raw_hold_high_water=1 storage_samples=170 storage_lock_wait_us=7 storage_slot_lookup_us=13752 storage_open_us=0 storage_write_us=0 storage_flush_close_us=0 storage_rename_us=0 storage_total_us=1383812 storage_lock_wait_max_us=154 storage_slot_lookup_max_us=15806 storage_open_max_us=13680 storage_write_max_us=4671 storage_flush_close_max_us=360941 storage_rename_max_us=125515 storage_total_max_us=1945610 storage_total_le_640ms=0 storage_total_641_to_1280ms=0 storage_total_gt_1280ms=170
[WINDOW] Dropped windows=299 (queue overflow; sequence gaps retained)
[DROP-SUMMARY] capture_queue_full=299 processing_pending_full_events=161 processing_pending_full_unique=1 actual_drop_total=299 raw_hold_full=0 spool_write_fail=0 spool_capacity_full=169 spool_corrupt_or_unreadable=0 raw_queue_depth=8 raw_queue_high_water=8 pending_depth=8 pending_high_water=8 raw_hold_depth=0 raw_hold_high_water=1 storage_samples=170 storage_lock_wait_us=7 storage_slot_lookup_us=13752 storage_open_us=0 storage_write_us=0 storage_flush_close_us=0 storage_rename_us=0 storage_total_us=1383812 storage_lock_wait_max_us=154 storage_slot_lookup_max_us=15806 storage_open_max_us=13680 storage_write_max_us=4671 storage_flush_close_max_us=360941 storage_rename_max_us=125515 storage_total_max_us=1945610 storage_total_le_640ms=0 storage_total_641_to_1280ms=0 storage_total_gt_1280ms=170
[WINDOW] Dropped windows=300 (queue overflow; sequence gaps retained)
[RAW-SPOOL-FULL] slot=512 total=2752512 used=2367488 free=385024 need=3133 windowIndex=9.
[PROCESSING-DIAG] pending_full held count=162 bootId=40ddbdc25232fbc238063340f6210d76 windowIndex=9 raw_queue=8 pending=8
[WINDOW] Dropped windows=301 (queue overflow; sequence gaps retained)
[DROP-SUMMARY] capture_queue_full=301 processing_pending_full_events=162 processing_pending_full_unique=1 actual_drop_total=301 raw_hold_full=0 spool_write_fail=0 spool_capacity_full=170 spool_corrupt_or_unreadable=0 raw_queue_depth=8 raw_queue_high_water=8 pending_depth=8 pending_high_water=8 raw_hold_depth=0 raw_hold_high_water=1 storage_samples=171 storage_lock_wait_us=7 storage_slot_lookup_us=13076 storage_open_us=0 storage_write_us=0 storage_flush_close_us=0 storage_rename_us=0 storage_total_us=1484656 storage_lock_wait_max_us=154 storage_slot_lookup_max_us=15806 storage_open_max_us=13680 storage_write_max_us=4671 storage_flush_close_max_us=360941 storage_rename_max_us=125515 storage_total_max_us=1945610 storage_total_le_640ms=0 storage_total_641_to_1280ms=0 storage_total_gt_1280ms=171
[WINDOW] Dropped windows=302 (queue overflow; sequence gaps retained)
[DROP-SUMMARY] capture_queue_full=302 processing_pending_full_events=162 processing_pending_full_unique=1 actual_drop_total=302 raw_hold_full=0 spool_write_fail=0 spool_capacity_full=170 spool_corrupt_or_unreadable=0 raw_queue_depth=8 raw_queue_high_water=8 pending_depth=8 pending_high_water=8 raw_hold_depth=0 raw_hold_high_water=1 storage_samples=171 storage_lock_wait_us=7 storage_slot_lookup_us=13076 storage_open_us=0 storage_write_us=0 storage_flush_close_us=0 storage_rename_us=0 storage_total_us=1484656 storage_lock_wait_max_us=154 storage_slot_lookup_max_us=15806 storage_open_max_us=13680 storage_write_max_us=4671 storage_flush_close_max_us=360941 storage_rename_max_us=125515 storage_total_max_us=1945610 storage_total_le_640ms=0 storage_total_641_to_1280ms=0 storage_total_gt_1280ms=171
[RAW-SPOOL-FULL] slot=512 total=2752512 used=2367488 free=385024 need=3133 windowIndex=9.
[PROCESSING-DIAG] pending_full held count=163 bootId=40ddbdc25232fbc238063340f6210d76 windowIndex=9 raw_queue=8 pending=8
[WINDOW] Dropped windows=303 (queue overflow; sequence gaps retained)
[RAW-SPOOL-FULL] slot=512 total=2752512 used=2367488 free=385024 need=3133 windowIndex=9.
[DROP-SUMMARY] capture_queue_full=303 processing_pending_full_events=163 processing_pending_full_unique=1 actual_drop_total=303 raw_hold_full=0 spool_write_fail=0 spool_capacity_full=172 spool_corrupt_or_unreadable=0 raw_queue_depth=8 raw_queue_high_water=8 pending_depth=8 pending_high_water=8 raw_hold_depth=0 raw_hold_high_water=1 storage_samples=173 storage_lock_wait_us=7 storage_slot_lookup_us=13415 storage_open_us=0 storage_write_us=0 storage_flush_close_us=0 storage_rename_us=0 storage_total_us=1397043 storage_lock_wait_max_us=154 storage_slot_lookup_max_us=15806 storage_open_max_us=13680 storage_write_max_us=4671 storage_flush_close_max_us=360941 storage_rename_max_us=125515 storage_total_max_us=1945610 storage_total_le_640ms=0 storage_total_641_to_1280ms=0 storage_total_gt_1280ms=173
[PROCESSING-DIAG] pending_full held count=164 bootId=40ddbdc25232fbc238063340f6210d76 windowIndex=9 raw_queue=8 pending=8
[AUDIO] Requested synchronized window was overwritten.
[WINDOW] Dropped windows=304 (queue overflow; sequence gaps retained)
[WINDOW] Dropped windows=305 (queue overflow; sequence gaps retained)
[DROP-SUMMARY] capture_queue_full=305 processing_pending_full_events=164 processing_pending_full_unique=1 actual_drop_total=305 raw_hold_full=0 spool_write_fail=0 spool_capacity_full=172 spool_corrupt_or_unreadable=0 raw_queue_depth=8 raw_queue_high_water=8 pending_depth=8 pending_high_water=8 raw_hold_depth=0 raw_hold_high_water=1 storage_samples=173 storage_lock_wait_us=7 storage_slot_lookup_us=13415 storage_open_us=0 storage_write_us=0 storage_flush_close_us=0 storage_rename_us=0 storage_total_us=1397043 storage_lock_wait_max_us=154 storage_slot_lookup_max_us=15806 storage_open_max_us=13680 storage_write_max_us=4671 storage_flush_close_max_us=360941 storage_rename_max_us=125515 storage_total_max_us=1945610 storage_total_le_640ms=0 storage_total_641_to_1280ms=0 storage_total_gt_1280ms=173
[WINDOW] Dropped windows=306 (queue overflow; sequence gaps retained)
[RAW-SPOOL-FULL] slot=512 total=2752512 used=2367488 free=385024 need=3133 windowIndex=9.
[PROCESSING-DIAG] pending_full held count=165 bootId=40ddbdc25232fbc238063340f6210d76 windowIndex=9 raw_queue=8 pending=8
[DROP-SUMMARY] capture_queue_full=306 processing_pending_full_events=165 processing_pending_full_unique=1 actual_drop_total=306 raw_hold_full=0 spool_write_fail=0 spool_capacity_full=173 spool_corrupt_or_unreadable=0 raw_queue_depth=8 raw_queue_high_water=8 pending_depth=8 pending_high_water=8 raw_hold_depth=0 raw_hold_high_water=1 storage_samples=174 storage_lock_wait_us=7 storage_slot_lookup_us=13415 storage_open_us=0 storage_write_us=0 storage_flush_close_us=0 storage_rename_us=0 storage_total_us=1502094 storage_lock_wait_max_us=154 storage_slot_lookup_max_us=15806 storage_open_max_us=13680 storage_write_max_us=4671 storage_flush_close_max_us=360941 storage_rename_max_us=125515 storage_total_max_us=1945610 storage_total_le_640ms=0 storage_total_641_to_1280ms=0 storage_total_gt_1280ms=174
[WINDOW] Dropped windows=307 (queue overflow; sequence gaps retained)
[RAW-SPOOL-FULL] slot=512 total=2752512 used=2367488 free=385024 need=3133 windowIndex=9.
[DROP-SUMMARY] capture_queue_full=307 processing_pending_full_events=165 processing_pending_full_unique=1 actual_drop_total=307 raw_hold_full=0 spool_write_fail=0 spool_capacity_full=174 spool_corrupt_or_unreadable=0 raw_queue_depth=8 raw_queue_high_water=8 pending_depth=8 pending_high_water=8 raw_hold_depth=0 raw_hold_high_water=1 storage_samples=175 storage_lock_wait_us=8 storage_slot_lookup_us=13554 storage_open_us=0 storage_write_us=0 storage_flush_close_us=0 storage_rename_us=0 storage_total_us=1383758 storage_lock_wait_max_us=154 storage_slot_lookup_max_us=15806 storage_open_max_us=13680 storage_write_max_us=4671 storage_flush_close_max_us=360941 storage_rename_max_us=125515 storage_total_max_us=1945610 storage_total_le_640ms=0 storage_total_641_to_1280ms=0 storage_total_gt_1280ms=175
[PROCESSING-DIAG] pending_full held count=166 bootId=40ddbdc25232fbc238063340f6210d76 windowIndex=9 raw_queue=8 pending=8
[AUDIO] Requested synchronized window was overwritten.
[WINDOW] Dropped windows=308 (queue overflow; sequence gaps retained)
[DROP-SUMMARY] capture_queue_full=308 processing_pending_full_events=166 processing_pending_full_unique=1 actual_drop_total=308 raw_hold_full=0 spool_write_fail=0 spool_capacity_full=174 spool_corrupt_or_unreadable=0 raw_queue_depth=8 raw_queue_high_water=8 pending_depth=8 pending_high_water=8 raw_hold_depth=0 raw_hold_high_water=1 storage_samples=175 storage_lock_wait_us=8 storage_slot_lookup_us=13554 storage_open_us=0 storage_write_us=0 storage_flush_close_us=0 storage_rename_us=0 storage_total_us=1383758 storage_lock_wait_max_us=154 storage_slot_lookup_max_us=15806 storage_open_max_us=13680 storage_write_max_us=4671 storage_flush_close_max_us=360941 storage_rename_max_us=125515 storage_total_max_us=1945610 storage_total_le_640ms=0 storage_total_641_to_1280ms=0 storage_total_gt_1280ms=175
[WINDOW] Dropped windows=309 (queue overflow; sequence gaps retained)
[WiFi] Reconnect attempt timed out.

[WiFi] Starting non-blocking connection to jmc
[RAW-SPOOL-FULL] slot=512 total=2752512 used=2367488 free=385024 need=3133 windowIndex=9.
[PROCESSING-DIAG] pending_full held count=167 bootId=40ddbdc25232fbc238063340f6210d76 windowIndex=9 raw_queue=8 pending=8
[WINDOW] Dropped windows=310 (queue overflow; sequence gaps retained)
[DROP-SUMMARY] capture_queue_full=310 processing_pending_full_events=167 processing_pending_full_unique=1 actual_drop_total=310 raw_hold_full=0 spool_write_fail=0 spool_capacity_full=175 spool_corrupt_or_unreadable=0 raw_queue_depth=8 raw_queue_high_water=8 pending_depth=8 pending_high_water=8 raw_hold_depth=0 raw_hold_high_water=1 storage_samples=176 storage_lock_wait_us=8 storage_slot_lookup_us=13869 storage_open_us=0 storage_write_us=0 storage_flush_close_us=0 storage_rename_us=0 storage_total_us=1517963 storage_lock_wait_max_us=154 storage_slot_lookup_max_us=15806 storage_open_max_us=13680 storage_write_max_us=4671 storage_flush_close_max_us=360941 storage_rename_max_us=125515 storage_total_max_us=1945610 storage_total_le_640ms=0 storage_total_641_to_1280ms=0 storage_total_gt_1280ms=176
[WINDOW] Dropped windows=311 (queue overflow; sequence gaps retained)
[DROP-SUMMARY] capture_queue_full=311 processing_pending_full_events=167 processing_pending_full_unique=1 actual_drop_total=311 raw_hold_full=0 spool_write_fail=0 spool_capacity_full=175 spool_corrupt_or_unreadable=0 raw_queue_depth=8 raw_queue_high_water=8 pending_depth=8 pending_high_water=8 raw_hold_depth=0 raw_hold_high_water=1 storage_samples=176 storage_lock_wait_us=8 storage_slot_lookup_us=13869 storage_open_us=0 storage_write_us=0 storage_flush_close_us=0 storage_rename_us=0 storage_total_us=1517963 storage_lock_wait_max_us=154 storage_slot_lookup_max_us=15806 storage_open_max_us=13680 storage_write_max_us=4671 storage_flush_close_max_us=360941 storage_rename_max_us=125515 storage_total_max_us=1945610 storage_total_le_640ms=0 storage_total_641_to_1280ms=0 storage_total_gt_1280ms=176
[WINDOW] Dropped windows=312 (queue overflow; sequence gaps retained)
[RAW-SPOOL-FULL] slot=512 total=2752512 used=2367488 free=385024 need=3133 windowIndex=9.
[PROCESSING-DIAG] pending_full held count=168 bootId=40ddbdc25232fbc238063340f6210d76 windowIndex=9 raw_queue=8 pending=8
[WINDOW] Dropped windows=313 (queue overflow; sequence gaps retained)
[RAW-SPOOL-FULL] slot=512 total=2752512 used=2367488 free=385024 need=3133 windowIndex=9.
[DROP-SUMMARY] capture_queue_full=313 processing_pending_full_events=168 processing_pending_full_unique=1 actual_drop_total=313 raw_hold_full=0 spool_write_fail=0 spool_capacity_full=177 spool_corrupt_or_unreadable=0 raw_queue_depth=8 raw_queue_high_water=8 pending_depth=8 pending_high_water=8 raw_hold_depth=0 raw_hold_high_water=1 storage_samples=178 storage_lock_wait_us=7 storage_slot_lookup_us=13563 storage_open_us=0 storage_write_us=0 storage_flush_close_us=0 storage_rename_us=0 storage_total_us=1355973 storage_lock_wait_max_us=154 storage_slot_lookup_max_us=15806 storage_open_max_us=13680 storage_write_max_us=4671 storage_flush_close_max_us=360941 storage_rename_max_us=125515 storage_total_max_us=1945610 storage_total_le_640ms=0 storage_total_641_to_1280ms=0 storage_total_gt_1280ms=178
[PROCESSING-DIAG] pending_full held count=169 bootId=40ddbdc25232fbc238063340f6210d76 windowIndex=9 raw_queue=8 pending=8
[AUDIO] Requested synchronized window was overwritten.
[WINDOW] Dropped windows=314 (queue overflow; sequence gaps retained)
[DROP-SUMMARY] capture_queue_full=314 processing_pending_full_events=169 processing_pending_full_unique=1 actual_drop_total=314 raw_hold_full=0 spool_write_fail=0 spool_capacity_full=177 spool_corrupt_or_unreadable=0 raw_queue_depth=8 raw_queue_high_water=8 pending_depth=8 pending_high_water=8 raw_hold_depth=0 raw_hold_high_water=1 storage_samples=178 storage_lock_wait_us=7 storage_slot_lookup_us=13563 storage_open_us=0 storage_write_us=0 storage_flush_close_us=0 storage_rename_us=0 storage_total_us=1355973 storage_lock_wait_max_us=154 storage_slot_lookup_max_us=15806 storage_open_max_us=13680 storage_write_max_us=4671 storage_flush_close_max_us=360941 storage_rename_max_us=125515 storage_total_max_us=1945610 storage_total_le_640ms=0 storage_total_641_to_1280ms=0 storage_total_gt_1280ms=178
[WINDOW] Dropped windows=315 (queue overflow; sequence gaps retained)
[RAW-SPOOL-FULL] slot=512 total=2752512 used=2367488 free=385024 need=3133 windowIndex=9.
[PROCESSING-DIAG] pending_full held count=170 bootId=40ddbdc25232fbc238063340f6210d76 windowIndex=9 raw_queue=8 pending=8
[WINDOW] Dropped windows=316 (queue overflow; sequence gaps retained)
[DROP-SUMMARY] capture_queue_full=316 processing_pending_full_events=170 processing_pending_full_unique=1 actual_drop_total=316 raw_hold_full=0 spool_write_fail=0 spool_capacity_full=178 spool_corrupt_or_unreadable=0 raw_queue_depth=8 raw_queue_high_water=8 pending_depth=8 pending_high_water=8 raw_hold_depth=0 raw_hold_high_water=1 storage_samples=179 storage_lock_wait_us=10 storage_slot_lookup_us=13443 storage_open_us=0 storage_write_us=0 storage_flush_close_us=0 storage_rename_us=0 storage_total_us=1495863 storage_lock_wait_max_us=154 storage_slot_lookup_max_us=15806 storage_open_max_us=13680 storage_write_max_us=4671 storage_flush_close_max_us=360941 storage_rename_max_us=125515 storage_total_max_us=1945610 storage_total_le_640ms=0 storage_total_641_to_1280ms=0 storage_total_gt_1280ms=179
[RAW-SPOOL-FULL] slot=512 total=2752512 used=2367488 free=385024 need=3133 windowIndex=9.
[DROP-SUMMARY] capture_queue_full=316 processing_pending_full_events=170 processing_pending_full_unique=1 actual_drop_total=316 raw_hold_full=0 spool_write_fail=0 spool_capacity_full=179 spool_corrupt_or_unreadable=0 raw_queue_depth=8 raw_queue_high_water=8 pending_depth=8 pending_high_water=8 raw_hold_depth=0 raw_hold_high_water=1 storage_samples=180 storage_lock_wait_us=7 storage_slot_lookup_us=13576 storage_open_us=0 storage_write_us=0 storage_flush_close_us=0 storage_rename_us=0 storage_total_us=1382317 storage_lock_wait_max_us=154 storage_slot_lookup_max_us=15806 storage_open_max_us=13680 storage_write_max_us=4671 storage_flush_close_max_us=360941 storage_rename_max_us=125515 storage_total_max_us=1945610 storage_total_le_640ms=0 storage_total_641_to_1280ms=0 storage_total_gt_1280ms=180
[PROCESSING-DIAG] pending_full held count=171 bootId=40ddbdc25232fbc238063340f6210d76 windowIndex=9 raw_queue=8 pending=8
[RAW-DEBUG] samples=512 quality=valid X[min=-251 max=-223 mean=-237.0 rms=237.0] Y[min=47 max=79 mean=64.8 rms=64.8] Z[min=-72 max=-18 mean=-47.6 rms=48.2]
[AUDIO] Requested synchronized window was overwritten.
[WINDOW] Dropped windows=317 (queue overflow; sequence gaps retained)
[WINDOW] Dropped windows=318 (queue overflow; sequence gaps retained)
[DROP-SUMMARY] capture_queue_full=318 processing_pending_full_events=171 processing_pending_full_unique=1 actual_drop_total=318 raw_hold_full=0 spool_write_fail=0 spool_capacity_full=179 spool_corrupt_or_unreadable=0 raw_queue_depth=8 raw_queue_high_water=8 pending_depth=8 pending_high_water=8 raw_hold_depth=0 raw_hold_high_water=1 storage_samples=180 storage_lock_wait_us=7 storage_slot_lookup_us=13576 storage_open_us=0 storage_write_us=0 storage_flush_close_us=0 storage_rename_us=0 storage_total_us=1382317 storage_lock_wait_max_us=154 storage_slot_lookup_max_us=15806 storage_open_max_us=13680 storage_write_max_us=4671 storage_flush_close_max_us=360941 storage_rename_max_us=125515 storage_total_max_us=1945610 storage_total_le_640ms=0 storage_total_641_to_1280ms=0 storage_total_gt_1280ms=180
[WINDOW] Dropped windows=319 (queue overflow; sequence gaps retained)
[RAW-SPOOL-FULL] slot=512 total=2752512 used=2367488 free=385024 need=3133 windowIndex=9.
[PROCESSING-DIAG] pending_full held count=172 bootId=40ddbdc25232fbc238063340f6210d76 windowIndex=9 raw_queue=8 pending=8
[DROP-SUMMARY] capture_queue_full=319 processing_pending_full_events=172 processing_pending_full_unique=1 actual_drop_total=319 raw_hold_full=0 spool_write_fail=0 spool_capacity_full=180 spool_corrupt_or_unreadable=0 raw_queue_depth=8 raw_queue_high_water=8 pending_depth=8 pending_high_water=8 raw_hold_depth=0 raw_hold_high_water=1 storage_samples=181 storage_lock_wait_us=8 storage_slot_lookup_us=13575 storage_open_us=0 storage_write_us=0 storage_flush_close_us=0 storage_rename_us=0 storage_total_us=1497097 storage_lock_wait_max_us=154 storage_slot_lookup_max_us=15806 storage_open_max_us=13680 storage_write_max_us=4671 storage_flush_close_max_us=360941 storage_rename_max_us=125515 storage_total_max_us=1945610 storage_total_le_640ms=0 storage_total_641_to_1280ms=0 storage_total_gt_1280ms=181
[WINDOW] Dropped windows=320 (queue overflow; sequence gaps retained)
[RAW-SPOOL-FULL] slot=512 total=2752512 used=2367488 free=385024 need=3133 windowIndex=9.
[DROP-SUMMARY] capture_queue_full=320 processing_pending_full_events=172 processing_pending_full_unique=1 actual_drop_total=320 raw_hold_full=0 spool_write_fail=0 spool_capacity_full=181 spool_corrupt_or_unreadable=0 raw_queue_depth=8 raw_queue_high_water=8 pending_depth=8 pending_high_water=8 raw_hold_depth=0 raw_hold_high_water=1 storage_samples=182 storage_lock_wait_us=7 storage_slot_lookup_us=13586 storage_open_us=0 storage_write_us=0 storage_flush_close_us=0 storage_rename_us=0 storage_total_us=1381790 storage_lock_wait_max_us=154 storage_slot_lookup_max_us=15806 storage_open_max_us=13680 storage_write_max_us=4671 storage_flush_close_max_us=360941 storage_rename_max_us=125515 storage_total_max_us=1945610 storage_total_le_640ms=0 storage_total_641_to_1280ms=0 storage_total_gt_1280ms=182
[PROCESSING-DIAG] pending_full held count=173 bootId=40ddbdc25232fbc238063340f6210d76 windowIndex=9 raw_queue=8 pending=8
[WiFi] Reconnect attempt timed out.

[WiFi] Starting non-blocking connection to jmc
[RAW-SPOOL-FULL] slot=512 total=2752512 used=2367488 free=385024 need=3133 windowIndex=9.
[DROP-SUMMARY] capture_queue_full=320 processing_pending_full_events=173 processing_pending_full_unique=1 actual_drop_total=320 raw_hold_full=0 spool_write_fail=0 spool_capacity_full=182 spool_corrupt_or_unreadable=0 raw_queue_depth=8 raw_queue_high_water=8 pending_depth=8 pending_high_water=8 raw_hold_depth=0 raw_hold_high_water=1 storage_samples=183 storage_lock_wait_us=7 storage_slot_lookup_us=13586 storage_open_us=0 storage_write_us=0 storage_flush_close_us=0 storage_rename_us=0 storage_total_us=1329141 storage_lock_wait_max_us=154 storage_slot_lookup_max_us=15806 storage_open_max_us=13680 storage_write_max_us=4671 storage_flush_close_max_us=360941 storage_rename_max_us=125515 storage_total_max_us=1945610 storage_total_le_640ms=0 storage_total_641_to_1280ms=0 storage_total_gt_1280ms=183
[PROCESSING-DIAG] pending_full held count=174 bootId=40ddbdc25232fbc238063340f6210d76 windowIndex=9 raw_queue=8 pending=8
[AUDIO] Requested synchronized window was overwritten.
[WINDOW] Dropped windows=321 (queue overflow; sequence gaps retained)
[WINDOW] Dropped windows=322 (queue overflow; sequence gaps retained)
[DROP-SUMMARY] capture_queue_full=322 processing_pending_full_events=174 processing_pending_full_unique=1 actual_drop_total=322 raw_hold_full=0 spool_write_fail=0 spool_capacity_full=182 spool_corrupt_or_unreadable=0 raw_queue_depth=8 raw_queue_high_water=8 pending_depth=8 pending_high_water=8 raw_hold_depth=0 raw_hold_high_water=1 storage_samples=183 storage_lock_wait_us=7 storage_slot_lookup_us=13586 storage_open_us=0 storage_write_us=0 storage_flush_close_us=0 storage_rename_us=0 storage_total_us=1329141 storage_lock_wait_max_us=154 storage_slot_lookup_max_us=15806 storage_open_max_us=13680 storage_write_max_us=4671 storage_flush_close_max_us=360941 storage_rename_max_us=125515 storage_total_max_us=1945610 storage_total_le_640ms=0 storage_total_641_to_1280ms=0 storage_total_gt_1280ms=183
[WINDOW] Dropped windows=323 (queue overflow; sequence gaps retained)
[RAW-SPOOL-FULL] slot=512 total=2752512 used=2367488 free=385024 need=3133 windowIndex=9.
[PROCESSING-DIAG] pending_full held count=175 bootId=40ddbdc25232fbc238063340f6210d76 windowIndex=9 raw_queue=8 pending=8
[DROP-SUMMARY] capture_queue_full=323 processing_pending_full_events=175 processing_pending_full_unique=1 actual_drop_total=323 raw_hold_full=0 spool_write_fail=0 spool_capacity_full=183 spool_corrupt_or_unreadable=0 raw_queue_depth=8 raw_queue_high_water=8 pending_depth=8 pending_high_water=8 raw_hold_depth=0 raw_hold_high_water=1 storage_samples=184 storage_lock_wait_us=7 storage_slot_lookup_us=13406 storage_open_us=0 storage_write_us=0 storage_flush_close_us=0 storage_rename_us=0 storage_total_us=1497317 storage_lock_wait_max_us=154 storage_slot_lookup_max_us=15806 storage_open_max_us=13680 storage_write_max_us=4671 storage_flush_close_max_us=360941 storage_rename_max_us=125515 storage_total_max_us=1945610 storage_total_le_640ms=0 storage_total_641_to_1280ms=0 storage_total_gt_1280ms=184
[WINDOW] Dropped windows=324 (queue overflow; sequence gaps retained)
[WINDOW] Dropped windows=325 (queue overflow; sequence gaps retained)
[DROP-SUMMARY] capture_queue_full=325 processing_pending_full_events=175 processing_pending_full_unique=1 actual_drop_total=325 raw_hold_full=0 spool_write_fail=0 spool_capacity_full=183 spool_corrupt_or_unreadable=0 raw_queue_depth=8 raw_queue_high_water=8 pending_depth=8 pending_high_water=8 raw_hold_depth=0 raw_hold_high_water=1 storage_samples=184 storage_lock_wait_us=7 storage_slot_lookup_us=13406 storage_open_us=0 storage_write_us=0 storage_flush_close_us=0 storage_rename_us=0 storage_total_us=1497317 storage_lock_wait_max_us=154 storage_slot_lookup_max_us=15806 storage_open_max_us=13680 storage_write_max_us=4671 storage_flush_close_max_us=360941 storage_rename_max_us=125515 storage_total_max_us=1945610 storage_total_le_640ms=0 storage_total_641_to_1280ms=0 storage_total_gt_1280ms=184
[RAW-SPOOL-FULL] slot=512 total=2752512 used=2367488 free=385024 need=3133 windowIndex=9.
[PROCESSING-DIAG] pending_full held count=176 bootId=40ddbdc25232fbc238063340f6210d76 windowIndex=9 raw_queue=8 pending=8
[WINDOW] Dropped windows=326 (queue overflow; sequence gaps retained)
[DROP-SUMMARY] capture_queue_full=326 processing_pending_full_events=176 processing_pending_full_unique=1 actual_drop_total=326 raw_hold_full=0 spool_write_fail=0 spool_capacity_full=184 spool_corrupt_or_unreadable=0 raw_queue_depth=8 raw_queue_high_water=8 pending_depth=8 pending_high_water=8 raw_hold_depth=0 raw_hold_high_water=1 storage_samples=185 storage_lock_wait_us=7 storage_slot_lookup_us=13588 storage_open_us=0 storage_write_us=0 storage_flush_close_us=0 storage_rename_us=0 storage_total_us=1499872 storage_lock_wait_max_us=154 storage_slot_lookup_max_us=15806 storage_open_max_us=13680 storage_write_max_us=4671 storage_flush_close_max_us=360941 storage_rename_max_us=125515 storage_total_max_us=1945610 storage_total_le_640ms=0 storage_total_641_to_1280ms=0 storage_total_gt_1280ms=185
[WINDOW] Dropped windows=327 (queue overflow; sequence gaps retained)
[RAW-SPOOL-FULL] slot=512 total=2752512 used=2367488 free=385024 need=3133 windowIndex=9.
[PROCESSING-DIAG] pending_full held count=177 bootId=40ddbdc25232fbc238063340f6210d76 windowIndex=9 raw_queue=8 pending=8
[WINDOW] Dropped windows=328 (queue overflow; sequence gaps retained)
[DROP-SUMMARY] capture_queue_full=328 processing_pending_full_events=177 processing_pending_full_unique=1 actual_drop_total=328 raw_hold_full=0 spool_write_fail=0 spool_capacity_full=185 spool_corrupt_or_unreadable=0 raw_queue_depth=8 raw_queue_high_water=8 pending_depth=8 pending_high_water=8 raw_hold_depth=0 raw_hold_high_water=1 storage_samples=186 storage_lock_wait_us=7 storage_slot_lookup_us=13422 storage_open_us=0 storage_write_us=0 storage_flush_close_us=0 storage_rename_us=0 storage_total_us=1490961 storage_lock_wait_max_us=154 storage_slot_lookup_max_us=15806 storage_open_max_us=13680 storage_write_max_us=4671 storage_flush_close_max_us=360941 storage_rename_max_us=125515 storage_total_max_us=1945610 storage_total_le_640ms=0 storage_total_641_to_1280ms=0 storage_total_gt_1280ms=186
[WINDOW] Dropped windows=329 (queue overflow; sequence gaps retained)
[DROP-SUMMARY] capture_queue_full=329 processing_pending_full_events=177 processing_pending_full_unique=1 actual_drop_total=329 raw_hold_full=0 spool_write_fail=0 spool_capacity_full=185 spool_corrupt_or_unreadable=0 raw_queue_depth=8 raw_queue_high_water=8 pending_depth=8 pending_high_water=8 raw_hold_depth=0 raw_hold_high_water=1 storage_samples=186 storage_lock_wait_us=7 storage_slot_lookup_us=13422 storage_open_us=0 storage_write_us=0 storage_flush_close_us=0 storage_rename_us=0 storage_total_us=1490961 storage_lock_wait_max_us=154 storage_slot_lookup_max_us=15806 storage_open_max_us=13680 storage_write_max_us=4671 storage_flush_close_max_us=360941 storage_rename_max_us=125515 storage_total_max_us=1945610 storage_total_le_640ms=0 storage_total_641_to_1280ms=0 storage_total_gt_1280ms=186
[WINDOW] Dropped windows=330 (queue overflow; sequence gaps retained)
[RAW-SPOOL-FULL] slot=512 total=2752512 used=2367488 free=385024 need=3133 windowIndex=9.
[PROCESSING-DIAG] pending_full held count=178 bootId=40ddbdc25232fbc238063340f6210d76 windowIndex=9 raw_queue=8 pending=8
[WINDOW] Dropped windows=331 (queue overflow; sequence gaps retained)
[DROP-SUMMARY] capture_queue_full=331 processing_pending_full_events=178 processing_pending_full_unique=1 actual_drop_total=331 raw_hold_full=0 spool_write_fail=0 spool_capacity_full=186 spool_corrupt_or_unreadable=0 raw_queue_depth=8 raw_queue_high_water=8 pending_depth=8 pending_high_water=8 raw_hold_depth=0 raw_hold_high_water=1 storage_samples=187 storage_lock_wait_us=7 storage_slot_lookup_us=13452 storage_open_us=0 storage_write_us=0 storage_flush_close_us=0 storage_rename_us=0 storage_total_us=1491875 storage_lock_wait_max_us=154 storage_slot_lookup_max_us=15806 storage_open_max_us=13680 storage_write_max_us=4671 storage_flush_close_max_us=360941 storage_rename_max_us=125515 storage_total_max_us=1945610 storage_total_le_640ms=0 storage_total_641_to_1280ms=0 storage_total_gt_1280ms=187
[WINDOW] Dropped windows=332 (queue overflow; sequence gaps retained)
