# capture_start=2026-09-11T15:39:49+0900 port=COM7 baud=115200 reboot=normal_app_reset
ESP-ROM:esp32s3-20210327
Build:Mar 27 2021
rst:0x1 (POWERON),boot:0x2b (SPI_FAST_FLASH_BOOT)
SPIWP:0xee
mode:DIO, clock div:1
load:0x3fce3808,len:0x4bc
load:0x403c9700,len:0xbd8
load:0x403cc700,len:0x2a0c
entry 0x403c98d0

==============================================================
 MotorDiagnosis Edge Node
 Firmware Version : v1.3-signal-analysis.1
 Fix : I/O-safe ring + session timestamps + strict ACK + TLS
==============================================================
[ADAPTIVE] baseline_missing safe mode; capture continues and priority thresholds are disabled.
[TIME] Boot session ID: 1947
[FLASH] Mounting LittleFS without automatic format...
[FLASH] Total : 2752512 bytes
[FLASH] Used  : 2367488 bytes
[RECOVERY] Binary ring restored 2747 queued record(s).
[RECOVERY] Watermark ignored 139 already-consumed valid slot(s).
[RECOVERY] Consumed watermark: 3190 | next ordinal: 5938.
[RECOVERY] Active unresolved timestamps: 24.
[RECOVERY] Legacy v1 unresolved records pending migration: 0.
[RECOVERY] CRC/schema-invalid slots observed: 0.
[RECOVERY] Logical capacity: 24999 | physical slots: 25000 | bytes: 1200000.
[RECOVERY] Oldest-drop count: 0.
[QUALITY] Not provisioned; automatic quality reporting disabled.
[PSRAM] found=yes size=8386215 free=8320267
[RAW-SPOOL-ADMISSION] rc=ESP_OK total=2752512 used=2367488 free=385024 suspended=no reason=none
[RAW-SPOOL-BOOT] scanned=10 next=9 full=no elapsed_us=271460
[PSRAM] buffers rawQueue=8 processingQueue=8 workspace=psram batch=psram rawHold=8(psram) rawBytes=3072(psram) encodedRaw=4097(psram)
[OK] Vibration Task -> Core 0
[OK] Continuous Audio Task -> Core 1
[STACK] VibrationFIFO free=7664 bytes
[DROP-SUMMARY] capture_queue_full=0 processing_pending_full_events=0 processing_pending_full_unique=0 actual_drop_total=0 raw_hold_full=0 spool_write_fail=0 spool_capacity_full=0 spool_corrupt_or_unreadable=0 raw_queue_depth=0 raw_queue_high_water=0 pending_depth=0 pending_high_water=0 raw_hold_depth=0 raw_hold_high_water=0 storage_samples=0 storage_lock_wait_us=0 storage_slot_lookup_us=0 storage_open_us=0 storage_write_us=0 storage_flush_close_us=0 storage_rename_us=0 storage_total_us=0 storage_lock_wait_max_us=0 storage_slot_lookup_max_us=0 storage_open_max_us=0 storage_write_max_us=0 storage_flush_close_max_us=0 storage_rename_max_us=0 storage_total_max_us=0 storage_total_le_640ms=0 storage_total_641_to_1280ms=0 storage_total_gt_1280ms=0
[ADXL345] Device ID : 0xE5

[WiFi] Starting non-blocking connection to jmc
[STACK] WindowFeatures free=11836 bytes
[OK] Wi-Fi connected.
[WiFi] IP   : 172.20.10.2
[WiFi] RSSI : -41 dBm
[TIME] Synchronizing NTP...
.[RAW-TX-STAGE] event=1 stage=loop_ready elapsed_us=0 size=0
[TIME] Raw blocked: UTC invalid; trying backend fallback.
.[RAW-DEBUG] samples=512 quality=valid X[min=-250 max=-206 mean=-236.8 rms=236.8] Y[min=47 max=78 mean=64.5 rms=64.6] Z[min=-77 max=-24 mean=-48.4 rms=48.9]
[DROP-SUMMARY] capture_queue_full=0 processing_pending_full_events=0 processing_pending_full_unique=0 actual_drop_total=0 raw_hold_full=0 spool_write_fail=0 spool_capacity_full=0 spool_corrupt_or_unreadable=0 raw_queue_depth=0 raw_queue_high_water=1 pending_depth=0 pending_high_water=0 raw_hold_depth=0 raw_hold_high_water=0 storage_samples=0 storage_lock_wait_us=0 storage_slot_lookup_us=0 storage_open_us=0 storage_write_us=0 storage_flush_close_us=0 storage_rename_us=0 storage_total_us=0 storage_lock_wait_max_us=0 storage_slot_lookup_max_us=0 storage_open_max_us=0 storage_write_max_us=0 storage_flush_close_max_us=0 storage_rename_max_us=0 storage_total_max_us=0 storage_total_le_640ms=0 storage_total_641_to_1280ms=0 storage_total_gt_1280ms=0
..[DROP-SUMMARY] capture_queue_full=0 processing_pending_full_events=0 processing_pending_full_unique=0 actual_drop_total=0 raw_hold_full=0 spool_write_fail=0 spool_capacity_full=0 spool_corrupt_or_unreadable=0 raw_queue_depth=1 raw_queue_high_water=1 pending_depth=0 pending_high_water=0 raw_hold_depth=0 raw_hold_high_water=0 storage_samples=0 storage_lock_wait_us=0 storage_slot_lookup_us=0 storage_open_us=0 storage_write_us=0 storage_flush_close_us=0 storage_rename_us=0 storage_total_us=0 storage_lock_wait_max_us=0 storage_slot_lookup_max_us=0 storage_open_max_us=0 storage_write_max_us=0 storage_flush_close_max_us=0 storage_rename_max_us=0 storage_total_max_us=0 storage_total_le_640ms=0 storage_total_641_to_1280ms=0 storage_total_gt_1280ms=0
..[DROP-SUMMARY] capture_queue_full=0 processing_pending_full_events=0 processing_pending_full_unique=0 actual_drop_total=0 raw_hold_full=0 spool_write_fail=0 spool_capacity_full=0 spool_corrupt_or_unreadable=0 raw_queue_depth=3 raw_queue_high_water=3 pending_depth=0 pending_high_water=0 raw_hold_depth=0 raw_hold_high_water=0 storage_samples=0 storage_lock_wait_us=0 storage_slot_lookup_us=0 storage_open_us=0 storage_write_us=0 storage_flush_close_us=0 storage_rename_us=0 storage_total_us=0 storage_lock_wait_max_us=0 storage_slot_lookup_max_us=0 storage_open_max_us=0 storage_write_max_us=0 storage_flush_close_max_us=0 storage_rename_max_us=0 storage_total_max_us=0 storage_total_le_640ms=0 storage_total_641_to_1280ms=0 storage_total_gt_1280ms=0
.[RAW-SPOOL] stored slot=9 windowIndex=0.
.[DROP-SUMMARY] capture_queue_full=0 processing_pending_full_events=0 processing_pending_full_unique=0 actual_drop_total=0 raw_hold_full=0 spool_write_fail=0 spool_capacity_full=0 spool_corrupt_or_unreadable=0 raw_queue_depth=3 raw_queue_high_water=3 pending_depth=0 pending_high_water=0 raw_hold_depth=0 raw_hold_high_water=0 storage_samples=1 storage_lock_wait_us=7 storage_slot_lookup_us=23067 storage_open_us=127993 storage_write_us=49972 storage_flush_close_us=417983 storage_rename_us=328000 storage_total_us=2463322 storage_lock_wait_max_us=7 storage_slot_lookup_max_us=23067 storage_open_max_us=127993 storage_write_max_us=49972 storage_flush_close_max_us=417983 storage_rename_max_us=328000 storage_total_max_us=2463322 storage_total_le_640ms=0 storage_total_641_to_1280ms=0 storage_total_gt_1280ms=1

[OK] NTP synchronized: 2026-09-11T06:39:56Z
[TIME] Durable timestamp anchor: session=1947 monotonicMs=9273 epochMs=1789108796716
[SYSTEM] Restored Queue : 2747 / 24999
[SYSTEM] Pipeline ready.
[DROP-SUMMARY] capture_queue_full=0 processing_pending_full_events=0 processing_pending_full_unique=0 actual_drop_total=0 raw_hold_full=0 spool_write_fail=0 spool_capacity_full=0 spool_corrupt_or_unreadable=0 raw_queue_depth=5 raw_queue_high_water=5 pending_depth=0 pending_high_water=0 raw_hold_depth=0 raw_hold_high_water=0 storage_samples=1 storage_lock_wait_us=7 storage_slot_lookup_us=23067 storage_open_us=127993 storage_write_us=49972 storage_flush_close_us=417983 storage_rename_us=328000 storage_total_us=2463322 storage_lock_wait_max_us=7 storage_slot_lookup_max_us=23067 storage_open_max_us=127993 storage_write_max_us=49972 storage_flush_close_max_us=417983 storage_rename_max_us=328000 storage_total_max_us=2463322 storage_total_le_640ms=0 storage_total_641_to_1280ms=0 storage_total_gt_1280ms=1
[RAW-SPOOL] stored slot=10 windowIndex=1.
[DROP-SUMMARY] capture_queue_full=0 processing_pending_full_events=0 processing_pending_full_unique=0 actual_drop_total=0 raw_hold_full=0 spool_write_fail=0 spool_capacity_full=0 spool_corrupt_or_unreadable=0 raw_queue_depth=5 raw_queue_high_water=6 pending_depth=0 pending_high_water=0 raw_hold_depth=0 raw_hold_high_water=0 storage_samples=2 storage_lock_wait_us=7 storage_slot_lookup_us=2828 storage_open_us=16245 storage_write_us=5451 storage_flush_close_us=485397 storage_rename_us=36970 storage_total_us=2111343 storage_lock_wait_max_us=7 storage_slot_lookup_max_us=23067 storage_open_max_us=127993 storage_write_max_us=49972 storage_flush_close_max_us=485397 storage_rename_max_us=328000 storage_total_max_us=2463322 storage_total_le_640ms=0 storage_total_641_to_1280ms=0 storage_total_gt_1280ms=2
[DROP-SUMMARY] capture_queue_full=0 processing_pending_full_events=0 processing_pending_full_unique=0 actual_drop_total=0 raw_hold_full=0 spool_write_fail=0 spool_capacity_full=0 spool_corrupt_or_unreadable=0 raw_queue_depth=7 raw_queue_high_water=7 pending_depth=0 pending_high_water=0 raw_hold_depth=0 raw_hold_high_water=0 storage_samples=2 storage_lock_wait_us=7 storage_slot_lookup_us=2828 storage_open_us=16245 storage_write_us=5451 storage_flush_close_us=485397 storage_rename_us=36970 storage_total_us=2111343 storage_lock_wait_max_us=7 storage_slot_lookup_max_us=23067 storage_open_max_us=127993 storage_write_max_us=49972 storage_flush_close_max_us=485397 storage_rename_max_us=328000 storage_total_max_us=2463322 storage_total_le_640ms=0 storage_total_641_to_1280ms=0 storage_total_gt_1280ms=2
[RAW-SPOOL-FULL] slot=512 total=2752512 used=2375680 free=376832 need=3133 windowIndex=2.
[DROP-SUMMARY] capture_queue_full=0 processing_pending_full_events=0 processing_pending_full_unique=0 actual_drop_total=0 raw_hold_full=0 spool_write_fail=0 spool_capacity_full=1 spool_corrupt_or_unreadable=0 raw_queue_depth=7 raw_queue_high_water=7 pending_depth=1 pending_high_water=1 raw_hold_depth=0 raw_hold_high_water=0 storage_samples=3 storage_lock_wait_us=8 storage_slot_lookup_us=3654 storage_open_us=0 storage_write_us=0 storage_flush_close_us=0 storage_rename_us=0 storage_total_us=1378818 storage_lock_wait_max_us=8 storage_slot_lookup_max_us=23067 storage_open_max_us=127993 storage_write_max_us=49972 storage_flush_close_max_us=485397 storage_rename_max_us=328000 storage_total_max_us=2463322 storage_total_le_640ms=0 storage_total_641_to_1280ms=0 storage_total_gt_1280ms=3
[RAW-SPOOL-FULL] slot=512 total=2752512 used=2375680 free=376832 need=3133 windowIndex=3.
[DROP-SUMMARY] capture_queue_full=1 processing_pending_full_events=0 processing_pending_full_unique=0 actual_drop_total=1 raw_hold_full=0 spool_write_fail=0 spool_capacity_full=2 spool_corrupt_or_unreadable=0 raw_queue_depth=7 raw_queue_high_water=8 pending_depth=2 pending_high_water=2 raw_hold_depth=0 raw_hold_high_water=0 storage_samples=4 storage_lock_wait_us=7 storage_slot_lookup_us=4470 storage_open_us=0 storage_write_us=0 storage_flush_close_us=0 storage_rename_us=0 storage_total_us=1385109 storage_lock_wait_max_us=8 storage_slot_lookup_max_us=23067 storage_open_max_us=127993 storage_write_max_us=49972 storage_flush_close_max_us=485397 storage_rename_max_us=328000 storage_total_max_us=2463322 storage_total_le_640ms=0 storage_total_641_to_1280ms=0 storage_total_gt_1280ms=4
[DROP-SUMMARY] capture_queue_full=1 processing_pending_full_events=0 processing_pending_full_unique=0 actual_drop_total=1 raw_hold_full=0 spool_write_fail=0 spool_capacity_full=2 spool_corrupt_or_unreadable=0 raw_queue_depth=8 raw_queue_high_water=8 pending_depth=2 pending_high_water=2 raw_hold_depth=0 raw_hold_high_water=0 storage_samples=4 storage_lock_wait_us=7 storage_slot_lookup_us=4470 storage_open_us=0 storage_write_us=0 storage_flush_close_us=0 storage_rename_us=0 storage_total_us=1385109 storage_lock_wait_max_us=8 storage_slot_lookup_max_us=23067 storage_open_max_us=127993 storage_write_max_us=49972 storage_flush_close_max_us=485397 storage_rename_max_us=328000 storage_total_max_us=2463322 storage_total_le_640ms=0 storage_total_641_to_1280ms=0 storage_total_gt_1280ms=4
[RAW-SPOOL-FULL] slot=512 total=2752512 used=2375680 free=376832 need=3133 windowIndex=4.
[DROP-SUMMARY] capture_queue_full=2 processing_pending_full_events=0 processing_pending_full_unique=0 actual_drop_total=2 raw_hold_full=0 spool_write_fail=0 spool_capacity_full=3 spool_corrupt_or_unreadable=0 raw_queue_depth=8 raw_queue_high_water=8 pending_depth=3 pending_high_water=3 raw_hold_depth=0 raw_hold_high_water=0 storage_samples=5 storage_lock_wait_us=9 storage_slot_lookup_us=2985 storage_open_us=0 storage_write_us=0 storage_flush_close_us=0 storage_rename_us=0 storage_total_us=1383058 storage_lock_wait_max_us=9 storage_slot_lookup_max_us=23067 storage_open_max_us=127993 storage_write_max_us=49972 storage_flush_close_max_us=485397 storage_rename_max_us=328000 storage_total_max_us=2463322 storage_total_le_640ms=0 storage_total_641_to_1280ms=0 storage_total_gt_1280ms=5
[ 16996][E][WiFiClientSecure.cpp:144] connect(): start_ssl_client: -1
[TIME] Backend health HTTP error: -1
[DROP-SUMMARY] capture_queue_full=3 processing_pending_full_events=0 processing_pending_full_unique=0 actual_drop_total=3 raw_hold_full=0 spool_write_fail=0 spool_capacity_full=3 spool_corrupt_or_unreadable=0 raw_queue_depth=8 raw_queue_high_water=8 pending_depth=3 pending_high_water=3 raw_hold_depth=0 raw_hold_high_water=0 storage_samples=5 storage_lock_wait_us=9 storage_slot_lookup_us=2985 storage_open_us=0 storage_write_us=0 storage_flush_close_us=0 storage_rename_us=0 storage_total_us=1383058 storage_lock_wait_max_us=9 storage_slot_lookup_max_us=23067 storage_open_max_us=127993 storage_write_max_us=49972 storage_flush_close_max_us=485397 storage_rename_max_us=328000 storage_total_max_us=2463322 storage_total_le_640ms=0 storage_total_641_to_1280ms=0 storage_total_gt_1280ms=5
[RAW-SPOOL-FULL] slot=512 total=2752512 used=2375680 free=376832 need=3133 windowIndex=5.
[WINDOW] Dropped windows=3 (queue overflow; sequence gaps retained)
[RAW-TX-STAGE] event=2 stage=loop_ready elapsed_us=0 size=0
[RAW-TX-STAGE] event=2 stage=time_ready elapsed_us=74 size=0
[RAW-TX-STAGE] event=2 stage=priority_scan_begin elapsed_us=10971 size=0
[DROP-SUMMARY] capture_queue_full=4 processing_pending_full_events=0 processing_pending_full_unique=0 actual_drop_total=4 raw_hold_full=0 spool_write_fail=0 spool_capacity_full=4 spool_corrupt_or_unreadable=0 raw_queue_depth=8 raw_queue_high_water=8 pending_depth=4 pending_high_water=4 raw_hold_depth=0 raw_hold_high_water=0 storage_samples=6 storage_lock_wait_us=7 storage_slot_lookup_us=3579 storage_open_us=0 storage_write_us=0 storage_flush_close_us=0 storage_rename_us=0 storage_total_us=1392217 storage_lock_wait_max_us=9 storage_slot_lookup_max_us=23067 storage_open_max_us=127993 storage_write_max_us=49972 storage_flush_close_max_us=485397 storage_rename_max_us=328000 storage_total_max_us=2463322 storage_total_le_640ms=0 storage_total_641_to_1280ms=0 storage_total_gt_1280ms=6
[RAW-SPOOL-FULL] slot=512 total=2752512 used=2375680 free=376832 need=3133 windowIndex=6.
[DROP-SUMMARY] capture_queue_full=5 processing_pending_full_events=0 processing_pending_full_unique=0 actual_drop_total=5 raw_hold_full=0 spool_write_fail=0 spool_capacity_full=5 spool_corrupt_or_unreadable=0 raw_queue_depth=7 raw_queue_high_water=8 pending_depth=5 pending_high_water=5 raw_hold_depth=0 raw_hold_high_water=0 storage_samples=7 storage_lock_wait_us=9423 storage_slot_lookup_us=4284 storage_open_us=0 storage_write_us=0 storage_flush_close_us=0 storage_rename_us=0 storage_total_us=1365018 storage_lock_wait_max_us=9423 storage_slot_lookup_max_us=23067 storage_open_max_us=127993 storage_write_max_us=49972 storage_flush_close_max_us=485397 storage_rename_max_us=328000 storage_total_max_us=2463322 storage_total_le_640ms=0 storage_total_641_to_1280ms=0 storage_total_gt_1280ms=7
[DROP-SUMMARY] capture_queue_full=6 processing_pending_full_events=0 processing_pending_full_unique=0 actual_drop_total=6 raw_hold_full=0 spool_write_fail=0 spool_capacity_full=5 spool_corrupt_or_unreadable=0 raw_queue_depth=8 raw_queue_high_water=8 pending_depth=5 pending_high_water=5 raw_hold_depth=0 raw_hold_high_water=0 storage_samples=7 storage_lock_wait_us=9423 storage_slot_lookup_us=4284 storage_open_us=0 storage_write_us=0 storage_flush_close_us=0 storage_rename_us=0 storage_total_us=1365018 storage_lock_wait_max_us=9423 storage_slot_lookup_max_us=23067 storage_open_max_us=127993 storage_write_max_us=49972 storage_flush_close_max_us=485397 storage_rename_max_us=328000 storage_total_max_us=2463322 storage_total_le_640ms=0 storage_total_641_to_1280ms=0 storage_total_gt_1280ms=7
[RAW-SPOOL-FULL] slot=512 total=2752512 used=2375680 free=376832 need=3133 windowIndex=7.
[DROP-SUMMARY] capture_queue_full=6 processing_pending_full_events=0 processing_pending_full_unique=0 actual_drop_total=6 raw_hold_full=0 spool_write_fail=0 spool_capacity_full=6 spool_corrupt_or_unreadable=0 raw_queue_depth=8 raw_queue_high_water=8 pending_depth=6 pending_high_water=6 raw_hold_depth=0 raw_hold_high_water=0 storage_samples=8 storage_lock_wait_us=70753 storage_slot_lookup_us=3560 storage_open_us=0 storage_write_us=0 storage_flush_close_us=0 storage_rename_us=0 storage_total_us=1416334 storage_lock_wait_max_us=70753 storage_slot_lookup_max_us=23067 storage_open_max_us=127993 storage_write_max_us=49972 storage_flush_close_max_us=485397 storage_rename_max_us=328000 storage_total_max_us=2463322 storage_total_le_640ms=0 storage_total_641_to_1280ms=0 storage_total_gt_1280ms=8
[RAW-SPOOL-FULL] slot=512 total=2752512 used=2375680 free=376832 need=3133 windowIndex=8.
[DROP-SUMMARY] capture_queue_full=8 processing_pending_full_events=0 processing_pending_full_unique=0 actual_drop_total=8 raw_hold_full=0 spool_write_fail=0 spool_capacity_full=7 spool_corrupt_or_unreadable=0 raw_queue_depth=7 raw_queue_high_water=8 pending_depth=7 pending_high_water=7 raw_hold_depth=0 raw_hold_high_water=0 storage_samples=9 storage_lock_wait_us=101589 storage_slot_lookup_us=3164 storage_open_us=0 storage_write_us=0 storage_flush_close_us=0 storage_rename_us=0 storage_total_us=1452492 storage_lock_wait_max_us=101589 storage_slot_lookup_max_us=23067 storage_open_max_us=127993 storage_write_max_us=49972 storage_flush_close_max_us=485397 storage_rename_max_us=328000 storage_total_max_us=2463322 storage_total_le_640ms=0 storage_total_641_to_1280ms=0 storage_total_gt_1280ms=9
[DROP-SUMMARY] capture_queue_full=8 processing_pending_full_events=0 processing_pending_full_unique=0 actual_drop_total=8 raw_hold_full=0 spool_write_fail=0 spool_capacity_full=7 spool_corrupt_or_unreadable=0 raw_queue_depth=8 raw_queue_high_water=8 pending_depth=7 pending_high_water=7 raw_hold_depth=0 raw_hold_high_water=0 storage_samples=9 storage_lock_wait_us=101589 storage_slot_lookup_us=3164 storage_open_us=0 storage_write_us=0 storage_flush_close_us=0 storage_rename_us=0 storage_total_us=1452492 storage_lock_wait_max_us=101589 storage_slot_lookup_max_us=23067 storage_open_max_us=127993 storage_write_max_us=49972 storage_flush_close_max_us=485397 storage_rename_max_us=328000 storage_total_max_us=2463322 storage_total_le_640ms=0 storage_total_641_to_1280ms=0 storage_total_gt_1280ms=9
[RAW-SPOOL-FULL] slot=512 total=2752512 used=2375680 free=376832 need=3133 windowIndex=9.
[RAW-DEBUG] samples=512 quality=valid X[min=-262 max=-219 mean=-237.0 rms=237.0] Y[min=48 max=80 mean=64.4 rms=64.5] Z[min=-73 max=-5 mean=-48.3 rms=48.8]
[DROP-SUMMARY] capture_queue_full=9 processing_pending_full_events=0 processing_pending_full_unique=0 actual_drop_total=9 raw_hold_full=0 spool_write_fail=0 spool_capacity_full=8 spool_corrupt_or_unreadable=0 raw_queue_depth=8 raw_queue_high_water=8 pending_depth=8 pending_high_water=8 raw_hold_depth=0 raw_hold_high_water=0 storage_samples=10 storage_lock_wait_us=114226 storage_slot_lookup_us=3217 storage_open_us=0 storage_write_us=0 storage_flush_close_us=0 storage_rename_us=0 storage_total_us=1465085 storage_lock_wait_max_us=114226 storage_slot_lookup_max_us=23067 storage_open_max_us=127993 storage_write_max_us=49972 storage_flush_close_max_us=485397 storage_rename_max_us=328000 storage_total_max_us=2463322 storage_total_le_640ms=0 storage_total_641_to_1280ms=0 storage_total_gt_1280ms=10
[DROP-SUMMARY] capture_queue_full=10 processing_pending_full_events=0 processing_pending_full_unique=0 actual_drop_total=10 raw_hold_full=0 spool_write_fail=0 spool_capacity_full=8 spool_corrupt_or_unreadable=0 raw_queue_depth=8 raw_queue_high_water=8 pending_depth=8 pending_high_water=8 raw_hold_depth=0 raw_hold_high_water=0 storage_samples=10 storage_lock_wait_us=114226 storage_slot_lookup_us=3217 storage_open_us=0 storage_write_us=0 storage_flush_close_us=0 storage_rename_us=0 storage_total_us=1465085 storage_lock_wait_max_us=114226 storage_slot_lookup_max_us=23067 storage_open_max_us=127993 storage_write_max_us=49972 storage_flush_close_max_us=485397 storage_rename_max_us=328000 storage_total_max_us=2463322 storage_total_le_640ms=0 storage_total_641_to_1280ms=0 storage_total_gt_1280ms=10
[RAW-SPOOL-FULL] slot=512 total=2752512 used=2375680 free=376832 need=3133 windowIndex=10.
[PROCESSING-DIAG] pending_full held count=1 bootId=120f97ea7585553158a36232ba779059 windowIndex=10 raw_queue=8 pending=8
[DROP-SUMMARY] capture_queue_full=12 processing_pending_full_events=1 processing_pending_full_unique=1 actual_drop_total=12 raw_hold_full=0 spool_write_fail=0 spool_capacity_full=9 spool_corrupt_or_unreadable=0 raw_queue_depth=8 raw_queue_high_water=8 pending_depth=8 pending_high_water=8 raw_hold_depth=0 raw_hold_high_water=1 storage_samples=11 storage_lock_wait_us=111629 storage_slot_lookup_us=3321 storage_open_us=0 storage_write_us=0 storage_flush_close_us=0 storage_rename_us=0 storage_total_us=1457818 storage_lock_wait_max_us=114226 storage_slot_lookup_max_us=23067 storage_open_max_us=127993 storage_write_max_us=49972 storage_flush_close_max_us=485397 storage_rename_max_us=328000 storage_total_max_us=2463322 storage_total_le_640ms=0 storage_total_641_to_1280ms=0 storage_total_gt_1280ms=11
[RAW-SPOOL-FULL] slot=512 total=2752512 used=2375680 free=376832 need=3133 windowIndex=10.
[PROCESSING-DIAG] pending_full held count=2 bootId=120f97ea7585553158a36232ba779059 windowIndex=10 raw_queue=8 pending=8
[DROP-SUMMARY] capture_queue_full=13 processing_pending_full_events=2 processing_pending_full_unique=1 actual_drop_total=13 raw_hold_full=0 spool_write_fail=0 spool_capacity_full=10 spool_corrupt_or_unreadable=0 raw_queue_depth=8 raw_queue_high_water=8 pending_depth=8 pending_high_water=8 raw_hold_depth=0 raw_hold_high_water=1 storage_samples=12 storage_lock_wait_us=145345 storage_slot_lookup_us=3153 storage_open_us=0 storage_write_us=0 storage_flush_close_us=0 storage_rename_us=0 storage_total_us=1496768 storage_lock_wait_max_us=145345 storage_slot_lookup_max_us=23067 storage_open_max_us=127993 storage_write_max_us=49972 storage_flush_close_max_us=485397 storage_rename_max_us=328000 storage_total_max_us=2463322 storage_total_le_640ms=0 storage_total_641_to_1280ms=0 storage_total_gt_1280ms=12
[DROP-SUMMARY] capture_queue_full=15 processing_pending_full_events=2 processing_pending_full_unique=1 actual_drop_total=15 raw_hold_full=0 spool_write_fail=0 spool_capacity_full=10 spool_corrupt_or_unreadable=0 raw_queue_depth=8 raw_queue_high_water=8 pending_depth=8 pending_high_water=8 raw_hold_depth=0 raw_hold_high_water=1 storage_samples=12 storage_lock_wait_us=145345 storage_slot_lookup_us=3153 storage_open_us=0 storage_write_us=0 storage_flush_close_us=0 storage_rename_us=0 storage_total_us=1496768 storage_lock_wait_max_us=145345 storage_slot_lookup_max_us=23067 storage_open_max_us=127993 storage_write_max_us=49972 storage_flush_close_max_us=485397 storage_rename_max_us=328000 storage_total_max_us=2463322 storage_total_le_640ms=0 storage_total_641_to_1280ms=0 storage_total_gt_1280ms=12
[RAW-SPOOL-FULL] slot=512 total=2752512 used=2375680 free=376832 need=3133 windowIndex=10.
[PROCESSING-DIAG] pending_full held count=3 bootId=120f97ea7585553158a36232ba779059 windowIndex=10 raw_queue=8 pending=8
[DROP-SUMMARY] capture_queue_full=16 processing_pending_full_events=3 processing_pending_full_unique=1 actual_drop_total=16 raw_hold_full=0 spool_write_fail=0 spool_capacity_full=11 spool_corrupt_or_unreadable=0 raw_queue_depth=8 raw_queue_high_water=8 pending_depth=8 pending_high_water=8 raw_hold_depth=0 raw_hold_high_water=1 storage_samples=13 storage_lock_wait_us=340525 storage_slot_lookup_us=3306 storage_open_us=0 storage_write_us=0 storage_flush_close_us=0 storage_rename_us=0 storage_total_us=1691982 storage_lock_wait_max_us=340525 storage_slot_lookup_max_us=23067 storage_open_max_us=127993 storage_write_max_us=49972 storage_flush_close_max_us=485397 storage_rename_max_us=328000 storage_total_max_us=2463322 storage_total_le_640ms=0 storage_total_641_to_1280ms=0 storage_total_gt_1280ms=13
[DROP-SUMMARY] capture_queue_full=18 processing_pending_full_events=3 processing_pending_full_unique=1 actual_drop_total=18 raw_hold_full=0 spool_write_fail=0 spool_capacity_full=11 spool_corrupt_or_unreadable=0 raw_queue_depth=8 raw_queue_high_water=8 pending_depth=8 pending_high_water=8 raw_hold_depth=0 raw_hold_high_water=1 storage_samples=13 storage_lock_wait_us=340525 storage_slot_lookup_us=3306 storage_open_us=0 storage_write_us=0 storage_flush_close_us=0 storage_rename_us=0 storage_total_us=1691982 storage_lock_wait_max_us=340525 storage_slot_lookup_max_us=23067 storage_open_max_us=127993 storage_write_max_us=49972 storage_flush_close_max_us=485397 storage_rename_max_us=328000 storage_total_max_us=2463322 storage_total_le_640ms=0 storage_total_641_to_1280ms=0 storage_total_gt_1280ms=13
[RAW-SPOOL-FULL] slot=512 total=2752512 used=2375680 free=376832 need=3133 windowIndex=10.
[PROCESSING-DIAG] pending_full held count=4 bootId=120f97ea7585553158a36232ba779059 windowIndex=10 raw_queue=8 pending=8
[DROP-SUMMARY] capture_queue_full=19 processing_pending_full_events=4 processing_pending_full_unique=1 actual_drop_total=19 raw_hold_full=0 spool_write_fail=0 spool_capacity_full=12 spool_corrupt_or_unreadable=0 raw_queue_depth=8 raw_queue_high_water=8 pending_depth=8 pending_high_water=8 raw_hold_depth=0 raw_hold_high_water=1 storage_samples=14 storage_lock_wait_us=155124 storage_slot_lookup_us=3144 storage_open_us=0 storage_write_us=0 storage_flush_close_us=0 storage_rename_us=0 storage_total_us=1500620 storage_lock_wait_max_us=340525 storage_slot_lookup_max_us=23067 storage_open_max_us=127993 storage_write_max_us=49972 storage_flush_close_max_us=485397 storage_rename_max_us=328000 storage_total_max_us=2463322 storage_total_le_640ms=0 storage_total_641_to_1280ms=0 storage_total_gt_1280ms=14
[RAW-SPOOL-FULL] slot=512 total=2752512 used=2375680 free=376832 need=3133 windowIndex=10.
[PROCESSING-DIAG] pending_full held count=5 bootId=120f97ea7585553158a36232ba779059 windowIndex=10 raw_queue=8 pending=8
[DROP-SUMMARY] capture_queue_full=21 processing_pending_full_events=5 processing_pending_full_unique=1 actual_drop_total=21 raw_hold_full=0 spool_write_fail=0 spool_capacity_full=13 spool_corrupt_or_unreadable=0 raw_queue_depth=8 raw_queue_high_water=8 pending_depth=8 pending_high_water=8 raw_hold_depth=0 raw_hold_high_water=1 storage_samples=15 storage_lock_wait_us=29154 storage_slot_lookup_us=3226 storage_open_us=0 storage_write_us=0 storage_flush_close_us=0 storage_rename_us=0 storage_total_us=1379374 storage_lock_wait_max_us=340525 storage_slot_lookup_max_us=23067 storage_open_max_us=127993 storage_write_max_us=49972 storage_flush_close_max_us=485397 storage_rename_max_us=328000 storage_total_max_us=2463322 storage_total_le_640ms=0 storage_total_641_to_1280ms=0 storage_total_gt_1280ms=15
[DROP-SUMMARY] capture_queue_full=22 processing_pending_full_events=5 processing_pending_full_unique=1 actual_drop_total=22 raw_hold_full=0 spool_write_fail=0 spool_capacity_full=13 spool_corrupt_or_unreadable=0 raw_queue_depth=8 raw_queue_high_water=8 pending_depth=8 pending_high_water=8 raw_hold_depth=0 raw_hold_high_water=1 storage_samples=15 storage_lock_wait_us=29154 storage_slot_lookup_us=3226 storage_open_us=0 storage_write_us=0 storage_flush_close_us=0 storage_rename_us=0 storage_total_us=1379374 storage_lock_wait_max_us=340525 storage_slot_lookup_max_us=23067 storage_open_max_us=127993 storage_write_max_us=49972 storage_flush_close_max_us=485397 storage_rename_max_us=328000 storage_total_max_us=2463322 storage_total_le_640ms=0 storage_total_641_to_1280ms=0 storage_total_gt_1280ms=15
[RAW-SPOOL-FULL] slot=512 total=2752512 used=2375680 free=376832 need=3133 windowIndex=10.
[PROCESSING-DIAG] pending_full held count=6 bootId=120f97ea7585553158a36232ba779059 windowIndex=10 raw_queue=8 pending=8
[DROP-SUMMARY] capture_queue_full=24 processing_pending_full_events=6 processing_pending_full_unique=1 actual_drop_total=24 raw_hold_full=0 spool_write_fail=0 spool_capacity_full=14 spool_corrupt_or_unreadable=0 raw_queue_depth=8 raw_queue_high_water=8 pending_depth=8 pending_high_water=8 raw_hold_depth=0 raw_hold_high_water=1 storage_samples=16 storage_lock_wait_us=151560 storage_slot_lookup_us=3154 storage_open_us=0 storage_write_us=0 storage_flush_close_us=0 storage_rename_us=0 storage_total_us=1497472 storage_lock_wait_max_us=340525 storage_slot_lookup_max_us=23067 storage_open_max_us=127993 storage_write_max_us=49972 storage_flush_close_max_us=485397 storage_rename_max_us=328000 storage_total_max_us=2463322 storage_total_le_640ms=0 storage_total_641_to_1280ms=0 storage_total_gt_1280ms=16
[RAW-SPOOL-FULL] slot=512 total=2752512 used=2375680 free=376832 need=3133 windowIndex=10.
[PROCESSING-DIAG] pending_full held count=7 bootId=120f97ea7585553158a36232ba779059 windowIndex=10 raw_queue=8 pending=8
[DROP-SUMMARY] capture_queue_full=25 processing_pending_full_events=7 processing_pending_full_unique=1 actual_drop_total=25 raw_hold_full=0 spool_write_fail=0 spool_capacity_full=15 spool_corrupt_or_unreadable=0 raw_queue_depth=8 raw_queue_high_water=8 pending_depth=8 pending_high_water=8 raw_hold_depth=0 raw_hold_high_water=1 storage_samples=17 storage_lock_wait_us=79893 storage_slot_lookup_us=3202 storage_open_us=0 storage_write_us=0 storage_flush_close_us=0 storage_rename_us=0 storage_total_us=1430926 storage_lock_wait_max_us=340525 storage_slot_lookup_max_us=23067 storage_open_max_us=127993 storage_write_max_us=49972 storage_flush_close_max_us=485397 storage_rename_max_us=328000 storage_total_max_us=2463322 storage_total_le_640ms=0 storage_total_641_to_1280ms=0 storage_total_gt_1280ms=17
[DROP-SUMMARY] capture_queue_full=27 processing_pending_full_events=7 processing_pending_full_unique=1 actual_drop_total=27 raw_hold_full=0 spool_write_fail=0 spool_capacity_full=15 spool_corrupt_or_unreadable=0 raw_queue_depth=8 raw_queue_high_water=8 pending_depth=8 pending_high_water=8 raw_hold_depth=0 raw_hold_high_water=1 storage_samples=17 storage_lock_wait_us=79893 storage_slot_lookup_us=3202 storage_open_us=0 storage_write_us=0 storage_flush_close_us=0 storage_rename_us=0 storage_total_us=1430926 storage_lock_wait_max_us=340525 storage_slot_lookup_max_us=23067 storage_open_max_us=127993 storage_write_max_us=49972 storage_flush_close_max_us=485397 storage_rename_max_us=328000 storage_total_max_us=2463322 storage_total_le_640ms=0 storage_total_641_to_1280ms=0 storage_total_gt_1280ms=17
[RAW-SPOOL-FULL] slot=512 total=2752512 used=2375680 free=376832 need=3133 windowIndex=10.
[PROCESSING-DIAG] pending_full held count=8 bootId=120f97ea7585553158a36232ba779059 windowIndex=10 raw_queue=8 pending=8
[DROP-SUMMARY] capture_queue_full=28 processing_pending_full_events=8 processing_pending_full_unique=1 actual_drop_total=28 raw_hold_full=0 spool_write_fail=0 spool_capacity_full=16 spool_corrupt_or_unreadable=0 raw_queue_depth=8 raw_queue_high_water=8 pending_depth=8 pending_high_water=8 raw_hold_depth=0 raw_hold_high_water=1 storage_samples=18 storage_lock_wait_us=90501 storage_slot_lookup_us=2793 storage_open_us=0 storage_write_us=0 storage_flush_close_us=0 storage_rename_us=0 storage_total_us=1443317 storage_lock_wait_max_us=340525 storage_slot_lookup_max_us=23067 storage_open_max_us=127993 storage_write_max_us=49972 storage_flush_close_max_us=485397 storage_rename_max_us=328000 storage_total_max_us=2463322 storage_total_le_640ms=0 storage_total_641_to_1280ms=0 storage_total_gt_1280ms=18
[DROP-SUMMARY] capture_queue_full=30 processing_pending_full_events=8 processing_pending_full_unique=1 actual_drop_total=30 raw_hold_full=0 spool_write_fail=0 spool_capacity_full=16 spool_corrupt_or_unreadable=0 raw_queue_depth=8 raw_queue_high_water=8 pending_depth=8 pending_high_water=8 raw_hold_depth=0 raw_hold_high_water=1 storage_samples=18 storage_lock_wait_us=90501 storage_slot_lookup_us=2793 storage_open_us=0 storage_write_us=0 storage_flush_close_us=0 storage_rename_us=0 storage_total_us=1443317 storage_lock_wait_max_us=340525 storage_slot_lookup_max_us=23067 storage_open_max_us=127993 storage_write_max_us=49972 storage_flush_close_max_us=485397 storage_rename_max_us=328000 storage_total_max_us=2463322 storage_total_le_640ms=0 storage_total_641_to_1280ms=0 storage_total_gt_1280ms=18
[RAW-SPOOL-FULL] slot=512 total=2752512 used=2375680 free=376832 need=3133 windowIndex=10.
[PROCESSING-DIAG] pending_full held count=9 bootId=120f97ea7585553158a36232ba779059 windowIndex=10 raw_queue=8 pending=8
[DROP-SUMMARY] capture_queue_full=31 processing_pending_full_events=9 processing_pending_full_unique=1 actual_drop_total=31 raw_hold_full=0 spool_write_fail=0 spool_capacity_full=17 spool_corrupt_or_unreadable=0 raw_queue_depth=8 raw_queue_high_water=8 pending_depth=8 pending_high_water=8 raw_hold_depth=0 raw_hold_high_water=1 storage_samples=19 storage_lock_wait_us=179825 storage_slot_lookup_us=3187 storage_open_us=0 storage_write_us=0 storage_flush_close_us=0 storage_rename_us=0 storage_total_us=1528661 storage_lock_wait_max_us=340525 storage_slot_lookup_max_us=23067 storage_open_max_us=127993 storage_write_max_us=49972 storage_flush_close_max_us=485397 storage_rename_max_us=328000 storage_total_max_us=2463322 storage_total_le_640ms=0 storage_total_641_to_1280ms=0 storage_total_gt_1280ms=19
[RAW-SPOOL-FULL] slot=512 total=2752512 used=2375680 free=376832 need=3133 windowIndex=10.
[PROCESSING-DIAG] pending_full held count=10 bootId=120f97ea7585553158a36232ba779059 windowIndex=10 raw_queue=8 pending=8
[RAW-DEBUG] samples=512 quality=valid X[min=-262 max=-219 mean=-237.0 rms=237.0] Y[min=48 max=80 mean=64.4 rms=64.5] Z[min=-73 max=-5 mean=-48.3 rms=48.8]
[DROP-SUMMARY] capture_queue_full=33 processing_pending_full_events=10 processing_pending_full_unique=1 actual_drop_total=33 raw_hold_full=0 spool_write_fail=0 spool_capacity_full=18 spool_corrupt_or_unreadable=0 raw_queue_depth=8 raw_queue_high_water=8 pending_depth=8 pending_high_water=8 raw_hold_depth=0 raw_hold_high_water=1 storage_samples=20 storage_lock_wait_us=88560 storage_slot_lookup_us=3156 storage_open_us=0 storage_write_us=0 storage_flush_close_us=0 storage_rename_us=0 storage_total_us=1439701 storage_lock_wait_max_us=340525 storage_slot_lookup_max_us=23067 storage_open_max_us=127993 storage_write_max_us=49972 storage_flush_close_max_us=485397 storage_rename_max_us=328000 storage_total_max_us=2463322 storage_total_le_640ms=0 storage_total_641_to_1280ms=0 storage_total_gt_1280ms=20
[DROP-SUMMARY] capture_queue_full=34 processing_pending_full_events=10 processing_pending_full_unique=1 actual_drop_total=34 raw_hold_full=0 spool_write_fail=0 spool_capacity_full=18 spool_corrupt_or_unreadable=0 raw_queue_depth=8 raw_queue_high_water=8 pending_depth=8 pending_high_water=8 raw_hold_depth=0 raw_hold_high_water=1 storage_samples=20 storage_lock_wait_us=88560 storage_slot_lookup_us=3156 storage_open_us=0 storage_write_us=0 storage_flush_close_us=0 storage_rename_us=0 storage_total_us=1439701 storage_lock_wait_max_us=340525 storage_slot_lookup_max_us=23067 storage_open_max_us=127993 storage_write_max_us=49972 storage_flush_close_max_us=485397 storage_rename_max_us=328000 storage_total_max_us=2463322 storage_total_le_640ms=0 storage_total_641_to_1280ms=0 storage_total_gt_1280ms=20
[RAW-SPOOL-FULL] slot=512 total=2752512 used=2375680 free=376832 need=3133 windowIndex=10.
[PROCESSING-DIAG] pending_full held count=11 bootId=120f97ea7585553158a36232ba779059 windowIndex=10 raw_queue=8 pending=8
[DROP-SUMMARY] capture_queue_full=35 processing_pending_full_events=11 processing_pending_full_unique=1 actual_drop_total=35 raw_hold_full=0 spool_write_fail=0 spool_capacity_full=19 spool_corrupt_or_unreadable=0 raw_queue_depth=8 raw_queue_high_water=8 pending_depth=8 pending_high_water=8 raw_hold_depth=0 raw_hold_high_water=1 storage_samples=21 storage_lock_wait_us=121878 storage_slot_lookup_us=3133 storage_open_us=0 storage_write_us=0 storage_flush_close_us=0 storage_rename_us=0 storage_total_us=1467139 storage_lock_wait_max_us=340525 storage_slot_lookup_max_us=23067 storage_open_max_us=127993 storage_write_max_us=49972 storage_flush_close_max_us=485397 storage_rename_max_us=328000 storage_total_max_us=2463322 storage_total_le_640ms=0 storage_total_641_to_1280ms=0 storage_total_gt_1280ms=21
[RAW-SPOOL-FULL] slot=512 total=2752512 used=2375680 free=376832 need=3133 windowIndex=10.
[PROCESSING-DIAG] pending_full held count=12 bootId=120f97ea7585553158a36232ba779059 windowIndex=10 raw_queue=8 pending=8
[DROP-SUMMARY] capture_queue_full=37 processing_pending_full_events=12 processing_pending_full_unique=1 actual_drop_total=37 raw_hold_full=0 spool_write_fail=0 spool_capacity_full=20 spool_corrupt_or_unreadable=0 raw_queue_depth=8 raw_queue_high_water=8 pending_depth=8 pending_high_water=8 raw_hold_depth=0 raw_hold_high_water=1 storage_samples=22 storage_lock_wait_us=123689 storage_slot_lookup_us=3158 storage_open_us=0 storage_write_us=0 storage_flush_close_us=0 storage_rename_us=0 storage_total_us=1473252 storage_lock_wait_max_us=340525 storage_slot_lookup_max_us=23067 storage_open_max_us=127993 storage_write_max_us=49972 storage_flush_close_max_us=485397 storage_rename_max_us=328000 storage_total_max_us=2463322 storage_total_le_640ms=0 storage_total_641_to_1280ms=0 storage_total_gt_1280ms=22
[DROP-SUMMARY] capture_queue_full=38 processing_pending_full_events=12 processing_pending_full_unique=1 actual_drop_total=38 raw_hold_full=0 spool_write_fail=0 spool_capacity_full=20 spool_corrupt_or_unreadable=0 raw_queue_depth=8 raw_queue_high_water=8 pending_depth=8 pending_high_water=8 raw_hold_depth=0 raw_hold_high_water=1 storage_samples=22 storage_lock_wait_us=123689 storage_slot_lookup_us=3158 storage_open_us=0 storage_write_us=0 storage_flush_close_us=0 storage_rename_us=0 storage_total_us=1473252 storage_lock_wait_max_us=340525 storage_slot_lookup_max_us=23067 storage_open_max_us=127993 storage_write_max_us=49972 storage_flush_close_max_us=485397 storage_rename_max_us=328000 storage_total_max_us=2463322 storage_total_le_640ms=0 storage_total_641_to_1280ms=0 storage_total_gt_1280ms=22
[RAW-SPOOL-FULL] slot=512 total=2752512 used=2375680 free=376832 need=3133 windowIndex=10.
[PROCESSING-DIAG] pending_full held count=13 bootId=120f97ea7585553158a36232ba779059 windowIndex=10 raw_queue=8 pending=8
[DROP-SUMMARY] capture_queue_full=40 processing_pending_full_events=13 processing_pending_full_unique=1 actual_drop_total=40 raw_hold_full=0 spool_write_fail=0 spool_capacity_full=21 spool_corrupt_or_unreadable=0 raw_queue_depth=8 raw_queue_high_water=8 pending_depth=8 pending_high_water=8 raw_hold_depth=0 raw_hold_high_water=1 storage_samples=23 storage_lock_wait_us=114125 storage_slot_lookup_us=3205 storage_open_us=0 storage_write_us=0 storage_flush_close_us=0 storage_rename_us=0 storage_total_us=1459883 storage_lock_wait_max_us=340525 storage_slot_lookup_max_us=23067 storage_open_max_us=127993 storage_write_max_us=49972 storage_flush_close_max_us=485397 storage_rename_max_us=328000 storage_total_max_us=2463322 storage_total_le_640ms=0 storage_total_641_to_1280ms=0 storage_total_gt_1280ms=23
[DROP-SUMMARY] capture_queue_full=41 processing_pending_full_events=13 processing_pending_full_unique=1 actual_drop_total=41 raw_hold_full=0 spool_write_fail=0 spool_capacity_full=21 spool_corrupt_or_unreadable=0 raw_queue_depth=8 raw_queue_high_water=8 pending_depth=8 pending_high_water=8 raw_hold_depth=0 raw_hold_high_water=1 storage_samples=23 storage_lock_wait_us=114125 storage_slot_lookup_us=3205 storage_open_us=0 storage_write_us=0 storage_flush_close_us=0 storage_rename_us=0 storage_total_us=1459883 storage_lock_wait_max_us=340525 storage_slot_lookup_max_us=23067 storage_open_max_us=127993 storage_write_max_us=49972 storage_flush_close_max_us=485397 storage_rename_max_us=328000 storage_total_max_us=2463322 storage_total_le_640ms=0 storage_total_641_to_1280ms=0 storage_total_gt_1280ms=23
[RAW-SPOOL-FULL] slot=512 total=2752512 used=2375680 free=376832 need=3133 windowIndex=10.
[PROCESSING-DIAG] pending_full held count=14 bootId=120f97ea7585553158a36232ba779059 windowIndex=10 raw_queue=8 pending=8
[DROP-SUMMARY] capture_queue_full=43 processing_pending_full_events=14 processing_pending_full_unique=1 actual_drop_total=43 raw_hold_full=0 spool_write_fail=0 spool_capacity_full=22 spool_corrupt_or_unreadable=0 raw_queue_depth=8 raw_queue_high_water=8 pending_depth=8 pending_high_water=8 raw_hold_depth=0 raw_hold_high_water=1 storage_samples=24 storage_lock_wait_us=243416 storage_slot_lookup_us=3273 storage_open_us=0 storage_write_us=0 storage_flush_close_us=0 storage_rename_us=0 storage_total_us=1596469 storage_lock_wait_max_us=340525 storage_slot_lookup_max_us=23067 storage_open_max_us=127993 storage_write_max_us=49972 storage_flush_close_max_us=485397 storage_rename_max_us=328000 storage_total_max_us=2463322 storage_total_le_640ms=0 storage_total_641_to_1280ms=0 storage_total_gt_1280ms=24
[RAW-SPOOL-FULL] slot=512 total=2752512 used=2375680 free=376832 need=3133 windowIndex=10.
[PROCESSING-DIAG] pending_full held count=15 bootId=120f97ea7585553158a36232ba779059 windowIndex=10 raw_queue=8 pending=8
[DROP-SUMMARY] capture_queue_full=44 processing_pending_full_events=15 processing_pending_full_unique=1 actual_drop_total=44 raw_hold_full=0 spool_write_fail=0 spool_capacity_full=23 spool_corrupt_or_unreadable=0 raw_queue_depth=8 raw_queue_high_water=8 pending_depth=8 pending_high_water=8 raw_hold_depth=0 raw_hold_high_water=1 storage_samples=25 storage_lock_wait_us=130124 storage_slot_lookup_us=3200 storage_open_us=0 storage_write_us=0 storage_flush_close_us=0 storage_rename_us=0 storage_total_us=1480998 storage_lock_wait_max_us=340525 storage_slot_lookup_max_us=23067 storage_open_max_us=127993 storage_write_max_us=49972 storage_flush_close_max_us=485397 storage_rename_max_us=328000 storage_total_max_us=2463322 storage_total_le_640ms=0 storage_total_641_to_1280ms=0 storage_total_gt_1280ms=25
[DROP-SUMMARY] capture_queue_full=46 processing_pending_full_events=15 processing_pending_full_unique=1 actual_drop_total=46 raw_hold_full=0 spool_write_fail=0 spool_capacity_full=23 spool_corrupt_or_unreadable=0 raw_queue_depth=8 raw_queue_high_water=8 pending_depth=8 pending_high_water=8 raw_hold_depth=0 raw_hold_high_water=1 storage_samples=25 storage_lock_wait_us=130124 storage_slot_lookup_us=3200 storage_open_us=0 storage_write_us=0 storage_flush_close_us=0 storage_rename_us=0 storage_total_us=1480998 storage_lock_wait_max_us=340525 storage_slot_lookup_max_us=23067 storage_open_max_us=127993 storage_write_max_us=49972 storage_flush_close_max_us=485397 storage_rename_max_us=328000 storage_total_max_us=2463322 storage_total_le_640ms=0 storage_total_641_to_1280ms=0 storage_total_gt_1280ms=25
[RAW-SPOOL-FULL] slot=512 total=2752512 used=2375680 free=376832 need=3133 windowIndex=10.
[PROCESSING-DIAG] pending_full held count=16 bootId=120f97ea7585553158a36232ba779059 windowIndex=10 raw_queue=8 pending=8
[DROP-SUMMARY] capture_queue_full=47 processing_pending_full_events=16 processing_pending_full_unique=1 actual_drop_total=47 raw_hold_full=0 spool_write_fail=0 spool_capacity_full=24 spool_corrupt_or_unreadable=0 raw_queue_depth=8 raw_queue_high_water=8 pending_depth=8 pending_high_water=8 raw_hold_depth=0 raw_hold_high_water=1 storage_samples=26 storage_lock_wait_us=130629 storage_slot_lookup_us=3184 storage_open_us=0 storage_write_us=0 storage_flush_close_us=0 storage_rename_us=0 storage_total_us=1477616 storage_lock_wait_max_us=340525 storage_slot_lookup_max_us=23067 storage_open_max_us=127993 storage_write_max_us=49972 storage_flush_close_max_us=485397 storage_rename_max_us=328000 storage_total_max_us=2463322 storage_total_le_640ms=0 storage_total_641_to_1280ms=0 storage_total_gt_1280ms=26
[RAW-SPOOL-FULL] slot=512 total=2752512 used=2375680 free=376832 need=3133 windowIndex=10.
[PROCESSING-DIAG] pending_full held count=17 bootId=120f97ea7585553158a36232ba779059 windowIndex=10 raw_queue=8 pending=8
[DROP-SUMMARY] capture_queue_full=49 processing_pending_full_events=17 processing_pending_full_unique=1 actual_drop_total=49 raw_hold_full=0 spool_write_fail=0 spool_capacity_full=25 spool_corrupt_or_unreadable=0 raw_queue_depth=8 raw_queue_high_water=8 pending_depth=8 pending_high_water=8 raw_hold_depth=0 raw_hold_high_water=1 storage_samples=27 storage_lock_wait_us=298919 storage_slot_lookup_us=3149 storage_open_us=0 storage_write_us=0 storage_flush_close_us=0 storage_rename_us=0 storage_total_us=1650194 storage_lock_wait_max_us=340525 storage_slot_lookup_max_us=23067 storage_open_max_us=127993 storage_write_max_us=49972 storage_flush_close_max_us=485397 storage_rename_max_us=328000 storage_total_max_us=2463322 storage_total_le_640ms=0 storage_total_641_to_1280ms=0 storage_total_gt_1280ms=27
[DROP-SUMMARY] capture_queue_full=50 processing_pending_full_events=17 processing_pending_full_unique=1 actual_drop_total=50 raw_hold_full=0 spool_write_fail=0 spool_capacity_full=25 spool_corrupt_or_unreadable=0 raw_queue_depth=8 raw_queue_high_water=8 pending_depth=8 pending_high_water=8 raw_hold_depth=0 raw_hold_high_water=1 storage_samples=27 storage_lock_wait_us=298919 storage_slot_lookup_us=3149 storage_open_us=0 storage_write_us=0 storage_flush_close_us=0 storage_rename_us=0 storage_total_us=1650194 storage_lock_wait_max_us=340525 storage_slot_lookup_max_us=23067 storage_open_max_us=127993 storage_write_max_us=49972 storage_flush_close_max_us=485397 storage_rename_max_us=328000 storage_total_max_us=2463322 storage_total_le_640ms=0 storage_total_641_to_1280ms=0 storage_total_gt_1280ms=27
[RAW-SPOOL-FULL] slot=512 total=2752512 used=2375680 free=376832 need=3133 windowIndex=10.
[PROCESSING-DIAG] pending_full held count=18 bootId=120f97ea7585553158a36232ba779059 windowIndex=10 raw_queue=8 pending=8
[DROP-SUMMARY] capture_queue_full=52 processing_pending_full_events=18 processing_pending_full_unique=1 actual_drop_total=52 raw_hold_full=0 spool_write_fail=0 spool_capacity_full=26 spool_corrupt_or_unreadable=0 raw_queue_depth=8 raw_queue_high_water=8 pending_depth=8 pending_high_water=8 raw_hold_depth=0 raw_hold_high_water=1 storage_samples=28 storage_lock_wait_us=141343 storage_slot_lookup_us=3219 storage_open_us=0 storage_write_us=0 storage_flush_close_us=0 storage_rename_us=0 storage_total_us=1490972 storage_lock_wait_max_us=340525 storage_slot_lookup_max_us=23067 storage_open_max_us=127993 storage_write_max_us=49972 storage_flush_close_max_us=485397 storage_rename_max_us=328000 storage_total_max_us=2463322 storage_total_le_640ms=0 storage_total_641_to_1280ms=0 storage_total_gt_1280ms=28
[DROP-SUMMARY] capture_queue_full=53 processing_pending_full_events=18 processing_pending_full_unique=1 actual_drop_total=53 raw_hold_full=0 spool_write_fail=0 spool_capacity_full=26 spool_corrupt_or_unreadable=0 raw_queue_depth=8 raw_queue_high_water=8 pending_depth=8 pending_high_water=8 raw_hold_depth=0 raw_hold_high_water=1 storage_samples=28 storage_lock_wait_us=141343 storage_slot_lookup_us=3219 storage_open_us=0 storage_write_us=0 storage_flush_close_us=0 storage_rename_us=0 storage_total_us=1490972 storage_lock_wait_max_us=340525 storage_slot_lookup_max_us=23067 storage_open_max_us=127993 storage_write_max_us=49972 storage_flush_close_max_us=485397 storage_rename_max_us=328000 storage_total_max_us=2463322 storage_total_le_640ms=0 storage_total_641_to_1280ms=0 storage_total_gt_1280ms=28
[RAW-SPOOL-FULL] slot=512 total=2752512 used=2375680 free=376832 need=3133 windowIndex=10.
[PROCESSING-DIAG] pending_full held count=19 bootId=120f97ea7585553158a36232ba779059 windowIndex=10 raw_queue=8 pending=8
[DROP-SUMMARY] capture_queue_full=55 processing_pending_full_events=19 processing_pending_full_unique=1 actual_drop_total=55 raw_hold_full=0 spool_write_fail=0 spool_capacity_full=27 spool_corrupt_or_unreadable=0 raw_queue_depth=8 raw_queue_high_water=8 pending_depth=8 pending_high_water=8 raw_hold_depth=0 raw_hold_high_water=1 storage_samples=29 storage_lock_wait_us=140970 storage_slot_lookup_us=3179 storage_open_us=0 storage_write_us=0 storage_flush_close_us=0 storage_rename_us=0 storage_total_us=1487274 storage_lock_wait_max_us=340525 storage_slot_lookup_max_us=23067 storage_open_max_us=127993 storage_write_max_us=49972 storage_flush_close_max_us=485397 storage_rename_max_us=328000 storage_total_max_us=2463322 storage_total_le_640ms=0 storage_total_641_to_1280ms=0 storage_total_gt_1280ms=29
[RAW-SPOOL-FULL] slot=512 total=2752512 used=2375680 free=376832 need=3133 windowIndex=10.
[PROCESSING-DIAG] pending_full held count=20 bootId=120f97ea7585553158a36232ba779059 windowIndex=10 raw_queue=8 pending=8
[RAW-DEBUG] samples=512 quality=valid X[min=-262 max=-219 mean=-237.0 rms=237.0] Y[min=48 max=80 mean=64.4 rms=64.5] Z[min=-73 max=-5 mean=-48.3 rms=48.8]
[DROP-SUMMARY] capture_queue_full=56 processing_pending_full_events=20 processing_pending_full_unique=1 actual_drop_total=56 raw_hold_full=0 spool_write_fail=0 spool_capacity_full=28 spool_corrupt_or_unreadable=0 raw_queue_depth=8 raw_queue_high_water=8 pending_depth=8 pending_high_water=8 raw_hold_depth=0 raw_hold_high_water=1 storage_samples=30 storage_lock_wait_us=139484 storage_slot_lookup_us=3143 storage_open_us=0 storage_write_us=0 storage_flush_close_us=0 storage_rename_us=0 storage_total_us=1490915 storage_lock_wait_max_us=340525 storage_slot_lookup_max_us=23067 storage_open_max_us=127993 storage_write_max_us=49972 storage_flush_close_max_us=485397 storage_rename_max_us=328000 storage_total_max_us=2463322 storage_total_le_640ms=0 storage_total_641_to_1280ms=0 storage_total_gt_1280ms=30
[DROP-SUMMARY] capture_queue_full=58 processing_pending_full_events=20 processing_pending_full_unique=1 actual_drop_total=58 raw_hold_full=0 spool_write_fail=0 spool_capacity_full=28 spool_corrupt_or_unreadable=0 raw_queue_depth=8 raw_queue_high_water=8 pending_depth=8 pending_high_water=8 raw_hold_depth=0 raw_hold_high_water=1 storage_samples=30 storage_lock_wait_us=139484 storage_slot_lookup_us=3143 storage_open_us=0 storage_write_us=0 storage_flush_close_us=0 storage_rename_us=0 storage_total_us=1490915 storage_lock_wait_max_us=340525 storage_slot_lookup_max_us=23067 storage_open_max_us=127993 storage_write_max_us=49972 storage_flush_close_max_us=485397 storage_rename_max_us=328000 storage_total_max_us=2463322 storage_total_le_640ms=0 storage_total_641_to_1280ms=0 storage_total_gt_1280ms=30
[RAW-SPOOL-FULL] slot=512 total=2752512 used=2375680 free=376832 need=3133 windowIndex=10.
[PROCESSING-DIAG] pending_full held count=21 bootId=120f97ea7585553158a36232ba779059 windowIndex=10 raw_queue=8 pending=8
[DROP-SUMMARY] capture_queue_full=59 processing_pending_full_events=21 processing_pending_full_unique=1 actual_drop_total=59 raw_hold_full=0 spool_write_fail=0 spool_capacity_full=29 spool_corrupt_or_unreadable=0 raw_queue_depth=8 raw_queue_high_water=8 pending_depth=8 pending_high_water=8 raw_hold_depth=0 raw_hold_high_water=1 storage_samples=31 storage_lock_wait_us=170463 storage_slot_lookup_us=2817 storage_open_us=0 storage_write_us=0 storage_flush_close_us=0 storage_rename_us=0 storage_total_us=1517364 storage_lock_wait_max_us=340525 storage_slot_lookup_max_us=23067 storage_open_max_us=127993 storage_write_max_us=49972 storage_flush_close_max_us=485397 storage_rename_max_us=328000 storage_total_max_us=2463322 storage_total_le_640ms=0 storage_total_641_to_1280ms=0 storage_total_gt_1280ms=31
[RAW-SPOOL-FULL] slot=512 total=2752512 used=2375680 free=376832 need=3133 windowIndex=10.
[PROCESSING-DIAG] pending_full held count=22 bootId=120f97ea7585553158a36232ba779059 windowIndex=10 raw_queue=8 pending=8
[DROP-SUMMARY] capture_queue_full=61 processing_pending_full_events=22 processing_pending_full_unique=1 actual_drop_total=61 raw_hold_full=0 spool_write_fail=0 spool_capacity_full=30 spool_corrupt_or_unreadable=0 raw_queue_depth=8 raw_queue_high_water=8 pending_depth=8 pending_high_water=8 raw_hold_depth=0 raw_hold_high_water=1 storage_samples=32 storage_lock_wait_us=140939 storage_slot_lookup_us=3134 storage_open_us=0 storage_write_us=0 storage_flush_close_us=0 storage_rename_us=0 storage_total_us=1492753 storage_lock_wait_max_us=340525 storage_slot_lookup_max_us=23067 storage_open_max_us=127993 storage_write_max_us=49972 storage_flush_close_max_us=485397 storage_rename_max_us=328000 storage_total_max_us=2463322 storage_total_le_640ms=0 storage_total_641_to_1280ms=0 storage_total_gt_1280ms=32
[DROP-SUMMARY] capture_queue_full=62 processing_pending_full_events=22 processing_pending_full_unique=1 actual_drop_total=62 raw_hold_full=0 spool_write_fail=0 spool_capacity_full=30 spool_corrupt_or_unreadable=0 raw_queue_depth=8 raw_queue_high_water=8 pending_depth=8 pending_high_water=8 raw_hold_depth=0 raw_hold_high_water=1 storage_samples=32 storage_lock_wait_us=140939 storage_slot_lookup_us=3134 storage_open_us=0 storage_write_us=0 storage_flush_close_us=0 storage_rename_us=0 storage_total_us=1492753 storage_lock_wait_max_us=340525 storage_slot_lookup_max_us=23067 storage_open_max_us=127993 storage_write_max_us=49972 storage_flush_close_max_us=485397 storage_rename_max_us=328000 storage_total_max_us=2463322 storage_total_le_640ms=0 storage_total_641_to_1280ms=0 storage_total_gt_1280ms=32
[RAW-SPOOL-FULL] slot=512 total=2752512 used=2375680 free=376832 need=3133 windowIndex=10.
[PROCESSING-DIAG] pending_full held count=23 bootId=120f97ea7585553158a36232ba779059 windowIndex=10 raw_queue=8 pending=8
[DROP-SUMMARY] capture_queue_full=64 processing_pending_full_events=23 processing_pending_full_unique=1 actual_drop_total=64 raw_hold_full=0 spool_write_fail=0 spool_capacity_full=31 spool_corrupt_or_unreadable=0 raw_queue_depth=8 raw_queue_high_water=8 pending_depth=8 pending_high_water=8 raw_hold_depth=0 raw_hold_high_water=1 storage_samples=33 storage_lock_wait_us=340776 storage_slot_lookup_us=3177 storage_open_us=0 storage_write_us=0 storage_flush_close_us=0 storage_rename_us=0 storage_total_us=1692632 storage_lock_wait_max_us=340776 storage_slot_lookup_max_us=23067 storage_open_max_us=127993 storage_write_max_us=49972 storage_flush_close_max_us=485397 storage_rename_max_us=328000 storage_total_max_us=2463322 storage_total_le_640ms=0 storage_total_641_to_1280ms=0 storage_total_gt_1280ms=33
[DROP-SUMMARY] capture_queue_full=65 processing_pending_full_events=23 processing_pending_full_unique=1 actual_drop_total=65 raw_hold_full=0 spool_write_fail=0 spool_capacity_full=31 spool_corrupt_or_unreadable=0 raw_queue_depth=8 raw_queue_high_water=8 pending_depth=8 pending_high_water=8 raw_hold_depth=0 raw_hold_high_water=1 storage_samples=33 storage_lock_wait_us=340776 storage_slot_lookup_us=3177 storage_open_us=0 storage_write_us=0 storage_flush_close_us=0 storage_rename_us=0 storage_total_us=1692632 storage_lock_wait_max_us=340776 storage_slot_lookup_max_us=23067 storage_open_max_us=127993 storage_write_max_us=49972 storage_flush_close_max_us=485397 storage_rename_max_us=328000 storage_total_max_us=2463322 storage_total_le_640ms=0 storage_total_641_to_1280ms=0 storage_total_gt_1280ms=33
[RAW-SPOOL-FULL] slot=512 total=2752512 used=2375680 free=376832 need=3133 windowIndex=10.
[PROCESSING-DIAG] pending_full held count=24 bootId=120f97ea7585553158a36232ba779059 windowIndex=10 raw_queue=8 pending=8
[DROP-SUMMARY] capture_queue_full=67 processing_pending_full_events=24 processing_pending_full_unique=1 actual_drop_total=67 raw_hold_full=0 spool_write_fail=0 spool_capacity_full=32 spool_corrupt_or_unreadable=0 raw_queue_depth=8 raw_queue_high_water=8 pending_depth=8 pending_high_water=8 raw_hold_depth=0 raw_hold_high_water=1 storage_samples=34 storage_lock_wait_us=135586 storage_slot_lookup_us=3296 storage_open_us=0 storage_write_us=0 storage_flush_close_us=0 storage_rename_us=0 storage_total_us=1482722 storage_lock_wait_max_us=340776 storage_slot_lookup_max_us=23067 storage_open_max_us=127993 storage_write_max_us=49972 storage_flush_close_max_us=485397 storage_rename_max_us=328000 storage_total_max_us=2463322 storage_total_le_640ms=0 storage_total_641_to_1280ms=0 storage_total_gt_1280ms=34
[RAW-SPOOL-FULL] slot=512 total=2752512 used=2375680 free=376832 need=3133 windowIndex=10.
[PROCESSING-DIAG] pending_full held count=25 bootId=120f97ea7585553158a36232ba779059 windowIndex=10 raw_queue=8 pending=8
[DROP-SUMMARY] capture_queue_full=68 processing_pending_full_events=25 processing_pending_full_unique=1 actual_drop_total=68 raw_hold_full=0 spool_write_fail=0 spool_capacity_full=33 spool_corrupt_or_unreadable=0 raw_queue_depth=8 raw_queue_high_water=8 pending_depth=8 pending_high_water=8 raw_hold_depth=0 raw_hold_high_water=1 storage_samples=35 storage_lock_wait_us=135581 storage_slot_lookup_us=3326 storage_open_us=0 storage_write_us=0 storage_flush_close_us=0 storage_rename_us=0 storage_total_us=1486120 storage_lock_wait_max_us=340776 storage_slot_lookup_max_us=23067 storage_open_max_us=127993 storage_write_max_us=49972 storage_flush_close_max_us=485397 storage_rename_max_us=328000 storage_total_max_us=2463322 storage_total_le_640ms=0 storage_total_641_to_1280ms=0 storage_total_gt_1280ms=35
[DROP-SUMMARY] capture_queue_full=70 processing_pending_full_events=25 processing_pending_full_unique=1 actual_drop_total=70 raw_hold_full=0 spool_write_fail=0 spool_capacity_full=33 spool_corrupt_or_unreadable=0 raw_queue_depth=8 raw_queue_high_water=8 pending_depth=8 pending_high_water=8 raw_hold_depth=0 raw_hold_high_water=1 storage_samples=35 storage_lock_wait_us=135581 storage_slot_lookup_us=3326 storage_open_us=0 storage_write_us=0 storage_flush_close_us=0 storage_rename_us=0 storage_total_us=1486120 storage_lock_wait_max_us=340776 storage_slot_lookup_max_us=23067 storage_open_max_us=127993 storage_write_max_us=49972 storage_flush_close_max_us=485397 storage_rename_max_us=328000 storage_total_max_us=2463322 storage_total_le_640ms=0 storage_total_641_to_1280ms=0 storage_total_gt_1280ms=35
[RAW-SPOOL-FULL] slot=512 total=2752512 used=2375680 free=376832 need=3133 windowIndex=10.
[PROCESSING-DIAG] pending_full held count=26 bootId=120f97ea7585553158a36232ba779059 windowIndex=10 raw_queue=8 pending=8
[DROP-SUMMARY] capture_queue_full=71 processing_pending_full_events=26 processing_pending_full_unique=1 actual_drop_total=71 raw_hold_full=0 spool_write_fail=0 spool_capacity_full=34 spool_corrupt_or_unreadable=0 raw_queue_depth=8 raw_queue_high_water=8 pending_depth=8 pending_high_water=8 raw_hold_depth=0 raw_hold_high_water=1 storage_samples=36 storage_lock_wait_us=135075 storage_slot_lookup_us=3232 storage_open_us=0 storage_write_us=0 storage_flush_close_us=0 storage_rename_us=0 storage_total_us=1488394 storage_lock_wait_max_us=340776 storage_slot_lookup_max_us=23067 storage_open_max_us=127993 storage_write_max_us=49972 storage_flush_close_max_us=485397 storage_rename_max_us=328000 storage_total_max_us=2463322 storage_total_le_640ms=0 storage_total_641_to_1280ms=0 storage_total_gt_1280ms=36
[DROP-SUMMARY] capture_queue_full=73 processing_pending_full_events=26 processing_pending_full_unique=1 actual_drop_total=73 raw_hold_full=0 spool_write_fail=0 spool_capacity_full=34 spool_corrupt_or_unreadable=0 raw_queue_depth=8 raw_queue_high_water=8 pending_depth=8 pending_high_water=8 raw_hold_depth=0 raw_hold_high_water=1 storage_samples=36 storage_lock_wait_us=135075 storage_slot_lookup_us=3232 storage_open_us=0 storage_write_us=0 storage_flush_close_us=0 storage_rename_us=0 storage_total_us=1488394 storage_lock_wait_max_us=340776 storage_slot_lookup_max_us=23067 storage_open_max_us=127993 storage_write_max_us=49972 storage_flush_close_max_us=485397 storage_rename_max_us=328000 storage_total_max_us=2463322 storage_total_le_640ms=0 storage_total_641_to_1280ms=0 storage_total_gt_1280ms=36
[RAW-SPOOL-FULL] slot=512 total=2752512 used=2375680 free=376832 need=3133 windowIndex=10.
[PROCESSING-DIAG] pending_full held count=27 bootId=120f97ea7585553158a36232ba779059 windowIndex=10 raw_queue=8 pending=8
[DROP-SUMMARY] capture_queue_full=74 processing_pending_full_events=27 processing_pending_full_unique=1 actual_drop_total=74 raw_hold_full=0 spool_write_fail=0 spool_capacity_full=35 spool_corrupt_or_unreadable=0 raw_queue_depth=8 raw_queue_high_water=8 pending_depth=8 pending_high_water=8 raw_hold_depth=0 raw_hold_high_water=1 storage_samples=37 storage_lock_wait_us=302060 storage_slot_lookup_us=3160 storage_open_us=0 storage_write_us=0 storage_flush_close_us=0 storage_rename_us=0 storage_total_us=1649156 storage_lock_wait_max_us=340776 storage_slot_lookup_max_us=23067 storage_open_max_us=127993 storage_write_max_us=49972 storage_flush_close_max_us=485397 storage_rename_max_us=328000 storage_total_max_us=2463322 storage_total_le_640ms=0 storage_total_641_to_1280ms=0 storage_total_gt_1280ms=37
[RAW-SPOOL-FULL] slot=512 total=2752512 used=2375680 free=376832 need=3133 windowIndex=10.
[PROCESSING-DIAG] pending_full held count=28 bootId=120f97ea7585553158a36232ba779059 windowIndex=10 raw_queue=8 pending=8
[DROP-SUMMARY] capture_queue_full=76 processing_pending_full_events=28 processing_pending_full_unique=1 actual_drop_total=76 raw_hold_full=0 spool_write_fail=0 spool_capacity_full=36 spool_corrupt_or_unreadable=0 raw_queue_depth=8 raw_queue_high_water=8 pending_depth=8 pending_high_water=8 raw_hold_depth=0 raw_hold_high_water=1 storage_samples=38 storage_lock_wait_us=151994 storage_slot_lookup_us=3308 storage_open_us=0 storage_write_us=0 storage_flush_close_us=0 storage_rename_us=0 storage_total_us=1503161 storage_lock_wait_max_us=340776 storage_slot_lookup_max_us=23067 storage_open_max_us=127993 storage_write_max_us=49972 storage_flush_close_max_us=485397 storage_rename_max_us=328000 storage_total_max_us=2463322 storage_total_le_640ms=0 storage_total_641_to_1280ms=0 storage_total_gt_1280ms=38
[DROP-SUMMARY] capture_queue_full=77 processing_pending_full_events=28 processing_pending_full_unique=1 actual_drop_total=77 raw_hold_full=0 spool_write_fail=0 spool_capacity_full=36 spool_corrupt_or_unreadable=0 raw_queue_depth=8 raw_queue_high_water=8 pending_depth=8 pending_high_water=8 raw_hold_depth=0 raw_hold_high_water=1 storage_samples=38 storage_lock_wait_us=151994 storage_slot_lookup_us=3308 storage_open_us=0 storage_write_us=0 storage_flush_close_us=0 storage_rename_us=0 storage_total_us=1503161 storage_lock_wait_max_us=340776 storage_slot_lookup_max_us=23067 storage_open_max_us=127993 storage_write_max_us=49972 storage_flush_close_max_us=485397 storage_rename_max_us=328000 storage_total_max_us=2463322 storage_total_le_640ms=0 storage_total_641_to_1280ms=0 storage_total_gt_1280ms=38
[RAW-SPOOL-FULL] slot=512 total=2752512 used=2375680 free=376832 need=3133 windowIndex=10.
[PROCESSING-DIAG] pending_full held count=29 bootId=120f97ea7585553158a36232ba779059 windowIndex=10 raw_queue=8 pending=8
[DROP-SUMMARY] capture_queue_full=79 processing_pending_full_events=29 processing_pending_full_unique=1 actual_drop_total=79 raw_hold_full=0 spool_write_fail=0 spool_capacity_full=37 spool_corrupt_or_unreadable=0 raw_queue_depth=8 raw_queue_high_water=8 pending_depth=8 pending_high_water=8 raw_hold_depth=0 raw_hold_high_water=1 storage_samples=39 storage_lock_wait_us=152427 storage_slot_lookup_us=3258 storage_open_us=0 storage_write_us=0 storage_flush_close_us=0 storage_rename_us=0 storage_total_us=1504244 storage_lock_wait_max_us=340776 storage_slot_lookup_max_us=23067 storage_open_max_us=127993 storage_write_max_us=49972 storage_flush_close_max_us=485397 storage_rename_max_us=328000 storage_total_max_us=2463322 storage_total_le_640ms=0 storage_total_641_to_1280ms=0 storage_total_gt_1280ms=39
[DROP-SUMMARY] capture_queue_full=80 processing_pending_full_events=29 processing_pending_full_unique=1 actual_drop_total=80 raw_hold_full=0 spool_write_fail=0 spool_capacity_full=37 spool_corrupt_or_unreadable=0 raw_queue_depth=8 raw_queue_high_water=8 pending_depth=8 pending_high_water=8 raw_hold_depth=0 raw_hold_high_water=1 storage_samples=39 storage_lock_wait_us=152427 storage_slot_lookup_us=3258 storage_open_us=0 storage_write_us=0 storage_flush_close_us=0 storage_rename_us=0 storage_total_us=1504244 storage_lock_wait_max_us=340776 storage_slot_lookup_max_us=23067 storage_open_max_us=127993 storage_write_max_us=49972 storage_flush_close_max_us=485397 storage_rename_max_us=328000 storage_total_max_us=2463322 storage_total_le_640ms=0 storage_total_641_to_1280ms=0 storage_total_gt_1280ms=39
[RAW-SPOOL-FULL] slot=512 total=2752512 used=2375680 free=376832 need=3133 windowIndex=10.
[PROCESSING-DIAG] pending_full held count=30 bootId=120f97ea7585553158a36232ba779059 windowIndex=10 raw_queue=8 pending=8
[RAW-DEBUG] samples=512 quality=valid X[min=-262 max=-219 mean=-237.0 rms=237.0] Y[min=48 max=80 mean=64.4 rms=64.5] Z[min=-73 max=-5 mean=-48.3 rms=48.8]
[DROP-SUMMARY] capture_queue_full=82 processing_pending_full_events=30 processing_pending_full_unique=1 actual_drop_total=82 raw_hold_full=0 spool_write_fail=0 spool_capacity_full=38 spool_corrupt_or_unreadable=0 raw_queue_depth=8 raw_queue_high_water=8 pending_depth=8 pending_high_water=8 raw_hold_depth=0 raw_hold_high_water=1 storage_samples=40 storage_lock_wait_us=150834 storage_slot_lookup_us=3149 storage_open_us=0 storage_write_us=0 storage_flush_close_us=0 storage_rename_us=0 storage_total_us=1498794 storage_lock_wait_max_us=340776 storage_slot_lookup_max_us=23067 storage_open_max_us=127993 storage_write_max_us=49972 storage_flush_close_max_us=485397 storage_rename_max_us=328000 storage_total_max_us=2463322 storage_total_le_640ms=0 storage_total_641_to_1280ms=0 storage_total_gt_1280ms=40
[RAW-SPOOL-FULL] slot=512 total=2752512 used=2375680 free=376832 need=3133 windowIndex=10.
[PROCESSING-DIAG] pending_full held count=31 bootId=120f97ea7585553158a36232ba779059 windowIndex=10 raw_queue=8 pending=8
[DROP-SUMMARY] capture_queue_full=83 processing_pending_full_events=31 processing_pending_full_unique=1 actual_drop_total=83 raw_hold_full=0 spool_write_fail=0 spool_capacity_full=39 spool_corrupt_or_unreadable=0 raw_queue_depth=8 raw_queue_high_water=8 pending_depth=8 pending_high_water=8 raw_hold_depth=0 raw_hold_high_water=1 storage_samples=41 storage_lock_wait_us=147030 storage_slot_lookup_us=3299 storage_open_us=0 storage_write_us=0 storage_flush_close_us=0 storage_rename_us=0 storage_total_us=1497822 storage_lock_wait_max_us=340776 storage_slot_lookup_max_us=23067 storage_open_max_us=127993 storage_write_max_us=49972 storage_flush_close_max_us=485397 storage_rename_max_us=328000 storage_total_max_us=2463322 storage_total_le_640ms=0 storage_total_641_to_1280ms=0 storage_total_gt_1280ms=41
[DROP-SUMMARY] capture_queue_full=85 processing_pending_full_events=31 processing_pending_full_unique=1 actual_drop_total=85 raw_hold_full=0 spool_write_fail=0 spool_capacity_full=39 spool_corrupt_or_unreadable=0 raw_queue_depth=8 raw_queue_high_water=8 pending_depth=8 pending_high_water=8 raw_hold_depth=0 raw_hold_high_water=1 storage_samples=41 storage_lock_wait_us=147030 storage_slot_lookup_us=3299 storage_open_us=0 storage_write_us=0 storage_flush_close_us=0 storage_rename_us=0 storage_total_us=1497822 storage_lock_wait_max_us=340776 storage_slot_lookup_max_us=23067 storage_open_max_us=127993 storage_write_max_us=49972 storage_flush_close_max_us=485397 storage_rename_max_us=328000 storage_total_max_us=2463322 storage_total_le_640ms=0 storage_total_641_to_1280ms=0 storage_total_gt_1280ms=41
[RAW-SPOOL-FULL] slot=512 total=2752512 used=2375680 free=376832 need=3133 windowIndex=10.
[PROCESSING-DIAG] pending_full held count=32 bootId=120f97ea7585553158a36232ba779059 windowIndex=10 raw_queue=8 pending=8
[DROP-SUMMARY] capture_queue_full=86 processing_pending_full_events=32 processing_pending_full_unique=1 actual_drop_total=86 raw_hold_full=0 spool_write_fail=0 spool_capacity_full=40 spool_corrupt_or_unreadable=0 raw_queue_depth=8 raw_queue_high_water=8 pending_depth=8 pending_high_water=8 raw_hold_depth=0 raw_hold_high_water=1 storage_samples=42 storage_lock_wait_us=312440 storage_slot_lookup_us=3089 storage_open_us=0 storage_write_us=0 storage_flush_close_us=0 storage_rename_us=0 storage_total_us=1663375 storage_lock_wait_max_us=340776 storage_slot_lookup_max_us=23067 storage_open_max_us=127993 storage_write_max_us=49972 storage_flush_close_max_us=485397 storage_rename_max_us=328000 storage_total_max_us=2463322 storage_total_le_640ms=0 storage_total_641_to_1280ms=0 storage_total_gt_1280ms=42
[DROP-SUMMARY] capture_queue_full=88 processing_pending_full_events=32 processing_pending_full_unique=1 actual_drop_total=88 raw_hold_full=0 spool_write_fail=0 spool_capacity_full=40 spool_corrupt_or_unreadable=0 raw_queue_depth=8 raw_queue_high_water=8 pending_depth=8 pending_high_water=8 raw_hold_depth=0 raw_hold_high_water=1 storage_samples=42 storage_lock_wait_us=312440 storage_slot_lookup_us=3089 storage_open_us=0 storage_write_us=0 storage_flush_close_us=0 storage_rename_us=0 storage_total_us=1663375 storage_lock_wait_max_us=340776 storage_slot_lookup_max_us=23067 storage_open_max_us=127993 storage_write_max_us=49972 storage_flush_close_max_us=485397 storage_rename_max_us=328000 storage_total_max_us=2463322 storage_total_le_640ms=0 storage_total_641_to_1280ms=0 storage_total_gt_1280ms=42
[RAW-SPOOL-FULL] slot=512 total=2752512 used=2375680 free=376832 need=3133 windowIndex=10.
[PROCESSING-DIAG] pending_full held count=33 bootId=120f97ea7585553158a36232ba779059 windowIndex=10 raw_queue=8 pending=8
[DROP-SUMMARY] capture_queue_full=89 processing_pending_full_events=33 processing_pending_full_unique=1 actual_drop_total=89 raw_hold_full=0 spool_write_fail=0 spool_capacity_full=41 spool_corrupt_or_unreadable=0 raw_queue_depth=8 raw_queue_high_water=8 pending_depth=8 pending_high_water=8 raw_hold_depth=0 raw_hold_high_water=1 storage_samples=43 storage_lock_wait_us=147286 storage_slot_lookup_us=3152 storage_open_us=0 storage_write_us=0 storage_flush_close_us=0 storage_rename_us=0 storage_total_us=1495974 storage_lock_wait_max_us=340776 storage_slot_lookup_max_us=23067 storage_open_max_us=127993 storage_write_max_us=49972 storage_flush_close_max_us=485397 storage_rename_max_us=328000 storage_total_max_us=2463322 storage_total_le_640ms=0 storage_total_641_to_1280ms=0 storage_total_gt_1280ms=43
[RAW-SPOOL-FULL] slot=512 total=2752512 used=2375680 free=376832 need=3133 windowIndex=10.
[PROCESSING-DIAG] pending_full held count=34 bootId=120f97ea7585553158a36232ba779059 windowIndex=10 raw_queue=8 pending=8
[DROP-SUMMARY] capture_queue_full=91 processing_pending_full_events=34 processing_pending_full_unique=1 actual_drop_total=91 raw_hold_full=0 spool_write_fail=0 spool_capacity_full=42 spool_corrupt_or_unreadable=0 raw_queue_depth=8 raw_queue_high_water=8 pending_depth=8 pending_high_water=8 raw_hold_depth=0 raw_hold_high_water=1 storage_samples=44 storage_lock_wait_us=148451 storage_slot_lookup_us=3262 storage_open_us=0 storage_write_us=0 storage_flush_close_us=0 storage_rename_us=0 storage_total_us=1499663 storage_lock_wait_max_us=340776 storage_slot_lookup_max_us=23067 storage_open_max_us=127993 storage_write_max_us=49972 storage_flush_close_max_us=485397 storage_rename_max_us=328000 storage_total_max_us=2463322 storage_total_le_640ms=0 storage_total_641_to_1280ms=0 storage_total_gt_1280ms=44
[DROP-SUMMARY] capture_queue_full=92 processing_pending_full_events=34 processing_pending_full_unique=1 actual_drop_total=92 raw_hold_full=0 spool_write_fail=0 spool_capacity_full=42 spool_corrupt_or_unreadable=0 raw_queue_depth=8 raw_queue_high_water=8 pending_depth=8 pending_high_water=8 raw_hold_depth=0 raw_hold_high_water=1 storage_samples=44 storage_lock_wait_us=148451 storage_slot_lookup_us=3262 storage_open_us=0 storage_write_us=0 storage_flush_close_us=0 storage_rename_us=0 storage_total_us=1499663 storage_lock_wait_max_us=340776 storage_slot_lookup_max_us=23067 storage_open_max_us=127993 storage_write_max_us=49972 storage_flush_close_max_us=485397 storage_rename_max_us=328000 storage_total_max_us=2463322 storage_total_le_640ms=0 storage_total_641_to_1280ms=0 storage_total_gt_1280ms=44
[RAW-SPOOL-FULL] slot=512 total=2752512 used=2375680 free=376832 need=3133 windowIndex=10.
[PROCESSING-DIAG] pending_full held count=35 bootId=120f97ea7585553158a36232ba779059 windowIndex=10 raw_queue=8 pending=8
[DROP-SUMMARY] capture_queue_full=93 processing_pending_full_events=35 processing_pending_full_unique=1 actual_drop_total=93 raw_hold_full=0 spool_write_fail=0 spool_capacity_full=43 spool_corrupt_or_unreadable=0 raw_queue_depth=8 raw_queue_high_water=8 pending_depth=8 pending_high_water=8 raw_hold_depth=0 raw_hold_high_water=1 storage_samples=45 storage_lock_wait_us=181153 storage_slot_lookup_us=3179 storage_open_us=0 storage_write_us=0 storage_flush_close_us=0 storage_rename_us=0 storage_total_us=1527703 storage_lock_wait_max_us=340776 storage_slot_lookup_max_us=23067 storage_open_max_us=127993 storage_write_max_us=49972 storage_flush_close_max_us=485397 storage_rename_max_us=328000 storage_total_max_us=2463322 storage_total_le_640ms=0 storage_total_641_to_1280ms=0 storage_total_gt_1280ms=45
[RAW-SPOOL-FULL] slot=512 total=2752512 used=2375680 free=376832 need=3133 windowIndex=10.
[PROCESSING-DIAG] pending_full held count=36 bootId=120f97ea7585553158a36232ba779059 windowIndex=10 raw_queue=8 pending=8
[DROP-SUMMARY] capture_queue_full=95 processing_pending_full_events=36 processing_pending_full_unique=1 actual_drop_total=95 raw_hold_full=0 spool_write_fail=0 spool_capacity_full=44 spool_corrupt_or_unreadable=0 raw_queue_depth=8 raw_queue_high_water=8 pending_depth=8 pending_high_water=8 raw_hold_depth=0 raw_hold_high_water=1 storage_samples=46 storage_lock_wait_us=147829 storage_slot_lookup_us=3249 storage_open_us=0 storage_write_us=0 storage_flush_close_us=0 storage_rename_us=0 storage_total_us=1499089 storage_lock_wait_max_us=340776 storage_slot_lookup_max_us=23067 storage_open_max_us=127993 storage_write_max_us=49972 storage_flush_close_max_us=485397 storage_rename_max_us=328000 storage_total_max_us=2463322 storage_total_le_640ms=0 storage_total_641_to_1280ms=0 storage_total_gt_1280ms=46
[DROP-SUMMARY] capture_queue_full=96 processing_pending_full_events=36 processing_pending_full_unique=1 actual_drop_total=96 raw_hold_full=0 spool_write_fail=0 spool_capacity_full=44 spool_corrupt_or_unreadable=0 raw_queue_depth=8 raw_queue_high_water=8 pending_depth=8 pending_high_water=8 raw_hold_depth=0 raw_hold_high_water=1 storage_samples=46 storage_lock_wait_us=147829 storage_slot_lookup_us=3249 storage_open_us=0 storage_write_us=0 storage_flush_close_us=0 storage_rename_us=0 storage_total_us=1499089 storage_lock_wait_max_us=340776 storage_slot_lookup_max_us=23067 storage_open_max_us=127993 storage_write_max_us=49972 storage_flush_close_max_us=485397 storage_rename_max_us=328000 storage_total_max_us=2463322 storage_total_le_640ms=0 storage_total_641_to_1280ms=0 storage_total_gt_1280ms=46
[RAW-SPOOL-FULL] slot=512 total=2752512 used=2375680 free=376832 need=3133 windowIndex=10.
[PROCESSING-DIAG] pending_full held count=37 bootId=120f97ea7585553158a36232ba779059 windowIndex=10 raw_queue=8 pending=8
[DROP-SUMMARY] capture_queue_full=98 processing_pending_full_events=37 processing_pending_full_unique=1 actual_drop_total=98 raw_hold_full=0 spool_write_fail=0 spool_capacity_full=45 spool_corrupt_or_unreadable=0 raw_queue_depth=8 raw_queue_high_water=8 pending_depth=8 pending_high_water=8 raw_hold_depth=0 raw_hold_high_water=1 storage_samples=47 storage_lock_wait_us=144616 storage_slot_lookup_us=3168 storage_open_us=0 storage_write_us=0 storage_flush_close_us=0 storage_rename_us=0 storage_total_us=1495279 storage_lock_wait_max_us=340776 storage_slot_lookup_max_us=23067 storage_open_max_us=127993 storage_write_max_us=49972 storage_flush_close_max_us=485397 storage_rename_max_us=328000 storage_total_max_us=2463322 storage_total_le_640ms=0 storage_total_641_to_1280ms=0 storage_total_gt_1280ms=47
[DROP-SUMMARY] capture_queue_full=99 processing_pending_full_events=37 processing_pending_full_unique=1 actual_drop_total=99 raw_hold_full=0 spool_write_fail=0 spool_capacity_full=45 spool_corrupt_or_unreadable=0 raw_queue_depth=8 raw_queue_high_water=8 pending_depth=8 pending_high_water=8 raw_hold_depth=0 raw_hold_high_water=1 storage_samples=47 storage_lock_wait_us=144616 storage_slot_lookup_us=3168 storage_open_us=0 storage_write_us=0 storage_flush_close_us=0 storage_rename_us=0 storage_total_us=1495279 storage_lock_wait_max_us=340776 storage_slot_lookup_max_us=23067 storage_open_max_us=127993 storage_write_max_us=49972 storage_flush_close_max_us=485397 storage_rename_max_us=328000 storage_total_max_us=2463322 storage_total_le_640ms=0 storage_total_641_to_1280ms=0 storage_total_gt_1280ms=47
[RAW-SPOOL-FULL] slot=512 total=2752512 used=2375680 free=376832 need=3133 windowIndex=10.
[PROCESSING-DIAG] pending_full held count=38 bootId=120f97ea7585553158a36232ba779059 windowIndex=10 raw_queue=8 pending=8
[DROP-SUMMARY] capture_queue_full=101 processing_pending_full_events=38 processing_pending_full_unique=1 actual_drop_total=101 raw_hold_full=0 spool_write_fail=0 spool_capacity_full=46 spool_corrupt_or_unreadable=0 raw_queue_depth=8 raw_queue_high_water=8 pending_depth=8 pending_high_water=8 raw_hold_depth=0 raw_hold_high_water=1 storage_samples=48 storage_lock_wait_us=144815 storage_slot_lookup_us=3529 storage_open_us=0 storage_write_us=0 storage_flush_close_us=0 storage_rename_us=0 storage_total_us=1491314 storage_lock_wait_max_us=340776 storage_slot_lookup_max_us=23067 storage_open_max_us=127993 storage_write_max_us=49972 storage_flush_close_max_us=485397 storage_rename_max_us=328000 storage_total_max_us=2463322 storage_total_le_640ms=0 storage_total_641_to_1280ms=0 storage_total_gt_1280ms=48
[RAW-SPOOL-FULL] slot=512 total=2752512 used=2375680 free=376832 need=3133 windowIndex=10.
[PROCESSING-DIAG] pending_full held count=39 bootId=120f97ea7585553158a36232ba779059 windowIndex=10 raw_queue=8 pending=8
[DROP-SUMMARY] capture_queue_full=102 processing_pending_full_events=39 processing_pending_full_unique=1 actual_drop_total=102 raw_hold_full=0 spool_write_fail=0 spool_capacity_full=47 spool_corrupt_or_unreadable=0 raw_queue_depth=8 raw_queue_high_water=8 pending_depth=8 pending_high_water=8 raw_hold_depth=0 raw_hold_high_water=1 storage_samples=49 storage_lock_wait_us=144251 storage_slot_lookup_us=3163 storage_open_us=0 storage_write_us=0 storage_flush_close_us=0 storage_rename_us=0 storage_total_us=1495658 storage_lock_wait_max_us=340776 storage_slot_lookup_max_us=23067 storage_open_max_us=127993 storage_write_max_us=49972 storage_flush_close_max_us=485397 storage_rename_max_us=328000 storage_total_max_us=2463322 storage_total_le_640ms=0 storage_total_641_to_1280ms=0 storage_total_gt_1280ms=49
[DROP-SUMMARY] capture_queue_full=104 processing_pending_full_events=39 processing_pending_full_unique=1 actual_drop_total=104 raw_hold_full=0 spool_write_fail=0 spool_capacity_full=47 spool_corrupt_or_unreadable=0 raw_queue_depth=8 raw_queue_high_water=8 pending_depth=8 pending_high_water=8 raw_hold_depth=0 raw_hold_high_water=1 storage_samples=49 storage_lock_wait_us=144251 storage_slot_lookup_us=3163 storage_open_us=0 storage_write_us=0 storage_flush_close_us=0 storage_rename_us=0 storage_total_us=1495658 storage_lock_wait_max_us=340776 storage_slot_lookup_max_us=23067 storage_open_max_us=127993 storage_write_max_us=49972 storage_flush_close_max_us=485397 storage_rename_max_us=328000 storage_total_max_us=2463322 storage_total_le_640ms=0 storage_total_641_to_1280ms=0 storage_total_gt_1280ms=49
[RAW-SPOOL-FULL] slot=512 total=2752512 used=2375680 free=376832 need=3133 windowIndex=10.
[PROCESSING-DIAG] pending_full held count=40 bootId=120f97ea7585553158a36232ba779059 windowIndex=10 raw_queue=8 pending=8
[RAW-DEBUG] samples=512 quality=valid X[min=-262 max=-219 mean=-237.0 rms=237.0] Y[min=48 max=80 mean=64.4 rms=64.5] Z[min=-73 max=-5 mean=-48.3 rms=48.8]
[DROP-SUMMARY] capture_queue_full=105 processing_pending_full_events=40 processing_pending_full_unique=1 actual_drop_total=105 raw_hold_full=0 spool_write_fail=0 spool_capacity_full=48 spool_corrupt_or_unreadable=0 raw_queue_depth=8 raw_queue_high_water=8 pending_depth=8 pending_high_water=8 raw_hold_depth=0 raw_hold_high_water=1 storage_samples=50 storage_lock_wait_us=143249 storage_slot_lookup_us=3180 storage_open_us=0 storage_write_us=0 storage_flush_close_us=0 storage_rename_us=0 storage_total_us=1490360 storage_lock_wait_max_us=340776 storage_slot_lookup_max_us=23067 storage_open_max_us=127993 storage_write_max_us=49972 storage_flush_close_max_us=485397 storage_rename_max_us=328000 storage_total_max_us=2463322 storage_total_le_640ms=0 storage_total_641_to_1280ms=0 storage_total_gt_1280ms=50
[RAW-SPOOL-FULL] slot=512 total=2752512 used=2375680 free=376832 need=3133 windowIndex=10.
[PROCESSING-DIAG] pending_full held count=41 bootId=120f97ea7585553158a36232ba779059 windowIndex=10 raw_queue=8 pending=8
[DROP-SUMMARY] capture_queue_full=107 processing_pending_full_events=41 processing_pending_full_unique=1 actual_drop_total=107 raw_hold_full=0 spool_write_fail=0 spool_capacity_full=49 spool_corrupt_or_unreadable=0 raw_queue_depth=8 raw_queue_high_water=8 pending_depth=8 pending_high_water=8 raw_hold_depth=0 raw_hold_high_water=1 storage_samples=51 storage_lock_wait_us=191197 storage_slot_lookup_us=3159 storage_open_us=0 storage_write_us=0 storage_flush_close_us=0 storage_rename_us=0 storage_total_us=1542429 storage_lock_wait_max_us=340776 storage_slot_lookup_max_us=23067 storage_open_max_us=127993 storage_write_max_us=49972 storage_flush_close_max_us=485397 storage_rename_max_us=328000 storage_total_max_us=2463322 storage_total_le_640ms=0 storage_total_641_to_1280ms=0 storage_total_gt_1280ms=51
[DROP-SUMMARY] capture_queue_full=108 processing_pending_full_events=41 processing_pending_full_unique=1 actual_drop_total=108 raw_hold_full=0 spool_write_fail=0 spool_capacity_full=49 spool_corrupt_or_unreadable=0 raw_queue_depth=8 raw_queue_high_water=8 pending_depth=8 pending_high_water=8 raw_hold_depth=0 raw_hold_high_water=1 storage_samples=51 storage_lock_wait_us=191197 storage_slot_lookup_us=3159 storage_open_us=0 storage_write_us=0 storage_flush_close_us=0 storage_rename_us=0 storage_total_us=1542429 storage_lock_wait_max_us=340776 storage_slot_lookup_max_us=23067 storage_open_max_us=127993 storage_write_max_us=49972 storage_flush_close_max_us=485397 storage_rename_max_us=328000 storage_total_max_us=2463322 storage_total_le_640ms=0 storage_total_641_to_1280ms=0 storage_total_gt_1280ms=51
[RAW-SPOOL-FULL] slot=512 total=2752512 used=2375680 free=376832 need=3133 windowIndex=10.
[PROCESSING-DIAG] pending_full held count=42 bootId=120f97ea7585553158a36232ba779059 windowIndex=10 raw_queue=8 pending=8
[DROP-SUMMARY] capture_queue_full=110 processing_pending_full_events=42 processing_pending_full_unique=1 actual_drop_total=110 raw_hold_full=0 spool_write_fail=0 spool_capacity_full=50 spool_corrupt_or_unreadable=0 raw_queue_depth=8 raw_queue_high_water=8 pending_depth=8 pending_high_water=8 raw_hold_depth=0 raw_hold_high_water=1 storage_samples=52 storage_lock_wait_us=145252 storage_slot_lookup_us=3148 storage_open_us=0 storage_write_us=0 storage_flush_close_us=0 storage_rename_us=0 storage_total_us=1496741 storage_lock_wait_max_us=340776 storage_slot_lookup_max_us=23067 storage_open_max_us=127993 storage_write_max_us=49972 storage_flush_close_max_us=485397 storage_rename_max_us=328000 storage_total_max_us=2463322 storage_total_le_640ms=0 storage_total_641_to_1280ms=0 storage_total_gt_1280ms=52
[DROP-SUMMARY] capture_queue_full=111 processing_pending_full_events=42 processing_pending_full_unique=1 actual_drop_total=111 raw_hold_full=0 spool_write_fail=0 spool_capacity_full=50 spool_corrupt_or_unreadable=0 raw_queue_depth=8 raw_queue_high_water=8 pending_depth=8 pending_high_water=8 raw_hold_depth=0 raw_hold_high_water=1 storage_samples=52 storage_lock_wait_us=145252 storage_slot_lookup_us=3148 storage_open_us=0 storage_write_us=0 storage_flush_close_us=0 storage_rename_us=0 storage_total_us=1496741 storage_lock_wait_max_us=340776 storage_slot_lookup_max_us=23067 storage_open_max_us=127993 storage_write_max_us=49972 storage_flush_close_max_us=485397 storage_rename_max_us=328000 storage_total_max_us=2463322 storage_total_le_640ms=0 storage_total_641_to_1280ms=0 storage_total_gt_1280ms=52
[RAW-SPOOL-FULL] slot=512 total=2752512 used=2375680 free=376832 need=3133 windowIndex=10.
[PROCESSING-DIAG] pending_full held count=43 bootId=120f97ea7585553158a36232ba779059 windowIndex=10 raw_queue=8 pending=8
[DROP-SUMMARY] capture_queue_full=113 processing_pending_full_events=43 processing_pending_full_unique=1 actual_drop_total=113 raw_hold_full=0 spool_write_fail=0 spool_capacity_full=51 spool_corrupt_or_unreadable=0 raw_queue_depth=8 raw_queue_high_water=8 pending_depth=8 pending_high_water=8 raw_hold_depth=0 raw_hold_high_water=1 storage_samples=53 storage_lock_wait_us=189121 storage_slot_lookup_us=3308 storage_open_us=0 storage_write_us=0 storage_flush_close_us=0 storage_rename_us=0 storage_total_us=1536254 storage_lock_wait_max_us=340776 storage_slot_lookup_max_us=23067 storage_open_max_us=127993 storage_write_max_us=49972 storage_flush_close_max_us=485397 storage_rename_max_us=328000 storage_total_max_us=2463322 storage_total_le_640ms=0 storage_total_641_to_1280ms=0 storage_total_gt_1280ms=53
[RAW-SPOOL-FULL] slot=512 total=2752512 used=2375680 free=376832 need=3133 windowIndex=10.
[PROCESSING-DIAG] pending_full held count=44 bootId=120f97ea7585553158a36232ba779059 windowIndex=10 raw_queue=8 pending=8
[DROP-SUMMARY] capture_queue_full=114 processing_pending_full_events=44 processing_pending_full_unique=1 actual_drop_total=114 raw_hold_full=0 spool_write_fail=0 spool_capacity_full=52 spool_corrupt_or_unreadable=0 raw_queue_depth=8 raw_queue_high_water=8 pending_depth=8 pending_high_water=8 raw_hold_depth=0 raw_hold_high_water=1 storage_samples=54 storage_lock_wait_us=187484 storage_slot_lookup_us=3238 storage_open_us=0 storage_write_us=0 storage_flush_close_us=0 storage_rename_us=0 storage_total_us=1537858 storage_lock_wait_max_us=340776 storage_slot_lookup_max_us=23067 storage_open_max_us=127993 storage_write_max_us=49972 storage_flush_close_max_us=485397 storage_rename_max_us=328000 storage_total_max_us=2463322 storage_total_le_640ms=0 storage_total_641_to_1280ms=0 storage_total_gt_1280ms=54
[DROP-SUMMARY] capture_queue_full=116 processing_pending_full_events=44 processing_pending_full_unique=1 actual_drop_total=116 raw_hold_full=0 spool_write_fail=0 spool_capacity_full=52 spool_corrupt_or_unreadable=0 raw_queue_depth=8 raw_queue_high_water=8 pending_depth=8 pending_high_water=8 raw_hold_depth=0 raw_hold_high_water=1 storage_samples=54 storage_lock_wait_us=187484 storage_slot_lookup_us=3238 storage_open_us=0 storage_write_us=0 storage_flush_close_us=0 storage_rename_us=0 storage_total_us=1537858 storage_lock_wait_max_us=340776 storage_slot_lookup_max_us=23067 storage_open_max_us=127993 storage_write_max_us=49972 storage_flush_close_max_us=485397 storage_rename_max_us=328000 storage_total_max_us=2463322 storage_total_le_640ms=0 storage_total_641_to_1280ms=0 storage_total_gt_1280ms=54
[RAW-SPOOL-FULL] slot=512 total=2752512 used=2375680 free=376832 need=3133 windowIndex=10.
[PROCESSING-DIAG] pending_full held count=45 bootId=120f97ea7585553158a36232ba779059 windowIndex=10 raw_queue=8 pending=8
[DROP-SUMMARY] capture_queue_full=117 processing_pending_full_events=45 processing_pending_full_unique=1 actual_drop_total=117 raw_hold_full=0 spool_write_fail=0 spool_capacity_full=53 spool_corrupt_or_unreadable=0 raw_queue_depth=8 raw_queue_high_water=8 pending_depth=8 pending_high_water=8 raw_hold_depth=0 raw_hold_high_water=1 storage_samples=55 storage_lock_wait_us=186017 storage_slot_lookup_us=2828 storage_open_us=0 storage_write_us=0 storage_flush_close_us=0 storage_rename_us=0 storage_total_us=1537268 storage_lock_wait_max_us=340776 storage_slot_lookup_max_us=23067 storage_open_max_us=127993 storage_write_max_us=49972 storage_flush_close_max_us=485397 storage_rename_max_us=328000 storage_total_max_us=2463322 storage_total_le_640ms=0 storage_total_641_to_1280ms=0 storage_total_gt_1280ms=55
[DROP-SUMMARY] capture_queue_full=119 processing_pending_full_events=45 processing_pending_full_unique=1 actual_drop_total=119 raw_hold_full=0 spool_write_fail=0 spool_capacity_full=53 spool_corrupt_or_unreadable=0 raw_queue_depth=8 raw_queue_high_water=8 pending_depth=8 pending_high_water=8 raw_hold_depth=0 raw_hold_high_water=1 storage_samples=55 storage_lock_wait_us=186017 storage_slot_lookup_us=2828 storage_open_us=0 storage_write_us=0 storage_flush_close_us=0 storage_rename_us=0 storage_total_us=1537268 storage_lock_wait_max_us=340776 storage_slot_lookup_max_us=23067 storage_open_max_us=127993 storage_write_max_us=49972 storage_flush_close_max_us=485397 storage_rename_max_us=328000 storage_total_max_us=2463322 storage_total_le_640ms=0 storage_total_641_to_1280ms=0 storage_total_gt_1280ms=55
[RAW-SPOOL-FULL] slot=512 total=2752512 used=2375680 free=376832 need=3133 windowIndex=10.
[PROCESSING-DIAG] pending_full held count=46 bootId=120f97ea7585553158a36232ba779059 windowIndex=10 raw_queue=8 pending=8
[DROP-SUMMARY] capture_queue_full=120 processing_pending_full_events=46 processing_pending_full_unique=1 actual_drop_total=120 raw_hold_full=0 spool_write_fail=0 spool_capacity_full=54 spool_corrupt_or_unreadable=0 raw_queue_depth=8 raw_queue_high_water=8 pending_depth=8 pending_high_water=8 raw_hold_depth=0 raw_hold_high_water=1 storage_samples=56 storage_lock_wait_us=387795 storage_slot_lookup_us=3139 storage_open_us=0 storage_write_us=0 storage_flush_close_us=0 storage_rename_us=0 storage_total_us=1734120 storage_lock_wait_max_us=387795 storage_slot_lookup_max_us=23067 storage_open_max_us=127993 storage_write_max_us=49972 storage_flush_close_max_us=485397 storage_rename_max_us=328000 storage_total_max_us=2463322 storage_total_le_640ms=0 storage_total_641_to_1280ms=0 storage_total_gt_1280ms=56
[RAW-SPOOL-FULL] slot=512 total=2752512 used=2375680 free=376832 need=3133 windowIndex=10.
[PROCESSING-DIAG] pending_full held count=47 bootId=120f97ea7585553158a36232ba779059 windowIndex=10 raw_queue=8 pending=8
[DROP-SUMMARY] capture_queue_full=122 processing_pending_full_events=47 processing_pending_full_unique=1 actual_drop_total=122 raw_hold_full=0 spool_write_fail=0 spool_capacity_full=55 spool_corrupt_or_unreadable=0 raw_queue_depth=8 raw_queue_high_water=8 pending_depth=8 pending_high_water=8 raw_hold_depth=0 raw_hold_high_water=1 storage_samples=57 storage_lock_wait_us=187300 storage_slot_lookup_us=3066 storage_open_us=0 storage_write_us=0 storage_flush_close_us=0 storage_rename_us=0 storage_total_us=1539376 storage_lock_wait_max_us=387795 storage_slot_lookup_max_us=23067 storage_open_max_us=127993 storage_write_max_us=49972 storage_flush_close_max_us=485397 storage_rename_max_us=328000 storage_total_max_us=2463322 storage_total_le_640ms=0 storage_total_641_to_1280ms=0 storage_total_gt_1280ms=57
[DROP-SUMMARY] capture_queue_full=123 processing_pending_full_events=47 processing_pending_full_unique=1 actual_drop_total=123 raw_hold_full=0 spool_write_fail=0 spool_capacity_full=55 spool_corrupt_or_unreadable=0 raw_queue_depth=8 raw_queue_high_water=8 pending_depth=8 pending_high_water=8 raw_hold_depth=0 raw_hold_high_water=1 storage_samples=57 storage_lock_wait_us=187300 storage_slot_lookup_us=3066 storage_open_us=0 storage_write_us=0 storage_flush_close_us=0 storage_rename_us=0 storage_total_us=1539376 storage_lock_wait_max_us=387795 storage_slot_lookup_max_us=23067 storage_open_max_us=127993 storage_write_max_us=49972 storage_flush_close_max_us=485397 storage_rename_max_us=328000 storage_total_max_us=2463322 storage_total_le_640ms=0 storage_total_641_to_1280ms=0 storage_total_gt_1280ms=57
[RAW-SPOOL-FULL] slot=512 total=2752512 used=2375680 free=376832 need=3133 windowIndex=10.
[PROCESSING-DIAG] pending_full held count=48 bootId=120f97ea7585553158a36232ba779059 windowIndex=10 raw_queue=8 pending=8
[DROP-SUMMARY] capture_queue_full=125 processing_pending_full_events=48 processing_pending_full_unique=1 actual_drop_total=125 raw_hold_full=0 spool_write_fail=0 spool_capacity_full=56 spool_corrupt_or_unreadable=0 raw_queue_depth=8 raw_queue_high_water=8 pending_depth=8 pending_high_water=8 raw_hold_depth=0 raw_hold_high_water=1 storage_samples=58 storage_lock_wait_us=187494 storage_slot_lookup_us=3233 storage_open_us=0 storage_write_us=0 storage_flush_close_us=0 storage_rename_us=0 storage_total_us=1538169 storage_lock_wait_max_us=387795 storage_slot_lookup_max_us=23067 storage_open_max_us=127993 storage_write_max_us=49972 storage_flush_close_max_us=485397 storage_rename_max_us=328000 storage_total_max_us=2463322 storage_total_le_640ms=0 storage_total_641_to_1280ms=0 storage_total_gt_1280ms=58
[DROP-SUMMARY] capture_queue_full=126 processing_pending_full_events=48 processing_pending_full_unique=1 actual_drop_total=126 raw_hold_full=0 spool_write_fail=0 spool_capacity_full=56 spool_corrupt_or_unreadable=0 raw_queue_depth=8 raw_queue_high_water=8 pending_depth=8 pending_high_water=8 raw_hold_depth=0 raw_hold_high_water=1 storage_samples=58 storage_lock_wait_us=187494 storage_slot_lookup_us=3233 storage_open_us=0 storage_write_us=0 storage_flush_close_us=0 storage_rename_us=0 storage_total_us=1538169 storage_lock_wait_max_us=387795 storage_slot_lookup_max_us=23067 storage_open_max_us=127993 storage_write_max_us=49972 storage_flush_close_max_us=485397 storage_rename_max_us=328000 storage_total_max_us=2463322 storage_total_le_640ms=0 storage_total_641_to_1280ms=0 storage_total_gt_1280ms=58
[RAW-SPOOL-FULL] slot=512 total=2752512 used=2375680 free=376832 need=3133 windowIndex=10.
[PROCESSING-DIAG] pending_full held count=49 bootId=120f97ea7585553158a36232ba779059 windowIndex=10 raw_queue=8 pending=8
[DROP-SUMMARY] capture_queue_full=128 processing_pending_full_events=49 processing_pending_full_unique=1 actual_drop_total=128 raw_hold_full=0 spool_write_fail=0 spool_capacity_full=57 spool_corrupt_or_unreadable=0 raw_queue_depth=8 raw_queue_high_water=8 pending_depth=8 pending_high_water=8 raw_hold_depth=0 raw_hold_high_water=1 storage_samples=59 storage_lock_wait_us=186344 storage_slot_lookup_us=3172 storage_open_us=0 storage_write_us=0 storage_flush_close_us=0 storage_rename_us=0 storage_total_us=1533083 storage_lock_wait_max_us=387795 storage_slot_lookup_max_us=23067 storage_open_max_us=127993 storage_write_max_us=49972 storage_flush_close_max_us=485397 storage_rename_max_us=328000 storage_total_max_us=2463322 storage_total_le_640ms=0 storage_total_641_to_1280ms=0 storage_total_gt_1280ms=59
[RAW-SPOOL-FULL] slot=512 total=2752512 used=2375680 free=376832 need=3133 windowIndex=10.
[PROCESSING-DIAG] pending_full held count=50 bootId=120f97ea7585553158a36232ba779059 windowIndex=10 raw_queue=8 pending=8
[DROP-SUMMARY] capture_queue_full=129 processing_pending_full_events=50 processing_pending_full_unique=1 actual_drop_total=129 raw_hold_full=0 spool_write_fail=0 spool_capacity_full=58 spool_corrupt_or_unreadable=0 raw_queue_depth=8 raw_queue_high_water=8 pending_depth=8 pending_high_water=8 raw_hold_depth=0 raw_hold_high_water=1 storage_samples=60 storage_lock_wait_us=383665 storage_slot_lookup_us=3312 storage_open_us=0 storage_write_us=0 storage_flush_close_us=0 storage_rename_us=0 storage_total_us=1734888 storage_lock_wait_max_us=387795 storage_slot_lookup_max_us=23067 storage_open_max_us=127993 storage_write_max_us=49972 storage_flush_close_max_us=485397 storage_rename_max_us=328000 storage_total_max_us=2463322 storage_total_le_640ms=0 storage_total_641_to_1280ms=0 storage_total_gt_1280ms=60
[RAW-DEBUG] samples=512 quality=valid X[min=-262 max=-219 mean=-237.0 rms=237.0] Y[min=48 max=80 mean=64.4 rms=64.5] Z[min=-73 max=-5 mean=-48.3 rms=48.8]
[DROP-SUMMARY] capture_queue_full=131 processing_pending_full_events=50 processing_pending_full_unique=1 actual_drop_total=131 raw_hold_full=0 spool_write_fail=0 spool_capacity_full=58 spool_corrupt_or_unreadable=0 raw_queue_depth=8 raw_queue_high_water=8 pending_depth=8 pending_high_water=8 raw_hold_depth=0 raw_hold_high_water=1 storage_samples=60 storage_lock_wait_us=383665 storage_slot_lookup_us=3312 storage_open_us=0 storage_write_us=0 storage_flush_close_us=0 storage_rename_us=0 storage_total_us=1734888 storage_lock_wait_max_us=387795 storage_slot_lookup_max_us=23067 storage_open_max_us=127993 storage_write_max_us=49972 storage_flush_close_max_us=485397 storage_rename_max_us=328000 storage_total_max_us=2463322 storage_total_le_640ms=0 storage_total_641_to_1280ms=0 storage_total_gt_1280ms=60
[RAW-SPOOL-FULL] slot=512 total=2752512 used=2375680 free=376832 need=3133 windowIndex=10.
[PROCESSING-DIAG] pending_full held count=51 bootId=120f97ea7585553158a36232ba779059 windowIndex=10 raw_queue=8 pending=8
[DROP-SUMMARY] capture_queue_full=132 processing_pending_full_events=51 processing_pending_full_unique=1 actual_drop_total=132 raw_hold_full=0 spool_write_fail=0 spool_capacity_full=59 spool_corrupt_or_unreadable=0 raw_queue_depth=8 raw_queue_high_water=8 pending_depth=8 pending_high_water=8 raw_hold_depth=0 raw_hold_high_water=1 storage_samples=61 storage_lock_wait_us=182636 storage_slot_lookup_us=3099 storage_open_us=0 storage_write_us=0 storage_flush_close_us=0 storage_rename_us=0 storage_total_us=1533578 storage_lock_wait_max_us=387795 storage_slot_lookup_max_us=23067 storage_open_max_us=127993 storage_write_max_us=49972 storage_flush_close_max_us=485397 storage_rename_max_us=328000 storage_total_max_us=2463322 storage_total_le_640ms=0 storage_total_641_to_1280ms=0 storage_total_gt_1280ms=61
[DROP-SUMMARY] capture_queue_full=134 processing_pending_full_events=51 processing_pending_full_unique=1 actual_drop_total=134 raw_hold_full=0 spool_write_fail=0 spool_capacity_full=59 spool_corrupt_or_unreadable=0 raw_queue_depth=8 raw_queue_high_water=8 pending_depth=8 pending_high_water=8 raw_hold_depth=0 raw_hold_high_water=1 storage_samples=61 storage_lock_wait_us=182636 storage_slot_lookup_us=3099 storage_open_us=0 storage_write_us=0 storage_flush_close_us=0 storage_rename_us=0 storage_total_us=1533578 storage_lock_wait_max_us=387795 storage_slot_lookup_max_us=23067 storage_open_max_us=127993 storage_write_max_us=49972 storage_flush_close_max_us=485397 storage_rename_max_us=328000 storage_total_max_us=2463322 storage_total_le_640ms=0 storage_total_641_to_1280ms=0 storage_total_gt_1280ms=61
[RAW-SPOOL-FULL] slot=512 total=2752512 used=2375680 free=376832 need=3133 windowIndex=10.
[PROCESSING-DIAG] pending_full held count=52 bootId=120f97ea7585553158a36232ba779059 windowIndex=10 raw_queue=8 pending=8
[DROP-SUMMARY] capture_queue_full=135 processing_pending_full_events=52 processing_pending_full_unique=1 actual_drop_total=135 raw_hold_full=0 spool_write_fail=0 spool_capacity_full=60 spool_corrupt_or_unreadable=0 raw_queue_depth=8 raw_queue_high_water=8 pending_depth=8 pending_high_water=8 raw_hold_depth=0 raw_hold_high_water=1 storage_samples=62 storage_lock_wait_us=182400 storage_slot_lookup_us=3324 storage_open_us=0 storage_write_us=0 storage_flush_close_us=0 storage_rename_us=0 storage_total_us=1528560 storage_lock_wait_max_us=387795 storage_slot_lookup_max_us=23067 storage_open_max_us=127993 storage_write_max_us=49972 storage_flush_close_max_us=485397 storage_rename_max_us=328000 storage_total_max_us=2463322 storage_total_le_640ms=0 storage_total_641_to_1280ms=0 storage_total_gt_1280ms=62
[DROP-SUMMARY] capture_queue_full=137 processing_pending_full_events=52 processing_pending_full_unique=1 actual_drop_total=137 raw_hold_full=0 spool_write_fail=0 spool_capacity_full=60 spool_corrupt_or_unreadable=0 raw_queue_depth=8 raw_queue_high_water=8 pending_depth=8 pending_high_water=8 raw_hold_depth=0 raw_hold_high_water=1 storage_samples=62 storage_lock_wait_us=182400 storage_slot_lookup_us=3324 storage_open_us=0 storage_write_us=0 storage_flush_close_us=0 storage_rename_us=0 storage_total_us=1528560 storage_lock_wait_max_us=387795 storage_slot_lookup_max_us=23067 storage_open_max_us=127993 storage_write_max_us=49972 storage_flush_close_max_us=485397 storage_rename_max_us=328000 storage_total_max_us=2463322 storage_total_le_640ms=0 storage_total_641_to_1280ms=0 storage_total_gt_1280ms=62
[RAW-SPOOL-FULL] slot=512 total=2752512 used=2375680 free=376832 need=3133 windowIndex=10.
[PROCESSING-DIAG] pending_full held count=53 bootId=120f97ea7585553158a36232ba779059 windowIndex=10 raw_queue=8 pending=8
[DROP-SUMMARY] capture_queue_full=138 processing_pending_full_events=53 processing_pending_full_unique=1 actual_drop_total=138 raw_hold_full=0 spool_write_fail=0 spool_capacity_full=61 spool_corrupt_or_unreadable=0 raw_queue_depth=8 raw_queue_high_water=8 pending_depth=8 pending_high_water=8 raw_hold_depth=0 raw_hold_high_water=1 storage_samples=63 storage_lock_wait_us=381162 storage_slot_lookup_us=3176 storage_open_us=0 storage_write_us=0 storage_flush_close_us=0 storage_rename_us=0 storage_total_us=1726381 storage_lock_wait_max_us=387795 storage_slot_lookup_max_us=23067 storage_open_max_us=127993 storage_write_max_us=49972 storage_flush_close_max_us=485397 storage_rename_max_us=328000 storage_total_max_us=2463322 storage_total_le_640ms=0 storage_total_641_to_1280ms=0 storage_total_gt_1280ms=63
[RAW-SPOOL-FULL] slot=512 total=2752512 used=2375680 free=376832 need=3133 windowIndex=10.
[PROCESSING-DIAG] pending_full held count=54 bootId=120f97ea7585553158a36232ba779059 windowIndex=10 raw_queue=8 pending=8
[DROP-SUMMARY] capture_queue_full=140 processing_pending_full_events=54 processing_pending_full_unique=1 actual_drop_total=140 raw_hold_full=0 spool_write_fail=0 spool_capacity_full=62 spool_corrupt_or_unreadable=0 raw_queue_depth=8 raw_queue_high_water=8 pending_depth=8 pending_high_water=8 raw_hold_depth=0 raw_hold_high_water=1 storage_samples=64 storage_lock_wait_us=184812 storage_slot_lookup_us=3188 storage_open_us=0 storage_write_us=0 storage_flush_close_us=0 storage_rename_us=0 storage_total_us=1536497 storage_lock_wait_max_us=387795 storage_slot_lookup_max_us=23067 storage_open_max_us=127993 storage_write_max_us=49972 storage_flush_close_max_us=485397 storage_rename_max_us=328000 storage_total_max_us=2463322 storage_total_le_640ms=0 storage_total_641_to_1280ms=0 storage_total_gt_1280ms=64
[DROP-SUMMARY] capture_queue_full=141 processing_pending_full_events=54 processing_pending_full_unique=1 actual_drop_total=141 raw_hold_full=0 spool_write_fail=0 spool_capacity_full=62 spool_corrupt_or_unreadable=0 raw_queue_depth=8 raw_queue_high_water=8 pending_depth=8 pending_high_water=8 raw_hold_depth=0 raw_hold_high_water=1 storage_samples=64 storage_lock_wait_us=184812 storage_slot_lookup_us=3188 storage_open_us=0 storage_write_us=0 storage_flush_close_us=0 storage_rename_us=0 storage_total_us=1536497 storage_lock_wait_max_us=387795 storage_slot_lookup_max_us=23067 storage_open_max_us=127993 storage_write_max_us=49972 storage_flush_close_max_us=485397 storage_rename_max_us=328000 storage_total_max_us=2463322 storage_total_le_640ms=0 storage_total_641_to_1280ms=0 storage_total_gt_1280ms=64
[RAW-SPOOL-FULL] slot=512 total=2752512 used=2375680 free=376832 need=3133 windowIndex=10.
[PROCESSING-DIAG] pending_full held count=55 bootId=120f97ea7585553158a36232ba779059 windowIndex=10 raw_queue=8 pending=8
[DROP-SUMMARY] capture_queue_full=143 processing_pending_full_events=55 processing_pending_full_unique=1 actual_drop_total=143 raw_hold_full=0 spool_write_fail=0 spool_capacity_full=63 spool_corrupt_or_unreadable=0 raw_queue_depth=8 raw_queue_high_water=8 pending_depth=8 pending_high_water=8 raw_hold_depth=0 raw_hold_high_water=1 storage_samples=65 storage_lock_wait_us=381385 storage_slot_lookup_us=3230 storage_open_us=0 storage_write_us=0 storage_flush_close_us=0 storage_rename_us=0 storage_total_us=1733755 storage_lock_wait_max_us=387795 storage_slot_lookup_max_us=23067 storage_open_max_us=127993 storage_write_max_us=49972 storage_flush_close_max_us=485397 storage_rename_max_us=328000 storage_total_max_us=2463322 storage_total_le_640ms=0 storage_total_641_to_1280ms=0 storage_total_gt_1280ms=65
[DROP-SUMMARY] capture_queue_full=144 processing_pending_full_events=55 processing_pending_full_unique=1 actual_drop_total=144 raw_hold_full=0 spool_write_fail=0 spool_capacity_full=63 spool_corrupt_or_unreadable=0 raw_queue_depth=8 raw_queue_high_water=8 pending_depth=8 pending_high_water=8 raw_hold_depth=0 raw_hold_high_water=1 storage_samples=65 storage_lock_wait_us=381385 storage_slot_lookup_us=3230 storage_open_us=0 storage_write_us=0 storage_flush_close_us=0 storage_rename_us=0 storage_total_us=1733755 storage_lock_wait_max_us=387795 storage_slot_lookup_max_us=23067 storage_open_max_us=127993 storage_write_max_us=49972 storage_flush_close_max_us=485397 storage_rename_max_us=328000 storage_total_max_us=2463322 storage_total_le_640ms=0 storage_total_641_to_1280ms=0 storage_total_gt_1280ms=65
[RAW-SPOOL-FULL] slot=512 total=2752512 used=2375680 free=376832 need=3133 windowIndex=10.
[PROCESSING-DIAG] pending_full held count=56 bootId=120f97ea7585553158a36232ba779059 windowIndex=10 raw_queue=8 pending=8
[DROP-SUMMARY] capture_queue_full=146 processing_pending_full_events=56 processing_pending_full_unique=1 actual_drop_total=146 raw_hold_full=0 spool_write_fail=0 spool_capacity_full=64 spool_corrupt_or_unreadable=0 raw_queue_depth=8 raw_queue_high_water=8 pending_depth=8 pending_high_water=8 raw_hold_depth=0 raw_hold_high_water=1 storage_samples=66 storage_lock_wait_us=181363 storage_slot_lookup_us=3151 storage_open_us=0 storage_write_us=0 storage_flush_close_us=0 storage_rename_us=0 storage_total_us=1527163 storage_lock_wait_max_us=387795 storage_slot_lookup_max_us=23067 storage_open_max_us=127993 storage_write_max_us=49972 storage_flush_close_max_us=485397 storage_rename_max_us=328000 storage_total_max_us=2463322 storage_total_le_640ms=0 storage_total_641_to_1280ms=0 storage_total_gt_1280ms=66
[RAW-SPOOL-FULL] slot=512 total=2752512 used=2375680 free=376832 need=3133 windowIndex=10.
[PROCESSING-DIAG] pending_full held count=57 bootId=120f97ea7585553158a36232ba779059 windowIndex=10 raw_queue=8 pending=8
[DROP-SUMMARY] capture_queue_full=147 processing_pending_full_events=57 processing_pending_full_unique=1 actual_drop_total=147 raw_hold_full=0 spool_write_fail=0 spool_capacity_full=65 spool_corrupt_or_unreadable=0 raw_queue_depth=8 raw_queue_high_water=8 pending_depth=8 pending_high_water=8 raw_hold_depth=0 raw_hold_high_water=1 storage_samples=67 storage_lock_wait_us=179437 storage_slot_lookup_us=3148 storage_open_us=0 storage_write_us=0 storage_flush_close_us=0 storage_rename_us=0 storage_total_us=1530530 storage_lock_wait_max_us=387795 storage_slot_lookup_max_us=23067 storage_open_max_us=127993 storage_write_max_us=49972 storage_flush_close_max_us=485397 storage_rename_max_us=328000 storage_total_max_us=2463322 storage_total_le_640ms=0 storage_total_641_to_1280ms=0 storage_total_gt_1280ms=67
[DROP-SUMMARY] capture_queue_full=149 processing_pending_full_events=57 processing_pending_full_unique=1 actual_drop_total=149 raw_hold_full=0 spool_write_fail=0 spool_capacity_full=65 spool_corrupt_or_unreadable=0 raw_queue_depth=8 raw_queue_high_water=8 pending_depth=8 pending_high_water=8 raw_hold_depth=0 raw_hold_high_water=1 storage_samples=67 storage_lock_wait_us=179437 storage_slot_lookup_us=3148 storage_open_us=0 storage_write_us=0 storage_flush_close_us=0 storage_rename_us=0 storage_total_us=1530530 storage_lock_wait_max_us=387795 storage_slot_lookup_max_us=23067 storage_open_max_us=127993 storage_write_max_us=49972 storage_flush_close_max_us=485397 storage_rename_max_us=328000 storage_total_max_us=2463322 storage_total_le_640ms=0 storage_total_641_to_1280ms=0 storage_total_gt_1280ms=67
[RAW-SPOOL-FULL] slot=512 total=2752512 used=2375680 free=376832 need=3133 windowIndex=10.
[PROCESSING-DIAG] pending_full held count=58 bootId=120f97ea7585553158a36232ba779059 windowIndex=10 raw_queue=8 pending=8
[DROP-SUMMARY] capture_queue_full=150 processing_pending_full_events=58 processing_pending_full_unique=1 actual_drop_total=150 raw_hold_full=0 spool_write_fail=0 spool_capacity_full=66 spool_corrupt_or_unreadable=0 raw_queue_depth=8 raw_queue_high_water=8 pending_depth=8 pending_high_water=8 raw_hold_depth=0 raw_hold_high_water=1 storage_samples=68 storage_lock_wait_us=376376 storage_slot_lookup_us=3160 storage_open_us=0 storage_write_us=0 storage_flush_close_us=0 storage_rename_us=0 storage_total_us=1726297 storage_lock_wait_max_us=387795 storage_slot_lookup_max_us=23067 storage_open_max_us=127993 storage_write_max_us=49972 storage_flush_close_max_us=485397 storage_rename_max_us=328000 storage_total_max_us=2463322 storage_total_le_640ms=0 storage_total_641_to_1280ms=0 storage_total_gt_1280ms=68
[DROP-SUMMARY] capture_queue_full=151 processing_pending_full_events=58 processing_pending_full_unique=1 actual_drop_total=151 raw_hold_full=0 spool_write_fail=0 spool_capacity_full=66 spool_corrupt_or_unreadable=0 raw_queue_depth=8 raw_queue_high_water=8 pending_depth=8 pending_high_water=8 raw_hold_depth=0 raw_hold_high_water=1 storage_samples=68 storage_lock_wait_us=376376 storage_slot_lookup_us=3160 storage_open_us=0 storage_write_us=0 storage_flush_close_us=0 storage_rename_us=0 storage_total_us=1726297 storage_lock_wait_max_us=387795 storage_slot_lookup_max_us=23067 storage_open_max_us=127993 storage_write_max_us=49972 storage_flush_close_max_us=485397 storage_rename_max_us=328000 storage_total_max_us=2463322 storage_total_le_640ms=0 storage_total_641_to_1280ms=0 storage_total_gt_1280ms=68
[RAW-SPOOL-FULL] slot=512 total=2752512 used=2375680 free=376832 need=3133 windowIndex=10.
[PROCESSING-DIAG] pending_full held count=59 bootId=120f97ea7585553158a36232ba779059 windowIndex=10 raw_queue=8 pending=8
[DROP-SUMMARY] capture_queue_full=153 processing_pending_full_events=59 processing_pending_full_unique=1 actual_drop_total=153 raw_hold_full=0 spool_write_fail=0 spool_capacity_full=67 spool_corrupt_or_unreadable=0 raw_queue_depth=8 raw_queue_high_water=8 pending_depth=8 pending_high_water=8 raw_hold_depth=0 raw_hold_high_water=1 storage_samples=69 storage_lock_wait_us=179021 storage_slot_lookup_us=3306 storage_open_us=0 storage_write_us=0 storage_flush_close_us=0 storage_rename_us=0 storage_total_us=1526030 storage_lock_wait_max_us=387795 storage_slot_lookup_max_us=23067 storage_open_max_us=127993 storage_write_max_us=49972 storage_flush_close_max_us=485397 storage_rename_max_us=328000 storage_total_max_us=2463322 storage_total_le_640ms=0 storage_total_641_to_1280ms=0 storage_total_gt_1280ms=69
[RAW-SPOOL-FULL] slot=512 total=2752512 used=2375680 free=376832 need=3133 windowIndex=10.
[PROCESSING-DIAG] pending_full held count=60 bootId=120f97ea7585553158a36232ba779059 windowIndex=10 raw_queue=8 pending=8
[RAW-DEBUG] samples=512 quality=valid X[min=-262 max=-219 mean=-237.0 rms=237.0] Y[min=48 max=80 mean=64.4 rms=64.5] Z[min=-73 max=-5 mean=-48.3 rms=48.8]
[DROP-SUMMARY] capture_queue_full=154 processing_pending_full_events=60 processing_pending_full_unique=1 actual_drop_total=154 raw_hold_full=0 spool_write_fail=0 spool_capacity_full=68 spool_corrupt_or_unreadable=0 raw_queue_depth=8 raw_queue_high_water=8 pending_depth=8 pending_high_water=8 raw_hold_depth=0 raw_hold_high_water=1 storage_samples=70 storage_lock_wait_us=180903 storage_slot_lookup_us=3167 storage_open_us=0 storage_write_us=0 storage_flush_close_us=0 storage_rename_us=0 storage_total_us=1532203 storage_lock_wait_max_us=387795 storage_slot_lookup_max_us=23067 storage_open_max_us=127993 storage_write_max_us=49972 storage_flush_close_max_us=485397 storage_rename_max_us=328000 storage_total_max_us=2463322 storage_total_le_640ms=0 storage_total_641_to_1280ms=0 storage_total_gt_1280ms=70
[DROP-SUMMARY] capture_queue_full=156 processing_pending_full_events=60 processing_pending_full_unique=1 actual_drop_total=156 raw_hold_full=0 spool_write_fail=0 spool_capacity_full=68 spool_corrupt_or_unreadable=0 raw_queue_depth=8 raw_queue_high_water=8 pending_depth=8 pending_high_water=8 raw_hold_depth=0 raw_hold_high_water=1 storage_samples=70 storage_lock_wait_us=180903 storage_slot_lookup_us=3167 storage_open_us=0 storage_write_us=0 storage_flush_close_us=0 storage_rename_us=0 storage_total_us=1532203 storage_lock_wait_max_us=387795 storage_slot_lookup_max_us=23067 storage_open_max_us=127993 storage_write_max_us=49972 storage_flush_close_max_us=485397 storage_rename_max_us=328000 storage_total_max_us=2463322 storage_total_le_640ms=0 storage_total_641_to_1280ms=0 storage_total_gt_1280ms=70
[RAW-SPOOL-FULL] slot=512 total=2752512 used=2375680 free=376832 need=3133 windowIndex=10.
[PROCESSING-DIAG] pending_full held count=61 bootId=120f97ea7585553158a36232ba779059 windowIndex=10 raw_queue=8 pending=8
[DROP-SUMMARY] capture_queue_full=157 processing_pending_full_events=61 processing_pending_full_unique=1 actual_drop_total=157 raw_hold_full=0 spool_write_fail=0 spool_capacity_full=69 spool_corrupt_or_unreadable=0 raw_queue_depth=8 raw_queue_high_water=8 pending_depth=8 pending_high_water=8 raw_hold_depth=0 raw_hold_high_water=1 storage_samples=71 storage_lock_wait_us=45002 storage_slot_lookup_us=2848 storage_open_us=0 storage_write_us=0 storage_flush_close_us=0 storage_rename_us=0 storage_total_us=1393632 storage_lock_wait_max_us=387795 storage_slot_lookup_max_us=23067 storage_open_max_us=127993 storage_write_max_us=49972 storage_flush_close_max_us=485397 storage_rename_max_us=328000 storage_total_max_us=2463322 storage_total_le_640ms=0 storage_total_641_to_1280ms=0 storage_total_gt_1280ms=71
[RAW-SPOOL-FULL] slot=512 total=2752512 used=2375680 free=376832 need=3133 windowIndex=10.
[PROCESSING-DIAG] pending_full held count=62 bootId=120f97ea7585553158a36232ba779059 windowIndex=10 raw_queue=8 pending=8
[DROP-SUMMARY] capture_queue_full=159 processing_pending_full_events=62 processing_pending_full_unique=1 actual_drop_total=159 raw_hold_full=0 spool_write_fail=0 spool_capacity_full=70 spool_corrupt_or_unreadable=0 raw_queue_depth=8 raw_queue_high_water=8 pending_depth=8 pending_high_water=8 raw_hold_depth=0 raw_hold_high_water=1 storage_samples=72 storage_lock_wait_us=52326 storage_slot_lookup_us=3137 storage_open_us=0 storage_write_us=0 storage_flush_close_us=0 storage_rename_us=0 storage_total_us=1403692 storage_lock_wait_max_us=387795 storage_slot_lookup_max_us=23067 storage_open_max_us=127993 storage_write_max_us=49972 storage_flush_close_max_us=485397 storage_rename_max_us=328000 storage_total_max_us=2463322 storage_total_le_640ms=0 storage_total_641_to_1280ms=0 storage_total_gt_1280ms=72
[DROP-SUMMARY] capture_queue_full=160 processing_pending_full_events=62 processing_pending_full_unique=1 actual_drop_total=160 raw_hold_full=0 spool_write_fail=0 spool_capacity_full=70 spool_corrupt_or_unreadable=0 raw_queue_depth=8 raw_queue_high_water=8 pending_depth=8 pending_high_water=8 raw_hold_depth=0 raw_hold_high_water=1 storage_samples=72 storage_lock_wait_us=52326 storage_slot_lookup_us=3137 storage_open_us=0 storage_write_us=0 storage_flush_close_us=0 storage_rename_us=0 storage_total_us=1403692 storage_lock_wait_max_us=387795 storage_slot_lookup_max_us=23067 storage_open_max_us=127993 storage_write_max_us=49972 storage_flush_close_max_us=485397 storage_rename_max_us=328000 storage_total_max_us=2463322 storage_total_le_640ms=0 storage_total_641_to_1280ms=0 storage_total_gt_1280ms=72
[RAW-SPOOL-FULL] slot=512 total=2752512 used=2375680 free=376832 need=3133 windowIndex=10.
[PROCESSING-DIAG] pending_full held count=63 bootId=120f97ea7585553158a36232ba779059 windowIndex=10 raw_queue=8 pending=8
[DROP-SUMMARY] capture_queue_full=162 processing_pending_full_events=63 processing_pending_full_unique=1 actual_drop_total=162 raw_hold_full=0 spool_write_fail=0 spool_capacity_full=71 spool_corrupt_or_unreadable=0 raw_queue_depth=8 raw_queue_high_water=8 pending_depth=8 pending_high_water=8 raw_hold_depth=0 raw_hold_high_water=1 storage_samples=73 storage_lock_wait_us=7989 storage_slot_lookup_us=3083 storage_open_us=0 storage_write_us=0 storage_flush_close_us=0 storage_rename_us=0 storage_total_us=1356736 storage_lock_wait_max_us=387795 storage_slot_lookup_max_us=23067 storage_open_max_us=127993 storage_write_max_us=49972 storage_flush_close_max_us=485397 storage_rename_max_us=328000 storage_total_max_us=2463322 storage_total_le_640ms=0 storage_total_641_to_1280ms=0 storage_total_gt_1280ms=73
[RAW-SPOOL-FULL] slot=512 total=2752512 used=2375680 free=376832 need=3133 windowIndex=10.
[PROCESSING-DIAG] pending_full held count=64 bootId=120f97ea7585553158a36232ba779059 windowIndex=10 raw_queue=8 pending=8
[DROP-SUMMARY] capture_queue_full=163 processing_pending_full_events=64 processing_pending_full_unique=1 actual_drop_total=163 raw_hold_full=0 spool_write_fail=0 spool_capacity_full=72 spool_corrupt_or_unreadable=0 raw_queue_depth=8 raw_queue_high_water=8 pending_depth=8 pending_high_water=8 raw_hold_depth=0 raw_hold_high_water=1 storage_samples=74 storage_lock_wait_us=7894 storage_slot_lookup_us=3410 storage_open_us=0 storage_write_us=0 storage_flush_close_us=0 storage_rename_us=0 storage_total_us=1358433 storage_lock_wait_max_us=387795 storage_slot_lookup_max_us=23067 storage_open_max_us=127993 storage_write_max_us=49972 storage_flush_close_max_us=485397 storage_rename_max_us=328000 storage_total_max_us=2463322 storage_total_le_640ms=0 storage_total_641_to_1280ms=0 storage_total_gt_1280ms=74
[DROP-SUMMARY] capture_queue_full=165 processing_pending_full_events=64 processing_pending_full_unique=1 actual_drop_total=165 raw_hold_full=0 spool_write_fail=0 spool_capacity_full=72 spool_corrupt_or_unreadable=0 raw_queue_depth=8 raw_queue_high_water=8 pending_depth=8 pending_high_water=8 raw_hold_depth=0 raw_hold_high_water=1 storage_samples=74 storage_lock_wait_us=7894 storage_slot_lookup_us=3410 storage_open_us=0 storage_write_us=0 storage_flush_close_us=0 storage_rename_us=0 storage_total_us=1358433 storage_lock_wait_max_us=387795 storage_slot_lookup_max_us=23067 storage_open_max_us=127993 storage_write_max_us=49972 storage_flush_close_max_us=485397 storage_rename_max_us=328000 storage_total_max_us=2463322 storage_total_le_640ms=0 storage_total_641_to_1280ms=0 storage_total_gt_1280ms=74
[RAW-SPOOL-FULL] slot=512 total=2752512 used=2375680 free=376832 need=3133 windowIndex=10.
[PROCESSING-DIAG] pending_full held count=65 bootId=120f97ea7585553158a36232ba779059 windowIndex=10 raw_queue=8 pending=8
[DROP-SUMMARY] capture_queue_full=166 processing_pending_full_events=65 processing_pending_full_unique=1 actual_drop_total=166 raw_hold_full=0 spool_write_fail=0 spool_capacity_full=73 spool_corrupt_or_unreadable=0 raw_queue_depth=8 raw_queue_high_water=8 pending_depth=8 pending_high_water=8 raw_hold_depth=0 raw_hold_high_water=1 storage_samples=75 storage_lock_wait_us=24140 storage_slot_lookup_us=3176 storage_open_us=0 storage_write_us=0 storage_flush_close_us=0 storage_rename_us=0 storage_total_us=1369565 storage_lock_wait_max_us=387795 storage_slot_lookup_max_us=23067 storage_open_max_us=127993 storage_write_max_us=49972 storage_flush_close_max_us=485397 storage_rename_max_us=328000 storage_total_max_us=2463322 storage_total_le_640ms=0 storage_total_641_to_1280ms=0 storage_total_gt_1280ms=75
[RAW-SPOOL-FULL] slot=512 total=2752512 used=2375680 free=376832 need=3133 windowIndex=10.
[PROCESSING-DIAG] pending_full held count=66 bootId=120f97ea7585553158a36232ba779059 windowIndex=10 raw_queue=8 pending=8
[DROP-SUMMARY] capture_queue_full=168 processing_pending_full_events=66 processing_pending_full_unique=1 actual_drop_total=168 raw_hold_full=0 spool_write_fail=0 spool_capacity_full=74 spool_corrupt_or_unreadable=0 raw_queue_depth=8 raw_queue_high_water=8 pending_depth=8 pending_high_water=8 raw_hold_depth=0 raw_hold_high_water=1 storage_samples=76 storage_lock_wait_us=23903 storage_slot_lookup_us=3272 storage_open_us=0 storage_write_us=0 storage_flush_close_us=0 storage_rename_us=0 storage_total_us=1376492 storage_lock_wait_max_us=387795 storage_slot_lookup_max_us=23067 storage_open_max_us=127993 storage_write_max_us=49972 storage_flush_close_max_us=485397 storage_rename_max_us=328000 storage_total_max_us=2463322 storage_total_le_640ms=0 storage_total_641_to_1280ms=0 storage_total_gt_1280ms=76
[DROP-SUMMARY] capture_queue_full=169 processing_pending_full_events=66 processing_pending_full_unique=1 actual_drop_total=169 raw_hold_full=0 spool_write_fail=0 spool_capacity_full=74 spool_corrupt_or_unreadable=0 raw_queue_depth=8 raw_queue_high_water=8 pending_depth=8 pending_high_water=8 raw_hold_depth=0 raw_hold_high_water=1 storage_samples=76 storage_lock_wait_us=23903 storage_slot_lookup_us=3272 storage_open_us=0 storage_write_us=0 storage_flush_close_us=0 storage_rename_us=0 storage_total_us=1376492 storage_lock_wait_max_us=387795 storage_slot_lookup_max_us=23067 storage_open_max_us=127993 storage_write_max_us=49972 storage_flush_close_max_us=485397 storage_rename_max_us=328000 storage_total_max_us=2463322 storage_total_le_640ms=0 storage_total_641_to_1280ms=0 storage_total_gt_1280ms=76
[RAW-SPOOL-FULL] slot=512 total=2752512 used=2375680 free=376832 need=3133 windowIndex=10.
[PROCESSING-DIAG] pending_full held count=67 bootId=120f97ea7585553158a36232ba779059 windowIndex=10 raw_queue=8 pending=8
[DROP-SUMMARY] capture_queue_full=171 processing_pending_full_events=67 processing_pending_full_unique=1 actual_drop_total=171 raw_hold_full=0 spool_write_fail=0 spool_capacity_full=75 spool_corrupt_or_unreadable=0 raw_queue_depth=8 raw_queue_high_water=8 pending_depth=8 pending_high_water=8 raw_hold_depth=0 raw_hold_high_water=1 storage_samples=77 storage_lock_wait_us=4154 storage_slot_lookup_us=3156 storage_open_us=0 storage_write_us=0 storage_flush_close_us=0 storage_rename_us=0 storage_total_us=1350264 storage_lock_wait_max_us=387795 storage_slot_lookup_max_us=23067 storage_open_max_us=127993 storage_write_max_us=49972 storage_flush_close_max_us=485397 storage_rename_max_us=328000 storage_total_max_us=2463322 storage_total_le_640ms=0 storage_total_641_to_1280ms=0 storage_total_gt_1280ms=77
[RAW-SPOOL-FULL] slot=512 total=2752512 used=2375680 free=376832 need=3133 windowIndex=10.
[PROCESSING-DIAG] pending_full held count=68 bootId=120f97ea7585553158a36232ba779059 windowIndex=10 raw_queue=8 pending=8
[DROP-SUMMARY] capture_queue_full=172 processing_pending_full_events=68 processing_pending_full_unique=1 actual_drop_total=172 raw_hold_full=0 spool_write_fail=0 spool_capacity_full=76 spool_corrupt_or_unreadable=0 raw_queue_depth=8 raw_queue_high_water=8 pending_depth=8 pending_high_water=8 raw_hold_depth=0 raw_hold_high_water=1 storage_samples=78 storage_lock_wait_us=6122 storage_slot_lookup_us=3596 storage_open_us=0 storage_write_us=0 storage_flush_close_us=0 storage_rename_us=0 storage_total_us=1358535 storage_lock_wait_max_us=387795 storage_slot_lookup_max_us=23067 storage_open_max_us=127993 storage_write_max_us=49972 storage_flush_close_max_us=485397 storage_rename_max_us=328000 storage_total_max_us=2463322 storage_total_le_640ms=0 storage_total_641_to_1280ms=0 storage_total_gt_1280ms=78
[DROP-SUMMARY] capture_queue_full=174 processing_pending_full_events=68 processing_pending_full_unique=1 actual_drop_total=174 raw_hold_full=0 spool_write_fail=0 spool_capacity_full=76 spool_corrupt_or_unreadable=0 raw_queue_depth=8 raw_queue_high_water=8 pending_depth=8 pending_high_water=8 raw_hold_depth=0 raw_hold_high_water=1 storage_samples=78 storage_lock_wait_us=6122 storage_slot_lookup_us=3596 storage_open_us=0 storage_write_us=0 storage_flush_close_us=0 storage_rename_us=0 storage_total_us=1358535 storage_lock_wait_max_us=387795 storage_slot_lookup_max_us=23067 storage_open_max_us=127993 storage_write_max_us=49972 storage_flush_close_max_us=485397 storage_rename_max_us=328000 storage_total_max_us=2463322 storage_total_le_640ms=0 storage_total_641_to_1280ms=0 storage_total_gt_1280ms=78
[RAW-SPOOL-FULL] slot=512 total=2752512 used=2375680 free=376832 need=3133 windowIndex=10.
[PROCESSING-DIAG] pending_full held count=69 bootId=120f97ea7585553158a36232ba779059 windowIndex=10 raw_queue=8 pending=8
[DROP-SUMMARY] capture_queue_full=175 processing_pending_full_events=69 processing_pending_full_unique=1 actual_drop_total=175 raw_hold_full=0 spool_write_fail=0 spool_capacity_full=77 spool_corrupt_or_unreadable=0 raw_queue_depth=8 raw_queue_high_water=8 pending_depth=8 pending_high_water=8 raw_hold_depth=0 raw_hold_high_water=1 storage_samples=79 storage_lock_wait_us=19418 storage_slot_lookup_us=3133 storage_open_us=0 storage_write_us=0 storage_flush_close_us=0 storage_rename_us=0 storage_total_us=1365574 storage_lock_wait_max_us=387795 storage_slot_lookup_max_us=23067 storage_open_max_us=127993 storage_write_max_us=49972 storage_flush_close_max_us=485397 storage_rename_max_us=328000 storage_total_max_us=2463322 storage_total_le_640ms=0 storage_total_641_to_1280ms=0 storage_total_gt_1280ms=79
[RAW-SPOOL-FULL] slot=512 total=2752512 used=2375680 free=376832 need=3133 windowIndex=10.
[PROCESSING-DIAG] pending_full held count=70 bootId=120f97ea7585553158a36232ba779059 windowIndex=10 raw_queue=8 pending=8
[RAW-DEBUG] samples=512 quality=valid X[min=-262 max=-219 mean=-237.0 rms=237.0] Y[min=48 max=80 mean=64.4 rms=64.5] Z[min=-73 max=-5 mean=-48.3 rms=48.8]
[DROP-SUMMARY] capture_queue_full=177 processing_pending_full_events=70 processing_pending_full_unique=1 actual_drop_total=177 raw_hold_full=0 spool_write_fail=0 spool_capacity_full=78 spool_corrupt_or_unreadable=0 raw_queue_depth=8 raw_queue_high_water=8 pending_depth=8 pending_high_water=8 raw_hold_depth=0 raw_hold_high_water=1 storage_samples=80 storage_lock_wait_us=17632 storage_slot_lookup_us=3150 storage_open_us=0 storage_write_us=0 storage_flush_close_us=0 storage_rename_us=0 storage_total_us=1369010 storage_lock_wait_max_us=387795 storage_slot_lookup_max_us=23067 storage_open_max_us=127993 storage_write_max_us=49972 storage_flush_close_max_us=485397 storage_rename_max_us=328000 storage_total_max_us=2463322 storage_total_le_640ms=0 storage_total_641_to_1280ms=0 storage_total_gt_1280ms=80
[DROP-SUMMARY] capture_queue_full=178 processing_pending_full_events=70 processing_pending_full_unique=1 actual_drop_total=178 raw_hold_full=0 spool_write_fail=0 spool_capacity_full=78 spool_corrupt_or_unreadable=0 raw_queue_depth=8 raw_queue_high_water=8 pending_depth=8 pending_high_water=8 raw_hold_depth=0 raw_hold_high_water=1 storage_samples=80 storage_lock_wait_us=17632 storage_slot_lookup_us=3150 storage_open_us=0 storage_write_us=0 storage_flush_close_us=0 storage_rename_us=0 storage_total_us=1369010 storage_lock_wait_max_us=387795 storage_slot_lookup_max_us=23067 storage_open_max_us=127993 storage_write_max_us=49972 storage_flush_close_max_us=485397 storage_rename_max_us=328000 storage_total_max_us=2463322 storage_total_le_640ms=0 storage_total_641_to_1280ms=0 storage_total_gt_1280ms=80
[RAW-SPOOL-FULL] slot=512 total=2752512 used=2375680 free=376832 need=3133 windowIndex=10.
[PROCESSING-DIAG] pending_full held count=71 bootId=120f97ea7585553158a36232ba779059 windowIndex=10 raw_queue=8 pending=8
[DROP-SUMMARY] capture_queue_full=180 processing_pending_full_events=71 processing_pending_full_unique=1 actual_drop_total=180 raw_hold_full=0 spool_write_fail=0 spool_capacity_full=79 spool_corrupt_or_unreadable=0 raw_queue_depth=8 raw_queue_high_water=8 pending_depth=8 pending_high_water=8 raw_hold_depth=0 raw_hold_high_water=1 storage_samples=81 storage_lock_wait_us=11233 storage_slot_lookup_us=3542 storage_open_us=0 storage_write_us=0 storage_flush_close_us=0 storage_rename_us=0 storage_total_us=1361277 storage_lock_wait_max_us=387795 storage_slot_lookup_max_us=23067 storage_open_max_us=127993 storage_write_max_us=49972 storage_flush_close_max_us=485397 storage_rename_max_us=328000 storage_total_max_us=2463322 storage_total_le_640ms=0 storage_total_641_to_1280ms=0 storage_total_gt_1280ms=81
[RAW-SPOOL-FULL] slot=512 total=2752512 used=2375680 free=376832 need=3133 windowIndex=10.
[PROCESSING-DIAG] pending_full held count=72 bootId=120f97ea7585553158a36232ba779059 windowIndex=10 raw_queue=8 pending=8
[DROP-SUMMARY] capture_queue_full=181 processing_pending_full_events=72 processing_pending_full_unique=1 actual_drop_total=181 raw_hold_full=0 spool_write_fail=0 spool_capacity_full=80 spool_corrupt_or_unreadable=0 raw_queue_depth=8 raw_queue_high_water=8 pending_depth=8 pending_high_water=8 raw_hold_depth=0 raw_hold_high_water=1 storage_samples=82 storage_lock_wait_us=40222 storage_slot_lookup_us=3265 storage_open_us=0 storage_write_us=0 storage_flush_close_us=0 storage_rename_us=0 storage_total_us=1389863 storage_lock_wait_max_us=387795 storage_slot_lookup_max_us=23067 storage_open_max_us=127993 storage_write_max_us=49972 storage_flush_close_max_us=485397 storage_rename_max_us=328000 storage_total_max_us=2463322 storage_total_le_640ms=0 storage_total_641_to_1280ms=0 storage_total_gt_1280ms=82
[DROP-SUMMARY] capture_queue_full=183 processing_pending_full_events=72 processing_pending_full_unique=1 actual_drop_total=183 raw_hold_full=0 spool_write_fail=0 spool_capacity_full=80 spool_corrupt_or_unreadable=0 raw_queue_depth=8 raw_queue_high_water=8 pending_depth=8 pending_high_water=8 raw_hold_depth=0 raw_hold_high_water=1 storage_samples=82 storage_lock_wait_us=40222 storage_slot_lookup_us=3265 storage_open_us=0 storage_write_us=0 storage_flush_close_us=0 storage_rename_us=0 storage_total_us=1389863 storage_lock_wait_max_us=387795 storage_slot_lookup_max_us=23067 storage_open_max_us=127993 storage_write_max_us=49972 storage_flush_close_max_us=485397 storage_rename_max_us=328000 storage_total_max_us=2463322 storage_total_le_640ms=0 storage_total_641_to_1280ms=0 storage_total_gt_1280ms=82
[RAW-SPOOL-FULL] slot=512 total=2752512 used=2375680 free=376832 need=3133 windowIndex=10.
[PROCESSING-DIAG] pending_full held count=73 bootId=120f97ea7585553158a36232ba779059 windowIndex=10 raw_queue=8 pending=8
[DROP-SUMMARY] capture_queue_full=184 processing_pending_full_events=73 processing_pending_full_unique=1 actual_drop_total=184 raw_hold_full=0 spool_write_fail=0 spool_capacity_full=81 spool_corrupt_or_unreadable=0 raw_queue_depth=8 raw_queue_high_water=8 pending_depth=8 pending_high_water=8 raw_hold_depth=0 raw_hold_high_water=1 storage_samples=83 storage_lock_wait_us=16564 storage_slot_lookup_us=3208 storage_open_us=0 storage_write_us=0 storage_flush_close_us=0 storage_rename_us=0 storage_total_us=1366387 storage_lock_wait_max_us=387795 storage_slot_lookup_max_us=23067 storage_open_max_us=127993 storage_write_max_us=49972 storage_flush_close_max_us=485397 storage_rename_max_us=328000 storage_total_max_us=2463322 storage_total_le_640ms=0 storage_total_641_to_1280ms=0 storage_total_gt_1280ms=83
[RAW-SPOOL-FULL] slot=512 total=2752512 used=2375680 free=376832 need=3133 windowIndex=10.
[PROCESSING-DIAG] pending_full held count=74 bootId=120f97ea7585553158a36232ba779059 windowIndex=10 raw_queue=8 pending=8
[DROP-SUMMARY] capture_queue_full=186 processing_pending_full_events=74 processing_pending_full_unique=1 actual_drop_total=186 raw_hold_full=0 spool_write_fail=0 spool_capacity_full=82 spool_corrupt_or_unreadable=0 raw_queue_depth=8 raw_queue_high_water=8 pending_depth=8 pending_high_water=8 raw_hold_depth=0 raw_hold_high_water=1 storage_samples=84 storage_lock_wait_us=18372 storage_slot_lookup_us=3152 storage_open_us=0 storage_write_us=0 storage_flush_close_us=0 storage_rename_us=0 storage_total_us=1369417 storage_lock_wait_max_us=387795 storage_slot_lookup_max_us=23067 storage_open_max_us=127993 storage_write_max_us=49972 storage_flush_close_max_us=485397 storage_rename_max_us=328000 storage_total_max_us=2463322 storage_total_le_640ms=0 storage_total_641_to_1280ms=0 storage_total_gt_1280ms=84
[DROP-SUMMARY] capture_queue_full=187 processing_pending_full_events=74 processing_pending_full_unique=1 actual_drop_total=187 raw_hold_full=0 spool_write_fail=0 spool_capacity_full=82 spool_corrupt_or_unreadable=0 raw_queue_depth=8 raw_queue_high_water=8 pending_depth=8 pending_high_water=8 raw_hold_depth=0 raw_hold_high_water=1 storage_samples=84 storage_lock_wait_us=18372 storage_slot_lookup_us=3152 storage_open_us=0 storage_write_us=0 storage_flush_close_us=0 storage_rename_us=0 storage_total_us=1369417 storage_lock_wait_max_us=387795 storage_slot_lookup_max_us=23067 storage_open_max_us=127993 storage_write_max_us=49972 storage_flush_close_max_us=485397 storage_rename_max_us=328000 storage_total_max_us=2463322 storage_total_le_640ms=0 storage_total_641_to_1280ms=0 storage_total_gt_1280ms=84
[RAW-SPOOL-FULL] slot=512 total=2752512 used=2375680 free=376832 need=3133 windowIndex=10.
[PROCESSING-DIAG] pending_full held count=75 bootId=120f97ea7585553158a36232ba779059 windowIndex=10 raw_queue=8 pending=8
[DROP-SUMMARY] capture_queue_full=189 processing_pending_full_events=75 processing_pending_full_unique=1 actual_drop_total=189 raw_hold_full=0 spool_write_fail=0 spool_capacity_full=83 spool_corrupt_or_unreadable=0 raw_queue_depth=8 raw_queue_high_water=8 pending_depth=8 pending_high_water=8 raw_hold_depth=0 raw_hold_high_water=1 storage_samples=85 storage_lock_wait_us=18837 storage_slot_lookup_us=3148 storage_open_us=0 storage_write_us=0 storage_flush_close_us=0 storage_rename_us=0 storage_total_us=1370723 storage_lock_wait_max_us=387795 storage_slot_lookup_max_us=23067 storage_open_max_us=127993 storage_write_max_us=49972 storage_flush_close_max_us=485397 storage_rename_max_us=328000 storage_total_max_us=2463322 storage_total_le_640ms=0 storage_total_641_to_1280ms=0 storage_total_gt_1280ms=85
[RAW-SPOOL-FULL] slot=512 total=2752512 used=2375680 free=376832 need=3133 windowIndex=10.
[PROCESSING-DIAG] pending_full held count=76 bootId=120f97ea7585553158a36232ba779059 windowIndex=10 raw_queue=8 pending=8
[DROP-SUMMARY] capture_queue_full=190 processing_pending_full_events=76 processing_pending_full_unique=1 actual_drop_total=190 raw_hold_full=0 spool_write_fail=0 spool_capacity_full=84 spool_corrupt_or_unreadable=0 raw_queue_depth=8 raw_queue_high_water=8 pending_depth=8 pending_high_water=8 raw_hold_depth=0 raw_hold_high_water=1 storage_samples=86 storage_lock_wait_us=17031 storage_slot_lookup_us=3147 storage_open_us=0 storage_write_us=0 storage_flush_close_us=0 storage_rename_us=0 storage_total_us=1369125 storage_lock_wait_max_us=387795 storage_slot_lookup_max_us=23067 storage_open_max_us=127993 storage_write_max_us=49972 storage_flush_close_max_us=485397 storage_rename_max_us=328000 storage_total_max_us=2463322 storage_total_le_640ms=0 storage_total_641_to_1280ms=0 storage_total_gt_1280ms=86
[DROP-SUMMARY] capture_queue_full=192 processing_pending_full_events=76 processing_pending_full_unique=1 actual_drop_total=192 raw_hold_full=0 spool_write_fail=0 spool_capacity_full=84 spool_corrupt_or_unreadable=0 raw_queue_depth=8 raw_queue_high_water=8 pending_depth=8 pending_high_water=8 raw_hold_depth=0 raw_hold_high_water=1 storage_samples=86 storage_lock_wait_us=17031 storage_slot_lookup_us=3147 storage_open_us=0 storage_write_us=0 storage_flush_close_us=0 storage_rename_us=0 storage_total_us=1369125 storage_lock_wait_max_us=387795 storage_slot_lookup_max_us=23067 storage_open_max_us=127993 storage_write_max_us=49972 storage_flush_close_max_us=485397 storage_rename_max_us=328000 storage_total_max_us=2463322 storage_total_le_640ms=0 storage_total_641_to_1280ms=0 storage_total_gt_1280ms=86
[RAW-SPOOL-FULL] slot=512 total=2752512 used=2375680 free=376832 need=3133 windowIndex=10.
[PROCESSING-DIAG] pending_full held count=77 bootId=120f97ea7585553158a36232ba779059 windowIndex=10 raw_queue=8 pending=8
[DROP-SUMMARY] capture_queue_full=193 processing_pending_full_events=77 processing_pending_full_unique=1 actual_drop_total=193 raw_hold_full=0 spool_write_fail=0 spool_capacity_full=85 spool_corrupt_or_unreadable=0 raw_queue_depth=8 raw_queue_high_water=8 pending_depth=8 pending_high_water=8 raw_hold_depth=0 raw_hold_high_water=1 storage_samples=87 storage_lock_wait_us=74664 storage_slot_lookup_us=3162 storage_open_us=0 storage_write_us=0 storage_flush_close_us=0 storage_rename_us=0 storage_total_us=1420251 storage_lock_wait_max_us=387795 storage_slot_lookup_max_us=23067 storage_open_max_us=127993 storage_write_max_us=49972 storage_flush_close_max_us=485397 storage_rename_max_us=328000 storage_total_max_us=2463322 storage_total_le_640ms=0 storage_total_641_to_1280ms=0 storage_total_gt_1280ms=87
[RAW-SPOOL-FULL] slot=512 total=2752512 used=2375680 free=376832 need=3133 windowIndex=10.
[PROCESSING-DIAG] pending_full held count=78 bootId=120f97ea7585553158a36232ba779059 windowIndex=10 raw_queue=8 pending=8
[DROP-SUMMARY] capture_queue_full=195 processing_pending_full_events=78 processing_pending_full_unique=1 actual_drop_total=195 raw_hold_full=0 spool_write_fail=0 spool_capacity_full=86 spool_corrupt_or_unreadable=0 raw_queue_depth=8 raw_queue_high_water=8 pending_depth=8 pending_high_water=8 raw_hold_depth=0 raw_hold_high_water=1 storage_samples=88 storage_lock_wait_us=14666 storage_slot_lookup_us=3132 storage_open_us=0 storage_write_us=0 storage_flush_close_us=0 storage_rename_us=0 storage_total_us=1365122 storage_lock_wait_max_us=387795 storage_slot_lookup_max_us=23067 storage_open_max_us=127993 storage_write_max_us=49972 storage_flush_close_max_us=485397 storage_rename_max_us=328000 storage_total_max_us=2463322 storage_total_le_640ms=0 storage_total_641_to_1280ms=0 storage_total_gt_1280ms=88
[RAW-SPOOL-FULL] slot=512 total=2752512 used=2375680 free=376832 need=3133 windowIndex=10.
[PROCESSING-DIAG] pending_full held count=79 bootId=120f97ea7585553158a36232ba779059 windowIndex=10 raw_queue=8 pending=8
[DROP-SUMMARY] capture_queue_full=196 processing_pending_full_events=79 processing_pending_full_unique=1 actual_drop_total=196 raw_hold_full=0 spool_write_fail=0 spool_capacity_full=87 spool_corrupt_or_unreadable=0 raw_queue_depth=8 raw_queue_high_water=8 pending_depth=8 pending_high_water=8 raw_hold_depth=1 raw_hold_high_water=1 storage_samples=89 storage_lock_wait_us=13485 storage_slot_lookup_us=3579 storage_open_us=0 storage_write_us=0 storage_flush_close_us=0 storage_rename_us=0 storage_total_us=1364612 storage_lock_wait_max_us=387795 storage_slot_lookup_max_us=23067 storage_open_max_us=127993 storage_write_max_us=49972 storage_flush_close_max_us=485397 storage_rename_max_us=328000 storage_total_max_us=2463322 storage_total_le_640ms=0 storage_total_641_to_1280ms=0 storage_total_gt_1280ms=89
[DROP-SUMMARY] capture_queue_full=198 processing_pending_full_events=79 processing_pending_full_unique=1 actual_drop_total=198 raw_hold_full=0 spool_write_fail=0 spool_capacity_full=87 spool_corrupt_or_unreadable=0 raw_queue_depth=8 raw_queue_high_water=8 pending_depth=8 pending_high_water=8 raw_hold_depth=0 raw_hold_high_water=1 storage_samples=89 storage_lock_wait_us=13485 storage_slot_lookup_us=3579 storage_open_us=0 storage_write_us=0 storage_flush_close_us=0 storage_rename_us=0 storage_total_us=1364612 storage_lock_wait_max_us=387795 storage_slot_lookup_max_us=23067 storage_open_max_us=127993 storage_write_max_us=49972 storage_flush_close_max_us=485397 storage_rename_max_us=328000 storage_total_max_us=2463322 storage_total_le_640ms=0 storage_total_641_to_1280ms=0 storage_total_gt_1280ms=89
[RAW-SPOOL-FULL] slot=512 total=2752512 used=2375680 free=376832 need=3133 windowIndex=10.
[PROCESSING-DIAG] pending_full held count=80 bootId=120f97ea7585553158a36232ba779059 windowIndex=10 raw_queue=8 pending=8
[RAW-DEBUG] samples=512 quality=valid X[min=-262 max=-219 mean=-237.0 rms=237.0] Y[min=48 max=80 mean=64.4 rms=64.5] Z[min=-73 max=-5 mean=-48.3 rms=48.8]
[DROP-SUMMARY] capture_queue_full=199 processing_pending_full_events=80 processing_pending_full_unique=1 actual_drop_total=199 raw_hold_full=0 spool_write_fail=0 spool_capacity_full=88 spool_corrupt_or_unreadable=0 raw_queue_depth=8 raw_queue_high_water=8 pending_depth=8 pending_high_water=8 raw_hold_depth=0 raw_hold_high_water=1 storage_samples=90 storage_lock_wait_us=13882 storage_slot_lookup_us=3334 storage_open_us=0 storage_write_us=0 storage_flush_close_us=0 storage_rename_us=0 storage_total_us=1365451 storage_lock_wait_max_us=387795 storage_slot_lookup_max_us=23067 storage_open_max_us=127993 storage_write_max_us=49972 storage_flush_close_max_us=485397 storage_rename_max_us=328000 storage_total_max_us=2463322 storage_total_le_640ms=0 storage_total_641_to_1280ms=0 storage_total_gt_1280ms=90
[RAW-SPOOL-FULL] slot=512 total=2752512 used=2375680 free=376832 need=3133 windowIndex=10.
[PROCESSING-DIAG] pending_full held count=81 bootId=120f97ea7585553158a36232ba779059 windowIndex=10 raw_queue=8 pending=8
[DROP-SUMMARY] capture_queue_full=201 processing_pending_full_events=81 processing_pending_full_unique=1 actual_drop_total=201 raw_hold_full=0 spool_write_fail=0 spool_capacity_full=89 spool_corrupt_or_unreadable=0 raw_queue_depth=8 raw_queue_high_water=8 pending_depth=8 pending_high_water=8 raw_hold_depth=0 raw_hold_high_water=1 storage_samples=91 storage_lock_wait_us=11869 storage_slot_lookup_us=3168 storage_open_us=0 storage_write_us=0 storage_flush_close_us=0 storage_rename_us=0 storage_total_us=1363046 storage_lock_wait_max_us=387795 storage_slot_lookup_max_us=23067 storage_open_max_us=127993 storage_write_max_us=49972 storage_flush_close_max_us=485397 storage_rename_max_us=328000 storage_total_max_us=2463322 storage_total_le_640ms=0 storage_total_641_to_1280ms=0 storage_total_gt_1280ms=91
[DROP-SUMMARY] capture_queue_full=202 processing_pending_full_events=81 processing_pending_full_unique=1 actual_drop_total=202 raw_hold_full=0 spool_write_fail=0 spool_capacity_full=89 spool_corrupt_or_unreadable=0 raw_queue_depth=8 raw_queue_high_water=8 pending_depth=8 pending_high_water=8 raw_hold_depth=0 raw_hold_high_water=1 storage_samples=91 storage_lock_wait_us=11869 storage_slot_lookup_us=3168 storage_open_us=0 storage_write_us=0 storage_flush_close_us=0 storage_rename_us=0 storage_total_us=1363046 storage_lock_wait_max_us=387795 storage_slot_lookup_max_us=23067 storage_open_max_us=127993 storage_write_max_us=49972 storage_flush_close_max_us=485397 storage_rename_max_us=328000 storage_total_max_us=2463322 storage_total_le_640ms=0 storage_total_641_to_1280ms=0 storage_total_gt_1280ms=91
[RAW-SPOOL-FULL] slot=512 total=2752512 used=2375680 free=376832 need=3133 windowIndex=10.
[PROCESSING-DIAG] pending_full held count=82 bootId=120f97ea7585553158a36232ba779059 windowIndex=10 raw_queue=8 pending=8
[DROP-SUMMARY] capture_queue_full=204 processing_pending_full_events=82 processing_pending_full_unique=1 actual_drop_total=204 raw_hold_full=0 spool_write_fail=0 spool_capacity_full=90 spool_corrupt_or_unreadable=0 raw_queue_depth=8 raw_queue_high_water=8 pending_depth=8 pending_high_water=8 raw_hold_depth=0 raw_hold_high_water=1 storage_samples=92 storage_lock_wait_us=15433 storage_slot_lookup_us=2992 storage_open_us=0 storage_write_us=0 storage_flush_close_us=0 storage_rename_us=0 storage_total_us=1366646 storage_lock_wait_max_us=387795 storage_slot_lookup_max_us=23067 storage_open_max_us=127993 storage_write_max_us=49972 storage_flush_close_max_us=485397 storage_rename_max_us=328000 storage_total_max_us=2463322 storage_total_le_640ms=0 storage_total_641_to_1280ms=0 storage_total_gt_1280ms=92
[RAW-SPOOL-FULL] slot=512 total=2752512 used=2375680 free=376832 need=3133 windowIndex=10.
[PROCESSING-DIAG] pending_full held count=83 bootId=120f97ea7585553158a36232ba779059 windowIndex=10 raw_queue=8 pending=8
[DROP-SUMMARY] capture_queue_full=205 processing_pending_full_events=83 processing_pending_full_unique=1 actual_drop_total=205 raw_hold_full=0 spool_write_fail=0 spool_capacity_full=91 spool_corrupt_or_unreadable=0 raw_queue_depth=8 raw_queue_high_water=8 pending_depth=8 pending_high_water=8 raw_hold_depth=0 raw_hold_high_water=1 storage_samples=93 storage_lock_wait_us=90609 storage_slot_lookup_us=3223 storage_open_us=0 storage_write_us=0 storage_flush_close_us=0 storage_rename_us=0 storage_total_us=1442090 storage_lock_wait_max_us=387795 storage_slot_lookup_max_us=23067 storage_open_max_us=127993 storage_write_max_us=49972 storage_flush_close_max_us=485397 storage_rename_max_us=328000 storage_total_max_us=2463322 storage_total_le_640ms=0 storage_total_641_to_1280ms=0 storage_total_gt_1280ms=93
[DROP-SUMMARY] capture_queue_full=207 processing_pending_full_events=83 processing_pending_full_unique=1 actual_drop_total=207 raw_hold_full=0 spool_write_fail=0 spool_capacity_full=91 spool_corrupt_or_unreadable=0 raw_queue_depth=8 raw_queue_high_water=8 pending_depth=8 pending_high_water=8 raw_hold_depth=0 raw_hold_high_water=1 storage_samples=93 storage_lock_wait_us=90609 storage_slot_lookup_us=3223 storage_open_us=0 storage_write_us=0 storage_flush_close_us=0 storage_rename_us=0 storage_total_us=1442090 storage_lock_wait_max_us=387795 storage_slot_lookup_max_us=23067 storage_open_max_us=127993 storage_write_max_us=49972 storage_flush_close_max_us=485397 storage_rename_max_us=328000 storage_total_max_us=2463322 storage_total_le_640ms=0 storage_total_641_to_1280ms=0 storage_total_gt_1280ms=93
[RAW-SPOOL-FULL] slot=512 total=2752512 used=2375680 free=376832 need=3133 windowIndex=10.
[PROCESSING-DIAG] pending_full held count=84 bootId=120f97ea7585553158a36232ba779059 windowIndex=10 raw_queue=8 pending=8
[DROP-SUMMARY] capture_queue_full=208 processing_pending_full_events=84 processing_pending_full_unique=1 actual_drop_total=208 raw_hold_full=0 spool_write_fail=0 spool_capacity_full=92 spool_corrupt_or_unreadable=0 raw_queue_depth=8 raw_queue_high_water=8 pending_depth=8 pending_high_water=8 raw_hold_depth=0 raw_hold_high_water=1 storage_samples=94 storage_lock_wait_us=10385 storage_slot_lookup_us=3019 storage_open_us=0 storage_write_us=0 storage_flush_close_us=0 storage_rename_us=0 storage_total_us=1359109 storage_lock_wait_max_us=387795 storage_slot_lookup_max_us=23067 storage_open_max_us=127993 storage_write_max_us=49972 storage_flush_close_max_us=485397 storage_rename_max_us=328000 storage_total_max_us=2463322 storage_total_le_640ms=0 storage_total_641_to_1280ms=0 storage_total_gt_1280ms=94
[RAW-SPOOL-FULL] slot=512 total=2752512 used=2375680 free=376832 need=3133 windowIndex=10.
[PROCESSING-DIAG] pending_full held count=85 bootId=120f97ea7585553158a36232ba779059 windowIndex=10 raw_queue=8 pending=8
[DROP-SUMMARY] capture_queue_full=209 processing_pending_full_events=85 processing_pending_full_unique=1 actual_drop_total=209 raw_hold_full=0 spool_write_fail=0 spool_capacity_full=93 spool_corrupt_or_unreadable=0 raw_queue_depth=8 raw_queue_high_water=8 pending_depth=8 pending_high_water=8 raw_hold_depth=0 raw_hold_high_water=1 storage_samples=95 storage_lock_wait_us=8830 storage_slot_lookup_us=3147 storage_open_us=0 storage_write_us=0 storage_flush_close_us=0 storage_rename_us=0 storage_total_us=1359091 storage_lock_wait_max_us=387795 storage_slot_lookup_max_us=23067 storage_open_max_us=127993 storage_write_max_us=49972 storage_flush_close_max_us=485397 storage_rename_max_us=328000 storage_total_max_us=2463322 storage_total_le_640ms=0 storage_total_641_to_1280ms=0 storage_total_gt_1280ms=95
[DROP-SUMMARY] capture_queue_full=211 processing_pending_full_events=85 processing_pending_full_unique=1 actual_drop_total=211 raw_hold_full=0 spool_write_fail=0 spool_capacity_full=93 spool_corrupt_or_unreadable=0 raw_queue_depth=8 raw_queue_high_water=8 pending_depth=8 pending_high_water=8 raw_hold_depth=0 raw_hold_high_water=1 storage_samples=95 storage_lock_wait_us=8830 storage_slot_lookup_us=3147 storage_open_us=0 storage_write_us=0 storage_flush_close_us=0 storage_rename_us=0 storage_total_us=1359091 storage_lock_wait_max_us=387795 storage_slot_lookup_max_us=23067 storage_open_max_us=127993 storage_write_max_us=49972 storage_flush_close_max_us=485397 storage_rename_max_us=328000 storage_total_max_us=2463322 storage_total_le_640ms=0 storage_total_641_to_1280ms=0 storage_total_gt_1280ms=95
[RAW-SPOOL-FULL] slot=512 total=2752512 used=2375680 free=376832 need=3133 windowIndex=10.
[PROCESSING-DIAG] pending_full held count=86 bootId=120f97ea7585553158a36232ba779059 windowIndex=10 raw_queue=8 pending=8
[DROP-SUMMARY] capture_queue_full=212 processing_pending_full_events=86 processing_pending_full_unique=1 actual_drop_total=212 raw_hold_full=0 spool_write_fail=0 spool_capacity_full=94 spool_corrupt_or_unreadable=0 raw_queue_depth=8 raw_queue_high_water=8 pending_depth=8 pending_high_water=8 raw_hold_depth=0 raw_hold_high_water=1 storage_samples=96 storage_lock_wait_us=30541 storage_slot_lookup_us=3145 storage_open_us=0 storage_write_us=0 storage_flush_close_us=0 storage_rename_us=0 storage_total_us=1375462 storage_lock_wait_max_us=387795 storage_slot_lookup_max_us=23067 storage_open_max_us=127993 storage_write_max_us=49972 storage_flush_close_max_us=485397 storage_rename_max_us=328000 storage_total_max_us=2463322 storage_total_le_640ms=0 storage_total_641_to_1280ms=0 storage_total_gt_1280ms=96
[RAW-SPOOL-FULL] slot=512 total=2752512 used=2375680 free=376832 need=3133 windowIndex=10.
[PROCESSING-DIAG] pending_full held count=87 bootId=120f97ea7585553158a36232ba779059 windowIndex=10 raw_queue=8 pending=8
[DROP-SUMMARY] capture_queue_full=214 processing_pending_full_events=87 processing_pending_full_unique=1 actual_drop_total=214 raw_hold_full=0 spool_write_fail=0 spool_capacity_full=95 spool_corrupt_or_unreadable=0 raw_queue_depth=8 raw_queue_high_water=8 pending_depth=8 pending_high_water=8 raw_hold_depth=0 raw_hold_high_water=1 storage_samples=97 storage_lock_wait_us=28977 storage_slot_lookup_us=3173 storage_open_us=0 storage_write_us=0 storage_flush_close_us=0 storage_rename_us=0 storage_total_us=1379573 storage_lock_wait_max_us=387795 storage_slot_lookup_max_us=23067 storage_open_max_us=127993 storage_write_max_us=49972 storage_flush_close_max_us=485397 storage_rename_max_us=328000 storage_total_max_us=2463322 storage_total_le_640ms=0 storage_total_641_to_1280ms=0 storage_total_gt_1280ms=97
[DROP-SUMMARY] capture_queue_full=215 processing_pending_full_events=87 processing_pending_full_unique=1 actual_drop_total=215 raw_hold_full=0 spool_write_fail=0 spool_capacity_full=95 spool_corrupt_or_unreadable=0 raw_queue_depth=8 raw_queue_high_water=8 pending_depth=8 pending_high_water=8 raw_hold_depth=0 raw_hold_high_water=1 storage_samples=97 storage_lock_wait_us=28977 storage_slot_lookup_us=3173 storage_open_us=0 storage_write_us=0 storage_flush_close_us=0 storage_rename_us=0 storage_total_us=1379573 storage_lock_wait_max_us=387795 storage_slot_lookup_max_us=23067 storage_open_max_us=127993 storage_write_max_us=49972 storage_flush_close_max_us=485397 storage_rename_max_us=328000 storage_total_max_us=2463322 storage_total_le_640ms=0 storage_total_641_to_1280ms=0 storage_total_gt_1280ms=97
[RAW-SPOOL-FULL] slot=512 total=2752512 used=2375680 free=376832 need=3133 windowIndex=10.
[PROCESSING-DIAG] pending_full held count=88 bootId=120f97ea7585553158a36232ba779059 windowIndex=10 raw_queue=8 pending=8
[DROP-SUMMARY] capture_queue_full=217 processing_pending_full_events=88 processing_pending_full_unique=1 actual_drop_total=217 raw_hold_full=0 spool_write_fail=0 spool_capacity_full=96 spool_corrupt_or_unreadable=0 raw_queue_depth=8 raw_queue_high_water=8 pending_depth=8 pending_high_water=8 raw_hold_depth=0 raw_hold_high_water=1 storage_samples=98 storage_lock_wait_us=189041 storage_slot_lookup_us=3175 storage_open_us=0 storage_write_us=0 storage_flush_close_us=0 storage_rename_us=0 storage_total_us=1540091 storage_lock_wait_max_us=387795 storage_slot_lookup_max_us=23067 storage_open_max_us=127993 storage_write_max_us=49972 storage_flush_close_max_us=485397 storage_rename_max_us=328000 storage_total_max_us=2463322 storage_total_le_640ms=0 storage_total_641_to_1280ms=0 storage_total_gt_1280ms=98
[RAW-SPOOL-FULL] slot=512 total=2752512 used=2375680 free=376832 need=3133 windowIndex=10.
[PROCESSING-DIAG] pending_full held count=89 bootId=120f97ea7585553158a36232ba779059 windowIndex=10 raw_queue=8 pending=8
[DROP-SUMMARY] capture_queue_full=218 processing_pending_full_events=89 processing_pending_full_unique=1 actual_drop_total=218 raw_hold_full=0 spool_write_fail=0 spool_capacity_full=97 spool_corrupt_or_unreadable=0 raw_queue_depth=8 raw_queue_high_water=8 pending_depth=8 pending_high_water=8 raw_hold_depth=0 raw_hold_high_water=1 storage_samples=99 storage_lock_wait_us=58807 storage_slot_lookup_us=3144 storage_open_us=0 storage_write_us=0 storage_flush_close_us=0 storage_rename_us=0 storage_total_us=1409649 storage_lock_wait_max_us=387795 storage_slot_lookup_max_us=23067 storage_open_max_us=127993 storage_write_max_us=49972 storage_flush_close_max_us=485397 storage_rename_max_us=328000 storage_total_max_us=2463322 storage_total_le_640ms=0 storage_total_641_to_1280ms=0 storage_total_gt_1280ms=99
[DROP-SUMMARY] capture_queue_full=220 processing_pending_full_events=89 processing_pending_full_unique=1 actual_drop_total=220 raw_hold_full=0 spool_write_fail=0 spool_capacity_full=97 spool_corrupt_or_unreadable=0 raw_queue_depth=8 raw_queue_high_water=8 pending_depth=8 pending_high_water=8 raw_hold_depth=0 raw_hold_high_water=1 storage_samples=99 storage_lock_wait_us=58807 storage_slot_lookup_us=3144 storage_open_us=0 storage_write_us=0 storage_flush_close_us=0 storage_rename_us=0 storage_total_us=1409649 storage_lock_wait_max_us=387795 storage_slot_lookup_max_us=23067 storage_open_max_us=127993 storage_write_max_us=49972 storage_flush_close_max_us=485397 storage_rename_max_us=328000 storage_total_max_us=2463322 storage_total_le_640ms=0 storage_total_641_to_1280ms=0 storage_total_gt_1280ms=99
[RAW-SPOOL-FULL] slot=512 total=2752512 used=2375680 free=376832 need=3133 windowIndex=10.
[PROCESSING-DIAG] pending_full held count=90 bootId=120f97ea7585553158a36232ba779059 windowIndex=10 raw_queue=8 pending=8
[RAW-DEBUG] samples=512 quality=valid X[min=-262 max=-219 mean=-237.0 rms=237.0] Y[min=48 max=80 mean=64.4 rms=64.5] Z[min=-73 max=-5 mean=-48.3 rms=48.8]
[DROP-SUMMARY] capture_queue_full=221 processing_pending_full_events=90 processing_pending_full_unique=1 actual_drop_total=221 raw_hold_full=0 spool_write_fail=0 spool_capacity_full=98 spool_corrupt_or_unreadable=0 raw_queue_depth=8 raw_queue_high_water=8 pending_depth=8 pending_high_water=8 raw_hold_depth=0 raw_hold_high_water=1 storage_samples=100 storage_lock_wait_us=211040 storage_slot_lookup_us=3302 storage_open_us=0 storage_write_us=0 storage_flush_close_us=0 storage_rename_us=0 storage_total_us=1563115 storage_lock_wait_max_us=387795 storage_slot_lookup_max_us=23067 storage_open_max_us=127993 storage_write_max_us=49972 storage_flush_close_max_us=485397 storage_rename_max_us=328000 storage_total_max_us=2463322 storage_total_le_640ms=0 storage_total_641_to_1280ms=0 storage_total_gt_1280ms=100
[DROP-SUMMARY] capture_queue_full=223 processing_pending_full_events=90 processing_pending_full_unique=1 actual_drop_total=223 raw_hold_full=0 spool_write_fail=0 spool_capacity_full=98 spool_corrupt_or_unreadable=0 raw_queue_depth=8 raw_queue_high_water=8 pending_depth=8 pending_high_water=8 raw_hold_depth=0 raw_hold_high_water=1 storage_samples=100 storage_lock_wait_us=211040 storage_slot_lookup_us=3302 storage_open_us=0 storage_write_us=0 storage_flush_close_us=0 storage_rename_us=0 storage_total_us=1563115 storage_lock_wait_max_us=387795 storage_slot_lookup_max_us=23067 storage_open_max_us=127993 storage_write_max_us=49972 storage_flush_close_max_us=485397 storage_rename_max_us=328000 storage_total_max_us=2463322 storage_total_le_640ms=0 storage_total_641_to_1280ms=0 storage_total_gt_1280ms=100
[RAW-SPOOL-FULL] slot=512 total=2752512 used=2375680 free=376832 need=3133 windowIndex=10.
[PROCESSING-DIAG] pending_full held count=91 bootId=120f97ea7585553158a36232ba779059 windowIndex=10 raw_queue=8 pending=8
[DROP-SUMMARY] capture_queue_full=224 processing_pending_full_events=91 processing_pending_full_unique=1 actual_drop_total=224 raw_hold_full=0 spool_write_fail=0 spool_capacity_full=99 spool_corrupt_or_unreadable=0 raw_queue_depth=8 raw_queue_high_water=8 pending_depth=8 pending_high_water=8 raw_hold_depth=0 raw_hold_high_water=1 storage_samples=101 storage_lock_wait_us=66609 storage_slot_lookup_us=3220 storage_open_us=0 storage_write_us=0 storage_flush_close_us=0 storage_rename_us=0 storage_total_us=1414169 storage_lock_wait_max_us=387795 storage_slot_lookup_max_us=23067 storage_open_max_us=127993 storage_write_max_us=49972 storage_flush_close_max_us=485397 storage_rename_max_us=328000 storage_total_max_us=2463322 storage_total_le_640ms=0 storage_total_641_to_1280ms=0 storage_total_gt_1280ms=101
[RAW-SPOOL-FULL] slot=512 total=2752512 used=2375680 free=376832 need=3133 windowIndex=10.
[PROCESSING-DIAG] pending_full held count=92 bootId=120f97ea7585553158a36232ba779059 windowIndex=10 raw_queue=8 pending=8
[DROP-SUMMARY] capture_queue_full=226 processing_pending_full_events=92 processing_pending_full_unique=1 actual_drop_total=226 raw_hold_full=0 spool_write_fail=0 spool_capacity_full=100 spool_corrupt_or_unreadable=0 raw_queue_depth=8 raw_queue_high_water=8 pending_depth=8 pending_high_water=8 raw_hold_depth=0 raw_hold_high_water=1 storage_samples=102 storage_lock_wait_us=160434 storage_slot_lookup_us=3232 storage_open_us=0 storage_write_us=0 storage_flush_close_us=0 storage_rename_us=0 storage_total_us=1510749 storage_lock_wait_max_us=387795 storage_slot_lookup_max_us=23067 storage_open_max_us=127993 storage_write_max_us=49972 storage_flush_close_max_us=485397 storage_rename_max_us=328000 storage_total_max_us=2463322 storage_total_le_640ms=0 storage_total_641_to_1280ms=0 storage_total_gt_1280ms=102
[DROP-SUMMARY] capture_queue_full=227 processing_pending_full_events=92 processing_pending_full_unique=1 actual_drop_total=227 raw_hold_full=0 spool_write_fail=0 spool_capacity_full=100 spool_corrupt_or_unreadable=0 raw_queue_depth=8 raw_queue_high_water=8 pending_depth=8 pending_high_water=8 raw_hold_depth=0 raw_hold_high_water=1 storage_samples=102 storage_lock_wait_us=160434 storage_slot_lookup_us=3232 storage_open_us=0 storage_write_us=0 storage_flush_close_us=0 storage_rename_us=0 storage_total_us=1510749 storage_lock_wait_max_us=387795 storage_slot_lookup_max_us=23067 storage_open_max_us=127993 storage_write_max_us=49972 storage_flush_close_max_us=485397 storage_rename_max_us=328000 storage_total_max_us=2463322 storage_total_le_640ms=0 storage_total_641_to_1280ms=0 storage_total_gt_1280ms=102
[RAW-SPOOL-FULL] slot=512 total=2752512 used=2375680 free=376832 need=3133 windowIndex=10.
[PROCESSING-DIAG] pending_full held count=93 bootId=120f97ea7585553158a36232ba779059 windowIndex=10 raw_queue=8 pending=8
[DROP-SUMMARY] capture_queue_full=229 processing_pending_full_events=93 processing_pending_full_unique=1 actual_drop_total=229 raw_hold_full=0 spool_write_fail=0 spool_capacity_full=101 spool_corrupt_or_unreadable=0 raw_queue_depth=8 raw_queue_high_water=8 pending_depth=8 pending_high_water=8 raw_hold_depth=0 raw_hold_high_water=1 storage_samples=103 storage_lock_wait_us=63113 storage_slot_lookup_us=3150 storage_open_us=0 storage_write_us=0 storage_flush_close_us=0 storage_rename_us=0 storage_total_us=1409648 storage_lock_wait_max_us=387795 storage_slot_lookup_max_us=23067 storage_open_max_us=127993 storage_write_max_us=49972 storage_flush_close_max_us=485397 storage_rename_max_us=328000 storage_total_max_us=2463322 storage_total_le_640ms=0 storage_total_641_to_1280ms=0 storage_total_gt_1280ms=103
[RAW-SPOOL-FULL] slot=512 total=2752512 used=2375680 free=376832 need=3133 windowIndex=10.
[PROCESSING-DIAG] pending_full held count=94 bootId=120f97ea7585553158a36232ba779059 windowIndex=10 raw_queue=8 pending=8
[DROP-SUMMARY] capture_queue_full=230 processing_pending_full_events=94 processing_pending_full_unique=1 actual_drop_total=230 raw_hold_full=0 spool_write_fail=0 spool_capacity_full=102 spool_corrupt_or_unreadable=0 raw_queue_depth=8 raw_queue_high_water=8 pending_depth=8 pending_high_water=8 raw_hold_depth=0 raw_hold_high_water=1 storage_samples=104 storage_lock_wait_us=65084 storage_slot_lookup_us=3305 storage_open_us=0 storage_write_us=0 storage_flush_close_us=0 storage_rename_us=0 storage_total_us=1416137 storage_lock_wait_max_us=387795 storage_slot_lookup_max_us=23067 storage_open_max_us=127993 storage_write_max_us=49972 storage_flush_close_max_us=485397 storage_rename_max_us=328000 storage_total_max_us=2463322 storage_total_le_640ms=0 storage_total_641_to_1280ms=0 storage_total_gt_1280ms=104
[DROP-SUMMARY] capture_queue_full=232 processing_pending_full_events=94 processing_pending_full_unique=1 actual_drop_total=232 raw_hold_full=0 spool_write_fail=0 spool_capacity_full=102 spool_corrupt_or_unreadable=0 raw_queue_depth=8 raw_queue_high_water=8 pending_depth=8 pending_high_water=8 raw_hold_depth=0 raw_hold_high_water=1 storage_samples=104 storage_lock_wait_us=65084 storage_slot_lookup_us=3305 storage_open_us=0 storage_write_us=0 storage_flush_close_us=0 storage_rename_us=0 storage_total_us=1416137 storage_lock_wait_max_us=387795 storage_slot_lookup_max_us=23067 storage_open_max_us=127993 storage_write_max_us=49972 storage_flush_close_max_us=485397 storage_rename_max_us=328000 storage_total_max_us=2463322 storage_total_le_640ms=0 storage_total_641_to_1280ms=0 storage_total_gt_1280ms=104
[RAW-SPOOL-FULL] slot=512 total=2752512 used=2375680 free=376832 need=3133 windowIndex=10.
[PROCESSING-DIAG] pending_full held count=95 bootId=120f97ea7585553158a36232ba779059 windowIndex=10 raw_queue=8 pending=8
[DROP-SUMMARY] capture_queue_full=233 processing_pending_full_events=95 processing_pending_full_unique=1 actual_drop_total=233 raw_hold_full=0 spool_write_fail=0 spool_capacity_full=103 spool_corrupt_or_unreadable=0 raw_queue_depth=8 raw_queue_high_water=8 pending_depth=8 pending_high_water=8 raw_hold_depth=0 raw_hold_high_water=1 storage_samples=105 storage_lock_wait_us=146570 storage_slot_lookup_us=3299 storage_open_us=0 storage_write_us=0 storage_flush_close_us=0 storage_rename_us=0 storage_total_us=1493065 storage_lock_wait_max_us=387795 storage_slot_lookup_max_us=23067 storage_open_max_us=127993 storage_write_max_us=49972 storage_flush_close_max_us=485397 storage_rename_max_us=328000 storage_total_max_us=2463322 storage_total_le_640ms=0 storage_total_641_to_1280ms=0 storage_total_gt_1280ms=105
[RAW-SPOOL-FULL] slot=512 total=2752512 used=2375680 free=376832 need=3133 windowIndex=10.
[PROCESSING-DIAG] pending_full held count=96 bootId=120f97ea7585553158a36232ba779059 windowIndex=10 raw_queue=8 pending=8
[DROP-SUMMARY] capture_queue_full=235 processing_pending_full_events=96 processing_pending_full_unique=1 actual_drop_total=235 raw_hold_full=0 spool_write_fail=0 spool_capacity_full=104 spool_corrupt_or_unreadable=0 raw_queue_depth=8 raw_queue_high_water=8 pending_depth=8 pending_high_water=8 raw_hold_depth=0 raw_hold_high_water=1 storage_samples=106 storage_lock_wait_us=63784 storage_slot_lookup_us=3161 storage_open_us=0 storage_write_us=0 storage_flush_close_us=0 storage_rename_us=0 storage_total_us=1416902 storage_lock_wait_max_us=387795 storage_slot_lookup_max_us=23067 storage_open_max_us=127993 storage_write_max_us=49972 storage_flush_close_max_us=485397 storage_rename_max_us=328000 storage_total_max_us=2463322 storage_total_le_640ms=0 storage_total_641_to_1280ms=0 storage_total_gt_1280ms=106
[DROP-SUMMARY] capture_queue_full=236 processing_pending_full_events=96 processing_pending_full_unique=1 actual_drop_total=236 raw_hold_full=0 spool_write_fail=0 spool_capacity_full=104 spool_corrupt_or_unreadable=0 raw_queue_depth=8 raw_queue_high_water=8 pending_depth=8 pending_high_water=8 raw_hold_depth=0 raw_hold_high_water=1 storage_samples=106 storage_lock_wait_us=63784 storage_slot_lookup_us=3161 storage_open_us=0 storage_write_us=0 storage_flush_close_us=0 storage_rename_us=0 storage_total_us=1416902 storage_lock_wait_max_us=387795 storage_slot_lookup_max_us=23067 storage_open_max_us=127993 storage_write_max_us=49972 storage_flush_close_max_us=485397 storage_rename_max_us=328000 storage_total_max_us=2463322 storage_total_le_640ms=0 storage_total_641_to_1280ms=0 storage_total_gt_1280ms=106
[RAW-SPOOL-FULL] slot=512 total=2752512 used=2375680 free=376832 need=3133 windowIndex=10.
[PROCESSING-DIAG] pending_full held count=97 bootId=120f97ea7585553158a36232ba779059 windowIndex=10 raw_queue=8 pending=8
[DROP-SUMMARY] capture_queue_full=238 processing_pending_full_events=97 processing_pending_full_unique=1 actual_drop_total=238 raw_hold_full=0 spool_write_fail=0 spool_capacity_full=105 spool_corrupt_or_unreadable=0 raw_queue_depth=8 raw_queue_high_water=8 pending_depth=8 pending_high_water=8 raw_hold_depth=0 raw_hold_high_water=1 storage_samples=107 storage_lock_wait_us=85013 storage_slot_lookup_us=2811 storage_open_us=0 storage_write_us=0 storage_flush_close_us=0 storage_rename_us=0 storage_total_us=1432782 storage_lock_wait_max_us=387795 storage_slot_lookup_max_us=23067 storage_open_max_us=127993 storage_write_max_us=49972 storage_flush_close_max_us=485397 storage_rename_max_us=328000 storage_total_max_us=2463322 storage_total_le_640ms=0 storage_total_641_to_1280ms=0 storage_total_gt_1280ms=107
[RAW-SPOOL-FULL] slot=512 total=2752512 used=2375680 free=376832 need=3133 windowIndex=10.
[PROCESSING-DIAG] pending_full held count=98 bootId=120f97ea7585553158a36232ba779059 windowIndex=10 raw_queue=8 pending=8
[DROP-SUMMARY] capture_queue_full=239 processing_pending_full_events=98 processing_pending_full_unique=1 actual_drop_total=239 raw_hold_full=0 spool_write_fail=0 spool_capacity_full=106 spool_corrupt_or_unreadable=0 raw_queue_depth=8 raw_queue_high_water=8 pending_depth=8 pending_high_water=8 raw_hold_depth=0 raw_hold_high_water=1 storage_samples=108 storage_lock_wait_us=84917 storage_slot_lookup_us=3311 storage_open_us=0 storage_write_us=0 storage_flush_close_us=0 storage_rename_us=0 storage_total_us=1435659 storage_lock_wait_max_us=387795 storage_slot_lookup_max_us=23067 storage_open_max_us=127993 storage_write_max_us=49972 storage_flush_close_max_us=485397 storage_rename_max_us=328000 storage_total_max_us=2463322 storage_total_le_640ms=0 storage_total_641_to_1280ms=0 storage_total_gt_1280ms=108
[DROP-SUMMARY] capture_queue_full=241 processing_pending_full_events=98 processing_pending_full_unique=1 actual_drop_total=241 raw_hold_full=0 spool_write_fail=0 spool_capacity_full=106 spool_corrupt_or_unreadable=0 raw_queue_depth=8 raw_queue_high_water=8 pending_depth=8 pending_high_water=8 raw_hold_depth=0 raw_hold_high_water=1 storage_samples=108 storage_lock_wait_us=84917 storage_slot_lookup_us=3311 storage_open_us=0 storage_write_us=0 storage_flush_close_us=0 storage_rename_us=0 storage_total_us=1435659 storage_lock_wait_max_us=387795 storage_slot_lookup_max_us=23067 storage_open_max_us=127993 storage_write_max_us=49972 storage_flush_close_max_us=485397 storage_rename_max_us=328000 storage_total_max_us=2463322 storage_total_le_640ms=0 storage_total_641_to_1280ms=0 storage_total_gt_1280ms=108
[RAW-SPOOL-FULL] slot=512 total=2752512 used=2375680 free=376832 need=3133 windowIndex=10.
[PROCESSING-DIAG] pending_full held count=99 bootId=120f97ea7585553158a36232ba779059 windowIndex=10 raw_queue=8 pending=8
[DROP-SUMMARY] capture_queue_full=242 processing_pending_full_events=99 processing_pending_full_unique=1 actual_drop_total=242 raw_hold_full=0 spool_write_fail=0 spool_capacity_full=107 spool_corrupt_or_unreadable=0 raw_queue_depth=8 raw_queue_high_water=8 pending_depth=8 pending_high_water=8 raw_hold_depth=0 raw_hold_high_water=1 storage_samples=109 storage_lock_wait_us=82477 storage_slot_lookup_us=3256 storage_open_us=0 storage_write_us=0 storage_flush_close_us=0 storage_rename_us=0 storage_total_us=1432575 storage_lock_wait_max_us=387795 storage_slot_lookup_max_us=23067 storage_open_max_us=127993 storage_write_max_us=49972 storage_flush_close_max_us=485397 storage_rename_max_us=328000 storage_total_max_us=2463322 storage_total_le_640ms=0 storage_total_641_to_1280ms=0 storage_total_gt_1280ms=109
[DROP-SUMMARY] capture_queue_full=244 processing_pending_full_events=99 processing_pending_full_unique=1 actual_drop_total=244 raw_hold_full=0 spool_write_fail=0 spool_capacity_full=107 spool_corrupt_or_unreadable=0 raw_queue_depth=8 raw_queue_high_water=8 pending_depth=8 pending_high_water=8 raw_hold_depth=0 raw_hold_high_water=1 storage_samples=109 storage_lock_wait_us=82477 storage_slot_lookup_us=3256 storage_open_us=0 storage_write_us=0 storage_flush_close_us=0 storage_rename_us=0 storage_total_us=1432575 storage_lock_wait_max_us=387795 storage_slot_lookup_max_us=23067 storage_open_max_us=127993 storage_write_max_us=49972 storage_flush_close_max_us=485397 storage_rename_max_us=328000 storage_total_max_us=2463322 storage_total_le_640ms=0 storage_total_641_to_1280ms=0 storage_total_gt_1280ms=109
[RAW-SPOOL-FULL] slot=512 total=2752512 used=2375680 free=376832 need=3133 windowIndex=10.
[PROCESSING-DIAG] pending_full held count=100 bootId=120f97ea7585553158a36232ba779059 windowIndex=10 raw_queue=8 pending=8
[RAW-DEBUG] samples=512 quality=valid X[min=-262 max=-219 mean=-237.0 rms=237.0] Y[min=48 max=80 mean=64.4 rms=64.5] Z[min=-73 max=-5 mean=-48.3 rms=48.8]
[DROP-SUMMARY] capture_queue_full=245 processing_pending_full_events=100 processing_pending_full_unique=1 actual_drop_total=245 raw_hold_full=0 spool_write_fail=0 spool_capacity_full=108 spool_corrupt_or_unreadable=0 raw_queue_depth=8 raw_queue_high_water=8 pending_depth=8 pending_high_water=8 raw_hold_depth=0 raw_hold_high_water=1 storage_samples=110 storage_lock_wait_us=369847 storage_slot_lookup_us=3205 storage_open_us=0 storage_write_us=0 storage_flush_close_us=0 storage_rename_us=0 storage_total_us=1715624 storage_lock_wait_max_us=387795 storage_slot_lookup_max_us=23067 storage_open_max_us=127993 storage_write_max_us=49972 storage_flush_close_max_us=485397 storage_rename_max_us=328000 storage_total_max_us=2463322 storage_total_le_640ms=0 storage_total_641_to_1280ms=0 storage_total_gt_1280ms=110
[RAW-SPOOL-FULL] slot=512 total=2752512 used=2375680 free=376832 need=3133 windowIndex=10.
[PROCESSING-DIAG] pending_full held count=101 bootId=120f97ea7585553158a36232ba779059 windowIndex=10 raw_queue=8 pending=8
[DROP-SUMMARY] capture_queue_full=247 processing_pending_full_events=101 processing_pending_full_unique=1 actual_drop_total=247 raw_hold_full=0 spool_write_fail=0 spool_capacity_full=109 spool_corrupt_or_unreadable=0 raw_queue_depth=8 raw_queue_high_water=8 pending_depth=8 pending_high_water=8 raw_hold_depth=0 raw_hold_high_water=1 storage_samples=111 storage_lock_wait_us=82514 storage_slot_lookup_us=3321 storage_open_us=0 storage_write_us=0 storage_flush_close_us=0 storage_rename_us=0 storage_total_us=1435357 storage_lock_wait_max_us=387795 storage_slot_lookup_max_us=23067 storage_open_max_us=127993 storage_write_max_us=49972 storage_flush_close_max_us=485397 storage_rename_max_us=328000 storage_total_max_us=2463322 storage_total_le_640ms=0 storage_total_641_to_1280ms=0 storage_total_gt_1280ms=111
[DROP-SUMMARY] capture_queue_full=248 processing_pending_full_events=101 processing_pending_full_unique=1 actual_drop_total=248 raw_hold_full=0 spool_write_fail=0 spool_capacity_full=109 spool_corrupt_or_unreadable=0 raw_queue_depth=8 raw_queue_high_water=8 pending_depth=8 pending_high_water=8 raw_hold_depth=0 raw_hold_high_water=1 storage_samples=111 storage_lock_wait_us=82514 storage_slot_lookup_us=3321 storage_open_us=0 storage_write_us=0 storage_flush_close_us=0 storage_rename_us=0 storage_total_us=1435357 storage_lock_wait_max_us=387795 storage_slot_lookup_max_us=23067 storage_open_max_us=127993 storage_write_max_us=49972 storage_flush_close_max_us=485397 storage_rename_max_us=328000 storage_total_max_us=2463322 storage_total_le_640ms=0 storage_total_641_to_1280ms=0 storage_total_gt_1280ms=111
[RAW-SPOOL-FULL] slot=512 total=2752512 used=2375680 free=376832 need=3133 windowIndex=10.
[PROCESSING-DIAG] pending_full held count=102 bootId=120f97ea7585553158a36232ba779059 windowIndex=10 raw_queue=8 pending=8
[DROP-SUMMARY] capture_queue_full=250 processing_pending_full_events=102 processing_pending_full_unique=1 actual_drop_total=250 raw_hold_full=0 spool_write_fail=0 spool_capacity_full=110 spool_corrupt_or_unreadable=0 raw_queue_depth=8 raw_queue_high_water=8 pending_depth=8 pending_high_water=8 raw_hold_depth=0 raw_hold_high_water=1 storage_samples=112 storage_lock_wait_us=490 storage_slot_lookup_us=3136 storage_open_us=0 storage_write_us=0 storage_flush_close_us=0 storage_rename_us=0 storage_total_us=1348354 storage_lock_wait_max_us=387795 storage_slot_lookup_max_us=23067 storage_open_max_us=127993 storage_write_max_us=49972 storage_flush_close_max_us=485397 storage_rename_max_us=328000 storage_total_max_us=2463322 storage_total_le_640ms=0 storage_total_641_to_1280ms=0 storage_total_gt_1280ms=112
[RAW-SPOOL-FULL] slot=512 total=2752512 used=2375680 free=376832 need=3133 windowIndex=10.
[PROCESSING-DIAG] pending_full held count=103 bootId=120f97ea7585553158a36232ba779059 windowIndex=10 raw_queue=8 pending=8
[DROP-SUMMARY] capture_queue_full=251 processing_pending_full_events=103 processing_pending_full_unique=1 actual_drop_total=251 raw_hold_full=0 spool_write_fail=0 spool_capacity_full=111 spool_corrupt_or_unreadable=0 raw_queue_depth=8 raw_queue_high_water=8 pending_depth=8 pending_high_water=8 raw_hold_depth=0 raw_hold_high_water=1 storage_samples=113 storage_lock_wait_us=72493 storage_slot_lookup_us=3226 storage_open_us=0 storage_write_us=0 storage_flush_close_us=0 storage_rename_us=0 storage_total_us=1424077 storage_lock_wait_max_us=387795 storage_slot_lookup_max_us=23067 storage_open_max_us=127993 storage_write_max_us=49972 storage_flush_close_max_us=485397 storage_rename_max_us=328000 storage_total_max_us=2463322 storage_total_le_640ms=0 storage_total_641_to_1280ms=0 storage_total_gt_1280ms=113
[DROP-SUMMARY] capture_queue_full=253 processing_pending_full_events=103 processing_pending_full_unique=1 actual_drop_total=253 raw_hold_full=0 spool_write_fail=0 spool_capacity_full=111 spool_corrupt_or_unreadable=0 raw_queue_depth=8 raw_queue_high_water=8 pending_depth=8 pending_high_water=8 raw_hold_depth=0 raw_hold_high_water=1 storage_samples=113 storage_lock_wait_us=72493 storage_slot_lookup_us=3226 storage_open_us=0 storage_write_us=0 storage_flush_close_us=0 storage_rename_us=0 storage_total_us=1424077 storage_lock_wait_max_us=387795 storage_slot_lookup_max_us=23067 storage_open_max_us=127993 storage_write_max_us=49972 storage_flush_close_max_us=485397 storage_rename_max_us=328000 storage_total_max_us=2463322 storage_total_le_640ms=0 storage_total_641_to_1280ms=0 storage_total_gt_1280ms=113
[RAW-SPOOL-FULL] slot=512 total=2752512 used=2375680 free=376832 need=3133 windowIndex=10.
[PROCESSING-DIAG] pending_full held count=104 bootId=120f97ea7585553158a36232ba779059 windowIndex=10 raw_queue=8 pending=8
[DROP-SUMMARY] capture_queue_full=254 processing_pending_full_events=104 processing_pending_full_unique=1 actual_drop_total=254 raw_hold_full=0 spool_write_fail=0 spool_capacity_full=112 spool_corrupt_or_unreadable=0 raw_queue_depth=8 raw_queue_high_water=8 pending_depth=8 pending_high_water=8 raw_hold_depth=0 raw_hold_high_water=1 storage_samples=114 storage_lock_wait_us=184760 storage_slot_lookup_us=2786 storage_open_us=0 storage_write_us=0 storage_flush_close_us=0 storage_rename_us=0 storage_total_us=1534480 storage_lock_wait_max_us=387795 storage_slot_lookup_max_us=23067 storage_open_max_us=127993 storage_write_max_us=49972 storage_flush_close_max_us=485397 storage_rename_max_us=328000 storage_total_max_us=2463322 storage_total_le_640ms=0 storage_total_641_to_1280ms=0 storage_total_gt_1280ms=114
[RAW-SPOOL-FULL] slot=512 total=2752512 used=2375680 free=376832 need=3133 windowIndex=10.
[PROCESSING-DIAG] pending_full held count=105 bootId=120f97ea7585553158a36232ba779059 windowIndex=10 raw_queue=8 pending=8
[DROP-SUMMARY] capture_queue_full=256 processing_pending_full_events=105 processing_pending_full_unique=1 actual_drop_total=256 raw_hold_full=0 spool_write_fail=0 spool_capacity_full=113 spool_corrupt_or_unreadable=0 raw_queue_depth=8 raw_queue_high_water=8 pending_depth=8 pending_high_water=8 raw_hold_depth=0 raw_hold_high_water=1 storage_samples=115 storage_lock_wait_us=74797 storage_slot_lookup_us=3124 storage_open_us=0 storage_write_us=0 storage_flush_close_us=0 storage_rename_us=0 storage_total_us=1425210 storage_lock_wait_max_us=387795 storage_slot_lookup_max_us=23067 storage_open_max_us=127993 storage_write_max_us=49972 storage_flush_close_max_us=485397 storage_rename_max_us=328000 storage_total_max_us=2463322 storage_total_le_640ms=0 storage_total_641_to_1280ms=0 storage_total_gt_1280ms=115
[DROP-SUMMARY] capture_queue_full=257 processing_pending_full_events=105 processing_pending_full_unique=1 actual_drop_total=257 raw_hold_full=0 spool_write_fail=0 spool_capacity_full=113 spool_corrupt_or_unreadable=0 raw_queue_depth=8 raw_queue_high_water=8 pending_depth=8 pending_high_water=8 raw_hold_depth=0 raw_hold_high_water=1 storage_samples=115 storage_lock_wait_us=74797 storage_slot_lookup_us=3124 storage_open_us=0 storage_write_us=0 storage_flush_close_us=0 storage_rename_us=0 storage_total_us=1425210 storage_lock_wait_max_us=387795 storage_slot_lookup_max_us=23067 storage_open_max_us=127993 storage_write_max_us=49972 storage_flush_close_max_us=485397 storage_rename_max_us=328000 storage_total_max_us=2463322 storage_total_le_640ms=0 storage_total_641_to_1280ms=0 storage_total_gt_1280ms=115
[RAW-SPOOL-FULL] slot=512 total=2752512 used=2375680 free=376832 need=3133 windowIndex=10.
[PROCESSING-DIAG] pending_full held count=106 bootId=120f97ea7585553158a36232ba779059 windowIndex=10 raw_queue=8 pending=8
[DROP-SUMMARY] capture_queue_full=259 processing_pending_full_events=106 processing_pending_full_unique=1 actual_drop_total=259 raw_hold_full=0 spool_write_fail=0 spool_capacity_full=114 spool_corrupt_or_unreadable=0 raw_queue_depth=8 raw_queue_high_water=8 pending_depth=8 pending_high_water=8 raw_hold_depth=0 raw_hold_high_water=1 storage_samples=116 storage_lock_wait_us=72132 storage_slot_lookup_us=3218 storage_open_us=0 storage_write_us=0 storage_flush_close_us=0 storage_rename_us=0 storage_total_us=1422574 storage_lock_wait_max_us=387795 storage_slot_lookup_max_us=23067 storage_open_max_us=127993 storage_write_max_us=49972 storage_flush_close_max_us=485397 storage_rename_max_us=328000 storage_total_max_us=2463322 storage_total_le_640ms=0 storage_total_641_to_1280ms=0 storage_total_gt_1280ms=116
[DROP-SUMMARY] capture_queue_full=260 processing_pending_full_events=106 processing_pending_full_unique=1 actual_drop_total=260 raw_hold_full=0 spool_write_fail=0 spool_capacity_full=114 spool_corrupt_or_unreadable=0 raw_queue_depth=8 raw_queue_high_water=8 pending_depth=8 pending_high_water=8 raw_hold_depth=0 raw_hold_high_water=1 storage_samples=116 storage_lock_wait_us=72132 storage_slot_lookup_us=3218 storage_open_us=0 storage_write_us=0 storage_flush_close_us=0 storage_rename_us=0 storage_total_us=1422574 storage_lock_wait_max_us=387795 storage_slot_lookup_max_us=23067 storage_open_max_us=127993 storage_write_max_us=49972 storage_flush_close_max_us=485397 storage_rename_max_us=328000 storage_total_max_us=2463322 storage_total_le_640ms=0 storage_total_641_to_1280ms=0 storage_total_gt_1280ms=116
[RAW-SPOOL-FULL] slot=512 total=2752512 used=2375680 free=376832 need=3133 windowIndex=10.
[PROCESSING-DIAG] pending_full held count=107 bootId=120f97ea7585553158a36232ba779059 windowIndex=10 raw_queue=8 pending=8
[DROP-SUMMARY] capture_queue_full=262 processing_pending_full_events=107 processing_pending_full_unique=1 actual_drop_total=262 raw_hold_full=0 spool_write_fail=0 spool_capacity_full=115 spool_corrupt_or_unreadable=0 raw_queue_depth=8 raw_queue_high_water=8 pending_depth=8 pending_high_water=8 raw_hold_depth=0 raw_hold_high_water=1 storage_samples=117 storage_lock_wait_us=161322 storage_slot_lookup_us=3149 storage_open_us=0 storage_write_us=0 storage_flush_close_us=0 storage_rename_us=0 storage_total_us=1507637 storage_lock_wait_max_us=387795 storage_slot_lookup_max_us=23067 storage_open_max_us=127993 storage_write_max_us=49972 storage_flush_close_max_us=485397 storage_rename_max_us=328000 storage_total_max_us=2463322 storage_total_le_640ms=0 storage_total_641_to_1280ms=0 storage_total_gt_1280ms=117
[RAW-SPOOL-FULL] slot=512 total=2752512 used=2375680 free=376832 need=3133 windowIndex=10.
[PROCESSING-DIAG] pending_full held count=108 bootId=120f97ea7585553158a36232ba779059 windowIndex=10 raw_queue=8 pending=8
[DROP-SUMMARY] capture_queue_full=263 processing_pending_full_events=108 processing_pending_full_unique=1 actual_drop_total=263 raw_hold_full=0 spool_write_fail=0 spool_capacity_full=116 spool_corrupt_or_unreadable=0 raw_queue_depth=8 raw_queue_high_water=8 pending_depth=8 pending_high_water=8 raw_hold_depth=0 raw_hold_high_water=1 storage_samples=118 storage_lock_wait_us=78998 storage_slot_lookup_us=3148 storage_open_us=0 storage_write_us=0 storage_flush_close_us=0 storage_rename_us=0 storage_total_us=1430010 storage_lock_wait_max_us=387795 storage_slot_lookup_max_us=23067 storage_open_max_us=127993 storage_write_max_us=49972 storage_flush_close_max_us=485397 storage_rename_max_us=328000 storage_total_max_us=2463322 storage_total_le_640ms=0 storage_total_641_to_1280ms=0 storage_total_gt_1280ms=118
[DROP-SUMMARY] capture_queue_full=264 processing_pending_full_events=108 processing_pending_full_unique=1 actual_drop_total=264 raw_hold_full=0 spool_write_fail=0 spool_capacity_full=116 spool_corrupt_or_unreadable=0 raw_queue_depth=8 raw_queue_high_water=8 pending_depth=8 pending_high_water=8 raw_hold_depth=0 raw_hold_high_water=1 storage_samples=118 storage_lock_wait_us=78998 storage_slot_lookup_us=3148 storage_open_us=0 storage_write_us=0 storage_flush_close_us=0 storage_rename_us=0 storage_total_us=1430010 storage_lock_wait_max_us=387795 storage_slot_lookup_max_us=23067 storage_open_max_us=127993 storage_write_max_us=49972 storage_flush_close_max_us=485397 storage_rename_max_us=328000 storage_total_max_us=2463322 storage_total_le_640ms=0 storage_total_641_to_1280ms=0 storage_total_gt_1280ms=118
[RAW-SPOOL-FULL] slot=512 total=2752512 used=2375680 free=376832 need=3133 windowIndex=10.
[PROCESSING-DIAG] pending_full held count=109 bootId=120f97ea7585553158a36232ba779059 windowIndex=10 raw_queue=8 pending=8
[DROP-SUMMARY] capture_queue_full=266 processing_pending_full_events=109 processing_pending_full_unique=1 actual_drop_total=266 raw_hold_full=0 spool_write_fail=0 spool_capacity_full=117 spool_corrupt_or_unreadable=0 raw_queue_depth=8 raw_queue_high_water=8 pending_depth=8 pending_high_water=8 raw_hold_depth=0 raw_hold_high_water=1 storage_samples=119 storage_lock_wait_us=72928 storage_slot_lookup_us=3152 storage_open_us=0 storage_write_us=0 storage_flush_close_us=0 storage_rename_us=0 storage_total_us=1419232 storage_lock_wait_max_us=387795 storage_slot_lookup_max_us=23067 storage_open_max_us=127993 storage_write_max_us=49972 storage_flush_close_max_us=485397 storage_rename_max_us=328000 storage_total_max_us=2463322 storage_total_le_640ms=0 storage_total_641_to_1280ms=0 storage_total_gt_1280ms=119
[RAW-SPOOL-FULL] slot=512 total=2752512 used=2375680 free=376832 need=3133 windowIndex=10.
[PROCESSING-DIAG] pending_full held count=110 bootId=120f97ea7585553158a36232ba779059 windowIndex=10 raw_queue=8 pending=8
[RAW-DEBUG] samples=512 quality=valid X[min=-262 max=-219 mean=-237.0 rms=237.0] Y[min=48 max=80 mean=64.4 rms=64.5] Z[min=-73 max=-5 mean=-48.3 rms=48.8]
[DROP-SUMMARY] capture_queue_full=267 processing_pending_full_events=110 processing_pending_full_unique=1 actual_drop_total=267 raw_hold_full=0 spool_write_fail=0 spool_capacity_full=118 spool_corrupt_or_unreadable=0 raw_queue_depth=8 raw_queue_high_water=8 pending_depth=8 pending_high_water=8 raw_hold_depth=0 raw_hold_high_water=1 storage_samples=120 storage_lock_wait_us=74259 storage_slot_lookup_us=3189 storage_open_us=0 storage_write_us=0 storage_flush_close_us=0 storage_rename_us=0 storage_total_us=1425191 storage_lock_wait_max_us=387795 storage_slot_lookup_max_us=23067 storage_open_max_us=127993 storage_write_max_us=49972 storage_flush_close_max_us=485397 storage_rename_max_us=328000 storage_total_max_us=2463322 storage_total_le_640ms=0 storage_total_641_to_1280ms=0 storage_total_gt_1280ms=120
[DROP-SUMMARY] capture_queue_full=269 processing_pending_full_events=110 processing_pending_full_unique=1 actual_drop_total=269 raw_hold_full=0 spool_write_fail=0 spool_capacity_full=118 spool_corrupt_or_unreadable=0 raw_queue_depth=8 raw_queue_high_water=8 pending_depth=8 pending_high_water=8 raw_hold_depth=0 raw_hold_high_water=1 storage_samples=120 storage_lock_wait_us=74259 storage_slot_lookup_us=3189 storage_open_us=0 storage_write_us=0 storage_flush_close_us=0 storage_rename_us=0 storage_total_us=1425191 storage_lock_wait_max_us=387795 storage_slot_lookup_max_us=23067 storage_open_max_us=127993 storage_write_max_us=49972 storage_flush_close_max_us=485397 storage_rename_max_us=328000 storage_total_max_us=2463322 storage_total_le_640ms=0 storage_total_641_to_1280ms=0 storage_total_gt_1280ms=120
[RAW-SPOOL-FULL] slot=512 total=2752512 used=2375680 free=376832 need=3133 windowIndex=10.
[PROCESSING-DIAG] pending_full held count=111 bootId=120f97ea7585553158a36232ba779059 windowIndex=10 raw_queue=8 pending=8
[DROP-SUMMARY] capture_queue_full=270 processing_pending_full_events=111 processing_pending_full_unique=1 actual_drop_total=270 raw_hold_full=0 spool_write_fail=0 spool_capacity_full=119 spool_corrupt_or_unreadable=0 raw_queue_depth=8 raw_queue_high_water=8 pending_depth=8 pending_high_water=8 raw_hold_depth=0 raw_hold_high_water=1 storage_samples=121 storage_lock_wait_us=69111 storage_slot_lookup_us=3195 storage_open_us=0 storage_write_us=0 storage_flush_close_us=0 storage_rename_us=0 storage_total_us=1415414 storage_lock_wait_max_us=387795 storage_slot_lookup_max_us=23067 storage_open_max_us=127993 storage_write_max_us=49972 storage_flush_close_max_us=485397 storage_rename_max_us=328000 storage_total_max_us=2463322 storage_total_le_640ms=0 storage_total_641_to_1280ms=0 storage_total_gt_1280ms=121
[RAW-SPOOL-FULL] slot=512 total=2752512 used=2375680 free=376832 need=3133 windowIndex=10.
[PROCESSING-DIAG] pending_full held count=112 bootId=120f97ea7585553158a36232ba779059 windowIndex=10 raw_queue=8 pending=8
[DROP-SUMMARY] capture_queue_full=272 processing_pending_full_events=112 processing_pending_full_unique=1 actual_drop_total=272 raw_hold_full=0 spool_write_fail=0 spool_capacity_full=120 spool_corrupt_or_unreadable=0 raw_queue_depth=8 raw_queue_high_water=8 pending_depth=8 pending_high_water=8 raw_hold_depth=0 raw_hold_high_water=1 storage_samples=122 storage_lock_wait_us=163620 storage_slot_lookup_us=3306 storage_open_us=0 storage_write_us=0 storage_flush_close_us=0 storage_rename_us=0 storage_total_us=1514476 storage_lock_wait_max_us=387795 storage_slot_lookup_max_us=23067 storage_open_max_us=127993 storage_write_max_us=49972 storage_flush_close_max_us=485397 storage_rename_max_us=328000 storage_total_max_us=2463322 storage_total_le_640ms=0 storage_total_641_to_1280ms=0 storage_total_gt_1280ms=122
[DROP-SUMMARY] capture_queue_full=273 processing_pending_full_events=112 processing_pending_full_unique=1 actual_drop_total=273 raw_hold_full=0 spool_write_fail=0 spool_capacity_full=120 spool_corrupt_or_unreadable=0 raw_queue_depth=8 raw_queue_high_water=8 pending_depth=8 pending_high_water=8 raw_hold_depth=0 raw_hold_high_water=1 storage_samples=122 storage_lock_wait_us=163620 storage_slot_lookup_us=3306 storage_open_us=0 storage_write_us=0 storage_flush_close_us=0 storage_rename_us=0 storage_total_us=1514476 storage_lock_wait_max_us=387795 storage_slot_lookup_max_us=23067 storage_open_max_us=127993 storage_write_max_us=49972 storage_flush_close_max_us=485397 storage_rename_max_us=328000 storage_total_max_us=2463322 storage_total_le_640ms=0 storage_total_641_to_1280ms=0 storage_total_gt_1280ms=122
[RAW-SPOOL-FULL] slot=512 total=2752512 used=2375680 free=376832 need=3133 windowIndex=10.
[PROCESSING-DIAG] pending_full held count=113 bootId=120f97ea7585553158a36232ba779059 windowIndex=10 raw_queue=8 pending=8
[DROP-SUMMARY] capture_queue_full=275 processing_pending_full_events=113 processing_pending_full_unique=1 actual_drop_total=275 raw_hold_full=0 spool_write_fail=0 spool_capacity_full=121 spool_corrupt_or_unreadable=0 raw_queue_depth=8 raw_queue_high_water=8 pending_depth=8 pending_high_water=8 raw_hold_depth=0 raw_hold_high_water=1 storage_samples=123 storage_lock_wait_us=68736 storage_slot_lookup_us=3152 storage_open_us=0 storage_write_us=0 storage_flush_close_us=0 storage_rename_us=0 storage_total_us=1414630 storage_lock_wait_max_us=387795 storage_slot_lookup_max_us=23067 storage_open_max_us=127993 storage_write_max_us=49972 storage_flush_close_max_us=485397 storage_rename_max_us=328000 storage_total_max_us=2463322 storage_total_le_640ms=0 storage_total_641_to_1280ms=0 storage_total_gt_1280ms=123
[RAW-SPOOL-FULL] slot=512 total=2752512 used=2375680 free=376832 need=3133 windowIndex=10.
[PROCESSING-DIAG] pending_full held count=114 bootId=120f97ea7585553158a36232ba779059 windowIndex=10 raw_queue=8 pending=8
[DROP-SUMMARY] capture_queue_full=276 processing_pending_full_events=114 processing_pending_full_unique=1 actual_drop_total=276 raw_hold_full=0 spool_write_fail=0 spool_capacity_full=122 spool_corrupt_or_unreadable=0 raw_queue_depth=8 raw_queue_high_water=8 pending_depth=8 pending_high_water=8 raw_hold_depth=0 raw_hold_high_water=1 storage_samples=124 storage_lock_wait_us=68049 storage_slot_lookup_us=3154 storage_open_us=0 storage_write_us=0 storage_flush_close_us=0 storage_rename_us=0 storage_total_us=1418813 storage_lock_wait_max_us=387795 storage_slot_lookup_max_us=23067 storage_open_max_us=127993 storage_write_max_us=49972 storage_flush_close_max_us=485397 storage_rename_max_us=328000 storage_total_max_us=2463322 storage_total_le_640ms=0 storage_total_641_to_1280ms=0 storage_total_gt_1280ms=124
[DROP-SUMMARY] capture_queue_full=278 processing_pending_full_events=114 processing_pending_full_unique=1 actual_drop_total=278 raw_hold_full=0 spool_write_fail=0 spool_capacity_full=122 spool_corrupt_or_unreadable=0 raw_queue_depth=8 raw_queue_high_water=8 pending_depth=8 pending_high_water=8 raw_hold_depth=0 raw_hold_high_water=1 storage_samples=124 storage_lock_wait_us=68049 storage_slot_lookup_us=3154 storage_open_us=0 storage_write_us=0 storage_flush_close_us=0 storage_rename_us=0 storage_total_us=1418813 storage_lock_wait_max_us=387795 storage_slot_lookup_max_us=23067 storage_open_max_us=127993 storage_write_max_us=49972 storage_flush_close_max_us=485397 storage_rename_max_us=328000 storage_total_max_us=2463322 storage_total_le_640ms=0 storage_total_641_to_1280ms=0 storage_total_gt_1280ms=124
[RAW-SPOOL-FULL] slot=512 total=2752512 used=2375680 free=376832 need=3133 windowIndex=10.
[PROCESSING-DIAG] pending_full held count=115 bootId=120f97ea7585553158a36232ba779059 windowIndex=10 raw_queue=8 pending=8
[DROP-SUMMARY] capture_queue_full=279 processing_pending_full_events=115 processing_pending_full_unique=1 actual_drop_total=279 raw_hold_full=0 spool_write_fail=0 spool_capacity_full=123 spool_corrupt_or_unreadable=0 raw_queue_depth=8 raw_queue_high_water=8 pending_depth=8 pending_high_water=8 raw_hold_depth=0 raw_hold_high_water=1 storage_samples=125 storage_lock_wait_us=67834 storage_slot_lookup_us=3281 storage_open_us=0 storage_write_us=0 storage_flush_close_us=0 storage_rename_us=0 storage_total_us=1415325 storage_lock_wait_max_us=387795 storage_slot_lookup_max_us=23067 storage_open_max_us=127993 storage_write_max_us=49972 storage_flush_close_max_us=485397 storage_rename_max_us=328000 storage_total_max_us=2463322 storage_total_le_640ms=0 storage_total_641_to_1280ms=0 storage_total_gt_1280ms=125
[RAW-SPOOL-FULL] slot=512 total=2752512 used=2375680 free=376832 need=3133 windowIndex=10.
[PROCESSING-DIAG] pending_full held count=116 bootId=120f97ea7585553158a36232ba779059 windowIndex=10 raw_queue=8 pending=8
[DROP-SUMMARY] capture_queue_full=281 processing_pending_full_events=116 processing_pending_full_unique=1 actual_drop_total=281 raw_hold_full=0 spool_write_fail=0 spool_capacity_full=124 spool_corrupt_or_unreadable=0 raw_queue_depth=8 raw_queue_high_water=8 pending_depth=8 pending_high_water=8 raw_hold_depth=0 raw_hold_high_water=1 storage_samples=126 storage_lock_wait_us=70925 storage_slot_lookup_us=3437 storage_open_us=0 storage_write_us=0 storage_flush_close_us=0 storage_rename_us=0 storage_total_us=1421798 storage_lock_wait_max_us=387795 storage_slot_lookup_max_us=23067 storage_open_max_us=127993 storage_write_max_us=49972 storage_flush_close_max_us=485397 storage_rename_max_us=328000 storage_total_max_us=2463322 storage_total_le_640ms=0 storage_total_641_to_1280ms=0 storage_total_gt_1280ms=126
[DROP-SUMMARY] capture_queue_full=282 processing_pending_full_events=116 processing_pending_full_unique=1 actual_drop_total=282 raw_hold_full=0 spool_write_fail=0 spool_capacity_full=124 spool_corrupt_or_unreadable=0 raw_queue_depth=8 raw_queue_high_water=8 pending_depth=8 pending_high_water=8 raw_hold_depth=0 raw_hold_high_water=1 storage_samples=126 storage_lock_wait_us=70925 storage_slot_lookup_us=3437 storage_open_us=0 storage_write_us=0 storage_flush_close_us=0 storage_rename_us=0 storage_total_us=1421798 storage_lock_wait_max_us=387795 storage_slot_lookup_max_us=23067 storage_open_max_us=127993 storage_write_max_us=49972 storage_flush_close_max_us=485397 storage_rename_max_us=328000 storage_total_max_us=2463322 storage_total_le_640ms=0 storage_total_641_to_1280ms=0 storage_total_gt_1280ms=126
[RAW-SPOOL-FULL] slot=512 total=2752512 used=2375680 free=376832 need=3133 windowIndex=10.
[PROCESSING-DIAG] pending_full held count=117 bootId=120f97ea7585553158a36232ba779059 windowIndex=10 raw_queue=8 pending=8
[DROP-SUMMARY] capture_queue_full=284 processing_pending_full_events=117 processing_pending_full_unique=1 actual_drop_total=284 raw_hold_full=0 spool_write_fail=0 spool_capacity_full=125 spool_corrupt_or_unreadable=0 raw_queue_depth=8 raw_queue_high_water=8 pending_depth=8 pending_high_water=8 raw_hold_depth=0 raw_hold_high_water=1 storage_samples=127 storage_lock_wait_us=153478 storage_slot_lookup_us=3135 storage_open_us=0 storage_write_us=0 storage_flush_close_us=0 storage_rename_us=0 storage_total_us=1504778 storage_lock_wait_max_us=387795 storage_slot_lookup_max_us=23067 storage_open_max_us=127993 storage_write_max_us=49972 storage_flush_close_max_us=485397 storage_rename_max_us=328000 storage_total_max_us=2463322 storage_total_le_640ms=0 storage_total_641_to_1280ms=0 storage_total_gt_1280ms=127
[DROP-SUMMARY] capture_queue_full=285 processing_pending_full_events=117 processing_pending_full_unique=1 actual_drop_total=285 raw_hold_full=0 spool_write_fail=0 spool_capacity_full=125 spool_corrupt_or_unreadable=0 raw_queue_depth=8 raw_queue_high_water=8 pending_depth=8 pending_high_water=8 raw_hold_depth=0 raw_hold_high_water=1 storage_samples=127 storage_lock_wait_us=153478 storage_slot_lookup_us=3135 storage_open_us=0 storage_write_us=0 storage_flush_close_us=0 storage_rename_us=0 storage_total_us=1504778 storage_lock_wait_max_us=387795 storage_slot_lookup_max_us=23067 storage_open_max_us=127993 storage_write_max_us=49972 storage_flush_close_max_us=485397 storage_rename_max_us=328000 storage_total_max_us=2463322 storage_total_le_640ms=0 storage_total_641_to_1280ms=0 storage_total_gt_1280ms=127
[RAW-SPOOL-FULL] slot=512 total=2752512 used=2375680 free=376832 need=3133 windowIndex=10.
[PROCESSING-DIAG] pending_full held count=118 bootId=120f97ea7585553158a36232ba779059 windowIndex=10 raw_queue=8 pending=8
[DROP-SUMMARY] capture_queue_full=287 processing_pending_full_events=118 processing_pending_full_unique=1 actual_drop_total=287 raw_hold_full=0 spool_write_fail=0 spool_capacity_full=126 spool_corrupt_or_unreadable=0 raw_queue_depth=8 raw_queue_high_water=8 pending_depth=8 pending_high_water=8 raw_hold_depth=0 raw_hold_high_water=1 storage_samples=128 storage_lock_wait_us=148705 storage_slot_lookup_us=3284 storage_open_us=0 storage_write_us=0 storage_flush_close_us=0 storage_rename_us=0 storage_total_us=1497309 storage_lock_wait_max_us=387795 storage_slot_lookup_max_us=23067 storage_open_max_us=127993 storage_write_max_us=49972 storage_flush_close_max_us=485397 storage_rename_max_us=328000 storage_total_max_us=2463322 storage_total_le_640ms=0 storage_total_641_to_1280ms=0 storage_total_gt_1280ms=128
[RAW-SPOOL-FULL] slot=512 total=2752512 used=2375680 free=376832 need=3133 windowIndex=10.
[PROCESSING-DIAG] pending_full held count=119 bootId=120f97ea7585553158a36232ba779059 windowIndex=10 raw_queue=8 pending=8
[DROP-SUMMARY] capture_queue_full=288 processing_pending_full_events=119 processing_pending_full_unique=1 actual_drop_total=288 raw_hold_full=0 spool_write_fail=0 spool_capacity_full=127 spool_corrupt_or_unreadable=0 raw_queue_depth=8 raw_queue_high_water=8 pending_depth=8 pending_high_water=8 raw_hold_depth=0 raw_hold_high_water=1 storage_samples=129 storage_lock_wait_us=64009 storage_slot_lookup_us=3220 storage_open_us=0 storage_write_us=0 storage_flush_close_us=0 storage_rename_us=0 storage_total_us=1413623 storage_lock_wait_max_us=387795 storage_slot_lookup_max_us=23067 storage_open_max_us=127993 storage_write_max_us=49972 storage_flush_close_max_us=485397 storage_rename_max_us=328000 storage_total_max_us=2463322 storage_total_le_640ms=0 storage_total_641_to_1280ms=0 storage_total_gt_1280ms=129
[DROP-SUMMARY] capture_queue_full=290 processing_pending_full_events=119 processing_pending_full_unique=1 actual_drop_total=290 raw_hold_full=0 spool_write_fail=0 spool_capacity_full=127 spool_corrupt_or_unreadable=0 raw_queue_depth=8 raw_queue_high_water=8 pending_depth=8 pending_high_water=8 raw_hold_depth=0 raw_hold_high_water=1 storage_samples=129 storage_lock_wait_us=64009 storage_slot_lookup_us=3220 storage_open_us=0 storage_write_us=0 storage_flush_close_us=0 storage_rename_us=0 storage_total_us=1413623 storage_lock_wait_max_us=387795 storage_slot_lookup_max_us=23067 storage_open_max_us=127993 storage_write_max_us=49972 storage_flush_close_max_us=485397 storage_rename_max_us=328000 storage_total_max_us=2463322 storage_total_le_640ms=0 storage_total_641_to_1280ms=0 storage_total_gt_1280ms=129
[RAW-SPOOL-FULL] slot=512 total=2752512 used=2375680 free=376832 need=3133 windowIndex=10.
[PROCESSING-DIAG] pending_full held count=120 bootId=120f97ea7585553158a36232ba779059 windowIndex=10 raw_queue=8 pending=8
[RAW-DEBUG] samples=512 quality=valid X[min=-262 max=-219 mean=-237.0 rms=237.0] Y[min=48 max=80 mean=64.4 rms=64.5] Z[min=-73 max=-5 mean=-48.3 rms=48.8]
[DROP-SUMMARY] capture_queue_full=291 processing_pending_full_events=120 processing_pending_full_unique=1 actual_drop_total=291 raw_hold_full=0 spool_write_fail=0 spool_capacity_full=128 spool_corrupt_or_unreadable=0 raw_queue_depth=8 raw_queue_high_water=8 pending_depth=8 pending_high_water=8 raw_hold_depth=0 raw_hold_high_water=1 storage_samples=130 storage_lock_wait_us=299357 storage_slot_lookup_us=3145 storage_open_us=0 storage_write_us=0 storage_flush_close_us=0 storage_rename_us=0 storage_total_us=1645579 storage_lock_wait_max_us=387795 storage_slot_lookup_max_us=23067 storage_open_max_us=127993 storage_write_max_us=49972 storage_flush_close_max_us=485397 storage_rename_max_us=328000 storage_total_max_us=2463322 storage_total_le_640ms=0 storage_total_641_to_1280ms=0 storage_total_gt_1280ms=130
[RAW-SPOOL-FULL] slot=512 total=2752512 used=2375680 free=376832 need=3133 windowIndex=10.
[PROCESSING-DIAG] pending_full held count=121 bootId=120f97ea7585553158a36232ba779059 windowIndex=10 raw_queue=8 pending=8
[DROP-SUMMARY] capture_queue_full=293 processing_pending_full_events=121 processing_pending_full_unique=1 actual_drop_total=293 raw_hold_full=0 spool_write_fail=0 spool_capacity_full=129 spool_corrupt_or_unreadable=0 raw_queue_depth=8 raw_queue_high_water=8 pending_depth=8 pending_high_water=8 raw_hold_depth=0 raw_hold_high_water=1 storage_samples=131 storage_lock_wait_us=81116 storage_slot_lookup_us=3296 storage_open_us=0 storage_write_us=0 storage_flush_close_us=0 storage_rename_us=0 storage_total_us=1431798 storage_lock_wait_max_us=387795 storage_slot_lookup_max_us=23067 storage_open_max_us=127993 storage_write_max_us=49972 storage_flush_close_max_us=485397 storage_rename_max_us=328000 storage_total_max_us=2463322 storage_total_le_640ms=0 storage_total_641_to_1280ms=0 storage_total_gt_1280ms=131
[DROP-SUMMARY] capture_queue_full=294 processing_pending_full_events=121 processing_pending_full_unique=1 actual_drop_total=294 raw_hold_full=0 spool_write_fail=0 spool_capacity_full=129 spool_corrupt_or_unreadable=0 raw_queue_depth=8 raw_queue_high_water=8 pending_depth=8 pending_high_water=8 raw_hold_depth=0 raw_hold_high_water=1 storage_samples=131 storage_lock_wait_us=81116 storage_slot_lookup_us=3296 storage_open_us=0 storage_write_us=0 storage_flush_close_us=0 storage_rename_us=0 storage_total_us=1431798 storage_lock_wait_max_us=387795 storage_slot_lookup_max_us=23067 storage_open_max_us=127993 storage_write_max_us=49972 storage_flush_close_max_us=485397 storage_rename_max_us=328000 storage_total_max_us=2463322 storage_total_le_640ms=0 storage_total_641_to_1280ms=0 storage_total_gt_1280ms=131
[RAW-SPOOL-FULL] slot=512 total=2752512 used=2375680 free=376832 need=3133 windowIndex=10.
[PROCESSING-DIAG] pending_full held count=122 bootId=120f97ea7585553158a36232ba779059 windowIndex=10 raw_queue=8 pending=8
[DROP-SUMMARY] capture_queue_full=296 processing_pending_full_events=122 processing_pending_full_unique=1 actual_drop_total=296 raw_hold_full=0 spool_write_fail=0 spool_capacity_full=130 spool_corrupt_or_unreadable=0 raw_queue_depth=8 raw_queue_high_water=8 pending_depth=8 pending_high_water=8 raw_hold_depth=0 raw_hold_high_water=1 storage_samples=132 storage_lock_wait_us=84868 storage_slot_lookup_us=2802 storage_open_us=0 storage_write_us=0 storage_flush_close_us=0 storage_rename_us=0 storage_total_us=1436279 storage_lock_wait_max_us=387795 storage_slot_lookup_max_us=23067 storage_open_max_us=127993 storage_write_max_us=49972 storage_flush_close_max_us=485397 storage_rename_max_us=328000 storage_total_max_us=2463322 storage_total_le_640ms=0 storage_total_641_to_1280ms=0 storage_total_gt_1280ms=132
[RAW-SPOOL-FULL] slot=512 total=2752512 used=2375680 free=376832 need=3133 windowIndex=10.
[PROCESSING-DIAG] pending_full held count=123 bootId=120f97ea7585553158a36232ba779059 windowIndex=10 raw_queue=8 pending=8
[DROP-SUMMARY] capture_queue_full=297 processing_pending_full_events=123 processing_pending_full_unique=1 actual_drop_total=297 raw_hold_full=0 spool_write_fail=0 spool_capacity_full=131 spool_corrupt_or_unreadable=0 raw_queue_depth=8 raw_queue_high_water=8 pending_depth=8 pending_high_water=8 raw_hold_depth=0 raw_hold_high_water=1 storage_samples=133 storage_lock_wait_us=87069 storage_slot_lookup_us=3275 storage_open_us=0 storage_write_us=0 storage_flush_close_us=0 storage_rename_us=0 storage_total_us=1437826 storage_lock_wait_max_us=387795 storage_slot_lookup_max_us=23067 storage_open_max_us=127993 storage_write_max_us=49972 storage_flush_close_max_us=485397 storage_rename_max_us=328000 storage_total_max_us=2463322 storage_total_le_640ms=0 storage_total_641_to_1280ms=0 storage_total_gt_1280ms=133
[DROP-SUMMARY] capture_queue_full=299 processing_pending_full_events=123 processing_pending_full_unique=1 actual_drop_total=299 raw_hold_full=0 spool_write_fail=0 spool_capacity_full=131 spool_corrupt_or_unreadable=0 raw_queue_depth=8 raw_queue_high_water=8 pending_depth=8 pending_high_water=8 raw_hold_depth=0 raw_hold_high_water=1 storage_samples=133 storage_lock_wait_us=87069 storage_slot_lookup_us=3275 storage_open_us=0 storage_write_us=0 storage_flush_close_us=0 storage_rename_us=0 storage_total_us=1437826 storage_lock_wait_max_us=387795 storage_slot_lookup_max_us=23067 storage_open_max_us=127993 storage_write_max_us=49972 storage_flush_close_max_us=485397 storage_rename_max_us=328000 storage_total_max_us=2463322 storage_total_le_640ms=0 storage_total_641_to_1280ms=0 storage_total_gt_1280ms=133
[RAW-SPOOL-FULL] slot=512 total=2752512 used=2375680 free=376832 need=3133 windowIndex=10.
[PROCESSING-DIAG] pending_full held count=124 bootId=120f97ea7585553158a36232ba779059 windowIndex=10 raw_queue=8 pending=8
[DROP-SUMMARY] capture_queue_full=300 processing_pending_full_events=124 processing_pending_full_unique=1 actual_drop_total=300 raw_hold_full=0 spool_write_fail=0 spool_capacity_full=132 spool_corrupt_or_unreadable=0 raw_queue_depth=8 raw_queue_high_water=8 pending_depth=8 pending_high_water=8 raw_hold_depth=0 raw_hold_high_water=1 storage_samples=134 storage_lock_wait_us=184552 storage_slot_lookup_us=3310 storage_open_us=0 storage_write_us=0 storage_flush_close_us=0 storage_rename_us=0 storage_total_us=1536580 storage_lock_wait_max_us=387795 storage_slot_lookup_max_us=23067 storage_open_max_us=127993 storage_write_max_us=49972 storage_flush_close_max_us=485397 storage_rename_max_us=328000 storage_total_max_us=2463322 storage_total_le_640ms=0 storage_total_641_to_1280ms=0 storage_total_gt_1280ms=134
[DROP-SUMMARY] capture_queue_full=302 processing_pending_full_events=124 processing_pending_full_unique=1 actual_drop_total=302 raw_hold_full=0 spool_write_fail=0 spool_capacity_full=132 spool_corrupt_or_unreadable=0 raw_queue_depth=8 raw_queue_high_water=8 pending_depth=8 pending_high_water=8 raw_hold_depth=0 raw_hold_high_water=1 storage_samples=134 storage_lock_wait_us=184552 storage_slot_lookup_us=3310 storage_open_us=0 storage_write_us=0 storage_flush_close_us=0 storage_rename_us=0 storage_total_us=1536580 storage_lock_wait_max_us=387795 storage_slot_lookup_max_us=23067 storage_open_max_us=127993 storage_write_max_us=49972 storage_flush_close_max_us=485397 storage_rename_max_us=328000 storage_total_max_us=2463322 storage_total_le_640ms=0 storage_total_641_to_1280ms=0 storage_total_gt_1280ms=134
[RAW-SPOOL-FULL] slot=512 total=2752512 used=2375680 free=376832 need=3133 windowIndex=10.
[PROCESSING-DIAG] pending_full held count=125 bootId=120f97ea7585553158a36232ba779059 windowIndex=10 raw_queue=8 pending=8
[DROP-SUMMARY] capture_queue_full=303 processing_pending_full_events=125 processing_pending_full_unique=1 actual_drop_total=303 raw_hold_full=0 spool_write_fail=0 spool_capacity_full=133 spool_corrupt_or_unreadable=0 raw_queue_depth=8 raw_queue_high_water=8 pending_depth=8 pending_high_water=8 raw_hold_depth=0 raw_hold_high_water=1 storage_samples=135 storage_lock_wait_us=82511 storage_slot_lookup_us=3128 storage_open_us=0 storage_write_us=0 storage_flush_close_us=0 storage_rename_us=0 storage_total_us=1428256 storage_lock_wait_max_us=387795 storage_slot_lookup_max_us=23067 storage_open_max_us=127993 storage_write_max_us=49972 storage_flush_close_max_us=485397 storage_rename_max_us=328000 storage_total_max_us=2463322 storage_total_le_640ms=0 storage_total_641_to_1280ms=0 storage_total_gt_1280ms=135
[RAW-SPOOL-FULL] slot=512 total=2752512 used=2375680 free=376832 need=3133 windowIndex=10.
[PROCESSING-DIAG] pending_full held count=126 bootId=120f97ea7585553158a36232ba779059 windowIndex=10 raw_queue=8 pending=8
[DROP-SUMMARY] capture_queue_full=305 processing_pending_full_events=126 processing_pending_full_unique=1 actual_drop_total=305 raw_hold_full=0 spool_write_fail=0 spool_capacity_full=134 spool_corrupt_or_unreadable=0 raw_queue_depth=8 raw_queue_high_water=8 pending_depth=8 pending_high_water=8 raw_hold_depth=0 raw_hold_high_water=1 storage_samples=136 storage_lock_wait_us=80914 storage_slot_lookup_us=3231 storage_open_us=0 storage_write_us=0 storage_flush_close_us=0 storage_rename_us=0 storage_total_us=1430509 storage_lock_wait_max_us=387795 storage_slot_lookup_max_us=23067 storage_open_max_us=127993 storage_write_max_us=49972 storage_flush_close_max_us=485397 storage_rename_max_us=328000 storage_total_max_us=2463322 storage_total_le_640ms=0 storage_total_641_to_1280ms=0 storage_total_gt_1280ms=136
[DROP-SUMMARY] capture_queue_full=306 processing_pending_full_events=126 processing_pending_full_unique=1 actual_drop_total=306 raw_hold_full=0 spool_write_fail=0 spool_capacity_full=134 spool_corrupt_or_unreadable=0 raw_queue_depth=8 raw_queue_high_water=8 pending_depth=8 pending_high_water=8 raw_hold_depth=0 raw_hold_high_water=1 storage_samples=136 storage_lock_wait_us=80914 storage_slot_lookup_us=3231 storage_open_us=0 storage_write_us=0 storage_flush_close_us=0 storage_rename_us=0 storage_total_us=1430509 storage_lock_wait_max_us=387795 storage_slot_lookup_max_us=23067 storage_open_max_us=127993 storage_write_max_us=49972 storage_flush_close_max_us=485397 storage_rename_max_us=328000 storage_total_max_us=2463322 storage_total_le_640ms=0 storage_total_641_to_1280ms=0 storage_total_gt_1280ms=136
[RAW-SPOOL-FULL] slot=512 total=2752512 used=2375680 free=376832 need=3133 windowIndex=10.
[PROCESSING-DIAG] pending_full held count=127 bootId=120f97ea7585553158a36232ba779059 windowIndex=10 raw_queue=8 pending=8
[DROP-SUMMARY] capture_queue_full=308 processing_pending_full_events=127 processing_pending_full_unique=1 actual_drop_total=308 raw_hold_full=0 spool_write_fail=0 spool_capacity_full=135 spool_corrupt_or_unreadable=0 raw_queue_depth=8 raw_queue_high_water=8 pending_depth=8 pending_high_water=8 raw_hold_depth=0 raw_hold_high_water=1 storage_samples=137 storage_lock_wait_us=80321 storage_slot_lookup_us=3198 storage_open_us=0 storage_write_us=0 storage_flush_close_us=0 storage_rename_us=0 storage_total_us=1425364 storage_lock_wait_max_us=387795 storage_slot_lookup_max_us=23067 storage_open_max_us=127993 storage_write_max_us=49972 storage_flush_close_max_us=485397 storage_rename_max_us=328000 storage_total_max_us=2463322 storage_total_le_640ms=0 storage_total_641_to_1280ms=0 storage_total_gt_1280ms=137
[RAW-SPOOL-FULL] slot=512 total=2752512 used=2375680 free=376832 need=3133 windowIndex=10.
[PROCESSING-DIAG] pending_full held count=128 bootId=120f97ea7585553158a36232ba779059 windowIndex=10 raw_queue=8 pending=8
[DROP-SUMMARY] capture_queue_full=309 processing_pending_full_events=128 processing_pending_full_unique=1 actual_drop_total=309 raw_hold_full=0 spool_write_fail=0 spool_capacity_full=136 spool_corrupt_or_unreadable=0 raw_queue_depth=8 raw_queue_high_water=8 pending_depth=8 pending_high_water=8 raw_hold_depth=0 raw_hold_high_water=1 storage_samples=138 storage_lock_wait_us=80775 storage_slot_lookup_us=3184 storage_open_us=0 storage_write_us=0 storage_flush_close_us=0 storage_rename_us=0 storage_total_us=1432128 storage_lock_wait_max_us=387795 storage_slot_lookup_max_us=23067 storage_open_max_us=127993 storage_write_max_us=49972 storage_flush_close_max_us=485397 storage_rename_max_us=328000 storage_total_max_us=2463322 storage_total_le_640ms=0 storage_total_641_to_1280ms=0 storage_total_gt_1280ms=138
[DROP-SUMMARY] capture_queue_full=311 processing_pending_full_events=128 processing_pending_full_unique=1 actual_drop_total=311 raw_hold_full=0 spool_write_fail=0 spool_capacity_full=136 spool_corrupt_or_unreadable=0 raw_queue_depth=8 raw_queue_high_water=8 pending_depth=8 pending_high_water=8 raw_hold_depth=0 raw_hold_high_water=1 storage_samples=138 storage_lock_wait_us=80775 storage_slot_lookup_us=3184 storage_open_us=0 storage_write_us=0 storage_flush_close_us=0 storage_rename_us=0 storage_total_us=1432128 storage_lock_wait_max_us=387795 storage_slot_lookup_max_us=23067 storage_open_max_us=127993 storage_write_max_us=49972 storage_flush_close_max_us=485397 storage_rename_max_us=328000 storage_total_max_us=2463322 storage_total_le_640ms=0 storage_total_641_to_1280ms=0 storage_total_gt_1280ms=138
[RAW-SPOOL-FULL] slot=512 total=2752512 used=2375680 free=376832 need=3133 windowIndex=10.
[PROCESSING-DIAG] pending_full held count=129 bootId=120f97ea7585553158a36232ba779059 windowIndex=10 raw_queue=8 pending=8
[DROP-SUMMARY] capture_queue_full=312 processing_pending_full_events=129 processing_pending_full_unique=1 actual_drop_total=312 raw_hold_full=0 spool_write_fail=0 spool_capacity_full=137 spool_corrupt_or_unreadable=0 raw_queue_depth=8 raw_queue_high_water=8 pending_depth=8 pending_high_water=8 raw_hold_depth=0 raw_hold_high_water=1 storage_samples=139 storage_lock_wait_us=80193 storage_slot_lookup_us=3285 storage_open_us=0 storage_write_us=0 storage_flush_close_us=0 storage_rename_us=0 storage_total_us=1427031 storage_lock_wait_max_us=387795 storage_slot_lookup_max_us=23067 storage_open_max_us=127993 storage_write_max_us=49972 storage_flush_close_max_us=485397 storage_rename_max_us=328000 storage_total_max_us=2463322 storage_total_le_640ms=0 storage_total_641_to_1280ms=0 storage_total_gt_1280ms=139
[RAW-SPOOL-FULL] slot=512 total=2752512 used=2375680 free=376832 need=3133 windowIndex=10.
[PROCESSING-DIAG] pending_full held count=130 bootId=120f97ea7585553158a36232ba779059 windowIndex=10 raw_queue=8 pending=8
[RAW-DEBUG] samples=512 quality=valid X[min=-262 max=-219 mean=-237.0 rms=237.0] Y[min=48 max=80 mean=64.4 rms=64.5] Z[min=-73 max=-5 mean=-48.3 rms=48.8]
[DROP-SUMMARY] capture_queue_full=314 processing_pending_full_events=130 processing_pending_full_unique=1 actual_drop_total=314 raw_hold_full=0 spool_write_fail=0 spool_capacity_full=138 spool_corrupt_or_unreadable=0 raw_queue_depth=8 raw_queue_high_water=8 pending_depth=8 pending_high_water=8 raw_hold_depth=0 raw_hold_high_water=1 storage_samples=140 storage_lock_wait_us=83422 storage_slot_lookup_us=3273 storage_open_us=0 storage_write_us=0 storage_flush_close_us=0 storage_rename_us=0 storage_total_us=1434382 storage_lock_wait_max_us=387795 storage_slot_lookup_max_us=23067 storage_open_max_us=127993 storage_write_max_us=49972 storage_flush_close_max_us=485397 storage_rename_max_us=328000 storage_total_max_us=2463322 storage_total_le_640ms=0 storage_total_641_to_1280ms=0 storage_total_gt_1280ms=140
[DROP-SUMMARY] capture_queue_full=315 processing_pending_full_events=130 processing_pending_full_unique=1 actual_drop_total=315 raw_hold_full=0 spool_write_fail=0 spool_capacity_full=138 spool_corrupt_or_unreadable=0 raw_queue_depth=8 raw_queue_high_water=8 pending_depth=8 pending_high_water=8 raw_hold_depth=0 raw_hold_high_water=1 storage_samples=140 storage_lock_wait_us=83422 storage_slot_lookup_us=3273 storage_open_us=0 storage_write_us=0 storage_flush_close_us=0 storage_rename_us=0 storage_total_us=1434382 storage_lock_wait_max_us=387795 storage_slot_lookup_max_us=23067 storage_open_max_us=127993 storage_write_max_us=49972 storage_flush_close_max_us=485397 storage_rename_max_us=328000 storage_total_max_us=2463322 storage_total_le_640ms=0 storage_total_641_to_1280ms=0 storage_total_gt_1280ms=140
[RAW-SPOOL-FULL] slot=512 total=2752512 used=2375680 free=376832 need=3133 windowIndex=10.
[PROCESSING-DIAG] pending_full held count=131 bootId=120f97ea7585553158a36232ba779059 windowIndex=10 raw_queue=8 pending=8
[DROP-SUMMARY] capture_queue_full=317 processing_pending_full_events=131 processing_pending_full_unique=1 actual_drop_total=317 raw_hold_full=0 spool_write_fail=0 spool_capacity_full=139 spool_corrupt_or_unreadable=0 raw_queue_depth=8 raw_queue_high_water=8 pending_depth=8 pending_high_water=8 raw_hold_depth=0 raw_hold_high_water=1 storage_samples=141 storage_lock_wait_us=173935 storage_slot_lookup_us=2830 storage_open_us=0 storage_write_us=0 storage_flush_close_us=0 storage_rename_us=0 storage_total_us=1520777 storage_lock_wait_max_us=387795 storage_slot_lookup_max_us=23067 storage_open_max_us=127993 storage_write_max_us=49972 storage_flush_close_max_us=485397 storage_rename_max_us=328000 storage_total_max_us=2463322 storage_total_le_640ms=0 storage_total_641_to_1280ms=0 storage_total_gt_1280ms=141
[RAW-SPOOL-FULL] slot=512 total=2752512 used=2375680 free=376832 need=3133 windowIndex=10.
[PROCESSING-DIAG] pending_full held count=132 bootId=120f97ea7585553158a36232ba779059 windowIndex=10 raw_queue=8 pending=8
[DROP-SUMMARY] capture_queue_full=318 processing_pending_full_events=132 processing_pending_full_unique=1 actual_drop_total=318 raw_hold_full=0 spool_write_fail=0 spool_capacity_full=140 spool_corrupt_or_unreadable=0 raw_queue_depth=8 raw_queue_high_water=8 pending_depth=8 pending_high_water=8 raw_hold_depth=0 raw_hold_high_water=1 storage_samples=142 storage_lock_wait_us=79082 storage_slot_lookup_us=3280 storage_open_us=0 storage_write_us=0 storage_flush_close_us=0 storage_rename_us=0 storage_total_us=1429085 storage_lock_wait_max_us=387795 storage_slot_lookup_max_us=23067 storage_open_max_us=127993 storage_write_max_us=49972 storage_flush_close_max_us=485397 storage_rename_max_us=328000 storage_total_max_us=2463322 storage_total_le_640ms=0 storage_total_641_to_1280ms=0 storage_total_gt_1280ms=142
[DROP-SUMMARY] capture_queue_full=320 processing_pending_full_events=132 processing_pending_full_unique=1 actual_drop_total=320 raw_hold_full=0 spool_write_fail=0 spool_capacity_full=140 spool_corrupt_or_unreadable=0 raw_queue_depth=8 raw_queue_high_water=8 pending_depth=8 pending_high_water=8 raw_hold_depth=0 raw_hold_high_water=1 storage_samples=142 storage_lock_wait_us=79082 storage_slot_lookup_us=3280 storage_open_us=0 storage_write_us=0 storage_flush_close_us=0 storage_rename_us=0 storage_total_us=1429085 storage_lock_wait_max_us=387795 storage_slot_lookup_max_us=23067 storage_open_max_us=127993 storage_write_max_us=49972 storage_flush_close_max_us=485397 storage_rename_max_us=328000 storage_total_max_us=2463322 storage_total_le_640ms=0 storage_total_641_to_1280ms=0 storage_total_gt_1280ms=142
[RAW-SPOOL-FULL] slot=512 total=2752512 used=2375680 free=376832 need=3133 windowIndex=10.
[PROCESSING-DIAG] pending_full held count=133 bootId=120f97ea7585553158a36232ba779059 windowIndex=10 raw_queue=8 pending=8
[DROP-SUMMARY] capture_queue_full=321 processing_pending_full_events=133 processing_pending_full_unique=1 actual_drop_total=321 raw_hold_full=0 spool_write_fail=0 spool_capacity_full=141 spool_corrupt_or_unreadable=0 raw_queue_depth=8 raw_queue_high_water=8 pending_depth=8 pending_high_water=8 raw_hold_depth=0 raw_hold_high_water=1 storage_samples=143 storage_lock_wait_us=77609 storage_slot_lookup_us=2791 storage_open_us=0 storage_write_us=0 storage_flush_close_us=0 storage_rename_us=0 storage_total_us=1430381 storage_lock_wait_max_us=387795 storage_slot_lookup_max_us=23067 storage_open_max_us=127993 storage_write_max_us=49972 storage_flush_close_max_us=485397 storage_rename_max_us=328000 storage_total_max_us=2463322 storage_total_le_640ms=0 storage_total_641_to_1280ms=0 storage_total_gt_1280ms=143
[RAW-SPOOL-FULL] slot=512 total=2752512 used=2375680 free=376832 need=3133 windowIndex=10.
[PROCESSING-DIAG] pending_full held count=134 bootId=120f97ea7585553158a36232ba779059 windowIndex=10 raw_queue=8 pending=8
[DROP-SUMMARY] capture_queue_full=322 processing_pending_full_events=134 processing_pending_full_unique=1 actual_drop_total=322 raw_hold_full=0 spool_write_fail=0 spool_capacity_full=142 spool_corrupt_or_unreadable=0 raw_queue_depth=8 raw_queue_high_water=8 pending_depth=8 pending_high_water=8 raw_hold_depth=0 raw_hold_high_water=1 storage_samples=144 storage_lock_wait_us=75667 storage_slot_lookup_us=3162 storage_open_us=0 storage_write_us=0 storage_flush_close_us=0 storage_rename_us=0 storage_total_us=1425984 storage_lock_wait_max_us=387795 storage_slot_lookup_max_us=23067 storage_open_max_us=127993 storage_write_max_us=49972 storage_flush_close_max_us=485397 storage_rename_max_us=328000 storage_total_max_us=2463322 storage_total_le_640ms=0 storage_total_641_to_1280ms=0 storage_total_gt_1280ms=144
[DROP-SUMMARY] capture_queue_full=324 processing_pending_full_events=134 processing_pending_full_unique=1 actual_drop_total=324 raw_hold_full=0 spool_write_fail=0 spool_capacity_full=142 spool_corrupt_or_unreadable=0 raw_queue_depth=8 raw_queue_high_water=8 pending_depth=8 pending_high_water=8 raw_hold_depth=0 raw_hold_high_water=1 storage_samples=144 storage_lock_wait_us=75667 storage_slot_lookup_us=3162 storage_open_us=0 storage_write_us=0 storage_flush_close_us=0 storage_rename_us=0 storage_total_us=1425984 storage_lock_wait_max_us=387795 storage_slot_lookup_max_us=23067 storage_open_max_us=127993 storage_write_max_us=49972 storage_flush_close_max_us=485397 storage_rename_max_us=328000 storage_total_max_us=2463322 storage_total_le_640ms=0 storage_total_641_to_1280ms=0 storage_total_gt_1280ms=144
[RAW-SPOOL-FULL] slot=512 total=2752512 used=2375680 free=376832 need=3133 windowIndex=10.
[PROCESSING-DIAG] pending_full held count=135 bootId=120f97ea7585553158a36232ba779059 windowIndex=10 raw_queue=8 pending=8
[DROP-SUMMARY] capture_queue_full=325 processing_pending_full_events=135 processing_pending_full_unique=1 actual_drop_total=325 raw_hold_full=0 spool_write_fail=0 spool_capacity_full=143 spool_corrupt_or_unreadable=0 raw_queue_depth=8 raw_queue_high_water=8 pending_depth=8 pending_high_water=8 raw_hold_depth=0 raw_hold_high_water=1 storage_samples=145 storage_lock_wait_us=77610 storage_slot_lookup_us=3169 storage_open_us=0 storage_write_us=0 storage_flush_close_us=0 storage_rename_us=0 storage_total_us=1428079 storage_lock_wait_max_us=387795 storage_slot_lookup_max_us=23067 storage_open_max_us=127993 storage_write_max_us=49972 storage_flush_close_max_us=485397 storage_rename_max_us=328000 storage_total_max_us=2463322 storage_total_le_640ms=0 storage_total_641_to_1280ms=0 storage_total_gt_1280ms=145
[DROP-SUMMARY] capture_queue_full=327 processing_pending_full_events=135 processing_pending_full_unique=1 actual_drop_total=327 raw_hold_full=0 spool_write_fail=0 spool_capacity_full=143 spool_corrupt_or_unreadable=0 raw_queue_depth=8 raw_queue_high_water=8 pending_depth=8 pending_high_water=8 raw_hold_depth=0 raw_hold_high_water=1 storage_samples=145 storage_lock_wait_us=77610 storage_slot_lookup_us=3169 storage_open_us=0 storage_write_us=0 storage_flush_close_us=0 storage_rename_us=0 storage_total_us=1428079 storage_lock_wait_max_us=387795 storage_slot_lookup_max_us=23067 storage_open_max_us=127993 storage_write_max_us=49972 storage_flush_close_max_us=485397 storage_rename_max_us=328000 storage_total_max_us=2463322 storage_total_le_640ms=0 storage_total_641_to_1280ms=0 storage_total_gt_1280ms=145
[RAW-SPOOL-FULL] slot=512 total=2752512 used=2375680 free=376832 need=3133 windowIndex=10.
[PROCESSING-DIAG] pending_full held count=136 bootId=120f97ea7585553158a36232ba779059 windowIndex=10 raw_queue=8 pending=8
[DROP-SUMMARY] capture_queue_full=328 processing_pending_full_events=136 processing_pending_full_unique=1 actual_drop_total=328 raw_hold_full=0 spool_write_fail=0 spool_capacity_full=144 spool_corrupt_or_unreadable=0 raw_queue_depth=8 raw_queue_high_water=8 pending_depth=8 pending_high_water=8 raw_hold_depth=0 raw_hold_high_water=1 storage_samples=146 storage_lock_wait_us=121828 storage_slot_lookup_us=3255 storage_open_us=0 storage_write_us=0 storage_flush_close_us=0 storage_rename_us=0 storage_total_us=1471420 storage_lock_wait_max_us=387795 storage_slot_lookup_max_us=23067 storage_open_max_us=127993 storage_write_max_us=49972 storage_flush_close_max_us=485397 storage_rename_max_us=328000 storage_total_max_us=2463322 storage_total_le_640ms=0 storage_total_641_to_1280ms=0 storage_total_gt_1280ms=146
[RAW-SPOOL-FULL] slot=512 total=2752512 used=2375680 free=376832 need=3133 windowIndex=10.
[PROCESSING-DIAG] pending_full held count=137 bootId=120f97ea7585553158a36232ba779059 windowIndex=10 raw_queue=8 pending=8
[DROP-SUMMARY] capture_queue_full=330 processing_pending_full_events=137 processing_pending_full_unique=1 actual_drop_total=330 raw_hold_full=0 spool_write_fail=0 spool_capacity_full=145 spool_corrupt_or_unreadable=0 raw_queue_depth=8 raw_queue_high_water=8 pending_depth=8 pending_high_water=8 raw_hold_depth=0 raw_hold_high_water=1 storage_samples=147 storage_lock_wait_us=123540 storage_slot_lookup_us=3135 storage_open_us=0 storage_write_us=0 storage_flush_close_us=0 storage_rename_us=0 storage_total_us=1475376 storage_lock_wait_max_us=387795 storage_slot_lookup_max_us=23067 storage_open_max_us=127993 storage_write_max_us=49972 storage_flush_close_max_us=485397 storage_rename_max_us=328000 storage_total_max_us=2463322 storage_total_le_640ms=0 storage_total_641_to_1280ms=0 storage_total_gt_1280ms=147
[DROP-SUMMARY] capture_queue_full=331 processing_pending_full_events=137 processing_pending_full_unique=1 actual_drop_total=331 raw_hold_full=0 spool_write_fail=0 spool_capacity_full=145 spool_corrupt_or_unreadable=0 raw_queue_depth=8 raw_queue_high_water=8 pending_depth=8 pending_high_water=8 raw_hold_depth=0 raw_hold_high_water=1 storage_samples=147 storage_lock_wait_us=123540 storage_slot_lookup_us=3135 storage_open_us=0 storage_write_us=0 storage_flush_close_us=0 storage_rename_us=0 storage_total_us=1475376 storage_lock_wait_max_us=387795 storage_slot_lookup_max_us=23067 storage_open_max_us=127993 storage_write_max_us=49972 storage_flush_close_max_us=485397 storage_rename_max_us=328000 storage_total_max_us=2463322 storage_total_le_640ms=0 storage_total_641_to_1280ms=0 storage_total_gt_1280ms=147
[RAW-SPOOL-FULL] slot=512 total=2752512 used=2375680 free=376832 need=3133 windowIndex=10.
[PROCESSING-DIAG] pending_full held count=138 bootId=120f97ea7585553158a36232ba779059 windowIndex=10 raw_queue=8 pending=8
[DROP-SUMMARY] capture_queue_full=333 processing_pending_full_events=138 processing_pending_full_unique=1 actual_drop_total=333 raw_hold_full=0 spool_write_fail=0 spool_capacity_full=146 spool_corrupt_or_unreadable=0 raw_queue_depth=8 raw_queue_high_water=8 pending_depth=8 pending_high_water=8 raw_hold_depth=0 raw_hold_high_water=1 storage_samples=148 storage_lock_wait_us=122863 storage_slot_lookup_us=3147 storage_open_us=0 storage_write_us=0 storage_flush_close_us=0 storage_rename_us=0 storage_total_us=1469020 storage_lock_wait_max_us=387795 storage_slot_lookup_max_us=23067 storage_open_max_us=127993 storage_write_max_us=49972 storage_flush_close_max_us=485397 storage_rename_max_us=328000 storage_total_max_us=2463322 storage_total_le_640ms=0 storage_total_641_to_1280ms=0 storage_total_gt_1280ms=148
[RAW-SPOOL-FULL] slot=512 total=2752512 used=2375680 free=376832 need=3133 windowIndex=10.
[PROCESSING-DIAG] pending_full held count=139 bootId=120f97ea7585553158a36232ba779059 windowIndex=10 raw_queue=8 pending=8
[DROP-SUMMARY] capture_queue_full=334 processing_pending_full_events=139 processing_pending_full_unique=1 actual_drop_total=334 raw_hold_full=0 spool_write_fail=0 spool_capacity_full=147 spool_corrupt_or_unreadable=0 raw_queue_depth=8 raw_queue_high_water=8 pending_depth=8 pending_high_water=8 raw_hold_depth=0 raw_hold_high_water=1 storage_samples=149 storage_lock_wait_us=120989 storage_slot_lookup_us=3294 storage_open_us=0 storage_write_us=0 storage_flush_close_us=0 storage_rename_us=0 storage_total_us=1471210 storage_lock_wait_max_us=387795 storage_slot_lookup_max_us=23067 storage_open_max_us=127993 storage_write_max_us=49972 storage_flush_close_max_us=485397 storage_rename_max_us=328000 storage_total_max_us=2463322 storage_total_le_640ms=0 storage_total_641_to_1280ms=0 storage_total_gt_1280ms=149
[DROP-SUMMARY] capture_queue_full=336 processing_pending_full_events=139 processing_pending_full_unique=1 actual_drop_total=336 raw_hold_full=0 spool_write_fail=0 spool_capacity_full=147 spool_corrupt_or_unreadable=0 raw_queue_depth=8 raw_queue_high_water=8 pending_depth=8 pending_high_water=8 raw_hold_depth=0 raw_hold_high_water=1 storage_samples=149 storage_lock_wait_us=120989 storage_slot_lookup_us=3294 storage_open_us=0 storage_write_us=0 storage_flush_close_us=0 storage_rename_us=0 storage_total_us=1471210 storage_lock_wait_max_us=387795 storage_slot_lookup_max_us=23067 storage_open_max_us=127993 storage_write_max_us=49972 storage_flush_close_max_us=485397 storage_rename_max_us=328000 storage_total_max_us=2463322 storage_total_le_640ms=0 storage_total_641_to_1280ms=0 storage_total_gt_1280ms=149
[RAW-SPOOL-FULL] slot=512 total=2752512 used=2375680 free=376832 need=3133 windowIndex=10.
[PROCESSING-DIAG] pending_full held count=140 bootId=120f97ea7585553158a36232ba779059 windowIndex=10 raw_queue=8 pending=8
[RAW-DEBUG] samples=512 quality=valid X[min=-262 max=-219 mean=-237.0 rms=237.0] Y[min=48 max=80 mean=64.4 rms=64.5] Z[min=-73 max=-5 mean=-48.3 rms=48.8]
[DROP-SUMMARY] capture_queue_full=337 processing_pending_full_events=140 processing_pending_full_unique=1 actual_drop_total=337 raw_hold_full=0 spool_write_fail=0 spool_capacity_full=148 spool_corrupt_or_unreadable=0 raw_queue_depth=8 raw_queue_high_water=8 pending_depth=8 pending_high_water=8 raw_hold_depth=0 raw_hold_high_water=1 storage_samples=150 storage_lock_wait_us=119786 storage_slot_lookup_us=3813 storage_open_us=0 storage_write_us=0 storage_flush_close_us=0 storage_rename_us=0 storage_total_us=1464573 storage_lock_wait_max_us=387795 storage_slot_lookup_max_us=23067 storage_open_max_us=127993 storage_write_max_us=49972 storage_flush_close_max_us=485397 storage_rename_max_us=328000 storage_total_max_us=2463322 storage_total_le_640ms=0 storage_total_641_to_1280ms=0 storage_total_gt_1280ms=150
[RAW-SPOOL-FULL] slot=512 total=2752512 used=2375680 free=376832 need=3133 windowIndex=10.
[PROCESSING-DIAG] pending_full held count=141 bootId=120f97ea7585553158a36232ba779059 windowIndex=10 raw_queue=8 pending=8
[DROP-SUMMARY] capture_queue_full=339 processing_pending_full_events=141 processing_pending_full_unique=1 actual_drop_total=339 raw_hold_full=0 spool_write_fail=0 spool_capacity_full=149 spool_corrupt_or_unreadable=0 raw_queue_depth=8 raw_queue_high_water=8 pending_depth=8 pending_high_water=8 raw_hold_depth=0 raw_hold_high_water=1 storage_samples=151 storage_lock_wait_us=117971 storage_slot_lookup_us=3249 storage_open_us=0 storage_write_us=0 storage_flush_close_us=0 storage_rename_us=0 storage_total_us=1471739 storage_lock_wait_max_us=387795 storage_slot_lookup_max_us=23067 storage_open_max_us=127993 storage_write_max_us=49972 storage_flush_close_max_us=485397 storage_rename_max_us=328000 storage_total_max_us=2463322 storage_total_le_640ms=0 storage_total_641_to_1280ms=0 storage_total_gt_1280ms=151
[DROP-SUMMARY] capture_queue_full=340 processing_pending_full_events=141 processing_pending_full_unique=1 actual_drop_total=340 raw_hold_full=0 spool_write_fail=0 spool_capacity_full=149 spool_corrupt_or_unreadable=0 raw_queue_depth=8 raw_queue_high_water=8 pending_depth=8 pending_high_water=8 raw_hold_depth=0 raw_hold_high_water=1 storage_samples=151 storage_lock_wait_us=117971 storage_slot_lookup_us=3249 storage_open_us=0 storage_write_us=0 storage_flush_close_us=0 storage_rename_us=0 storage_total_us=1471739 storage_lock_wait_max_us=387795 storage_slot_lookup_max_us=23067 storage_open_max_us=127993 storage_write_max_us=49972 storage_flush_close_max_us=485397 storage_rename_max_us=328000 storage_total_max_us=2463322 storage_total_le_640ms=0 storage_total_641_to_1280ms=0 storage_total_gt_1280ms=151
[RAW-SPOOL-FULL] slot=512 total=2752512 used=2375680 free=376832 need=3133 windowIndex=10.
[PROCESSING-DIAG] pending_full held count=142 bootId=120f97ea7585553158a36232ba779059 windowIndex=10 raw_queue=8 pending=8
[DROP-SUMMARY] capture_queue_full=342 processing_pending_full_events=142 processing_pending_full_unique=1 actual_drop_total=342 raw_hold_full=0 spool_write_fail=0 spool_capacity_full=150 spool_corrupt_or_unreadable=0 raw_queue_depth=8 raw_queue_high_water=8 pending_depth=8 pending_high_water=8 raw_hold_depth=0 raw_hold_high_water=1 storage_samples=152 storage_lock_wait_us=253550 storage_slot_lookup_us=3158 storage_open_us=0 storage_write_us=0 storage_flush_close_us=0 storage_rename_us=0 storage_total_us=1605573 storage_lock_wait_max_us=387795 storage_slot_lookup_max_us=23067 storage_open_max_us=127993 storage_write_max_us=49972 storage_flush_close_max_us=485397 storage_rename_max_us=328000 storage_total_max_us=2463322 storage_total_le_640ms=0 storage_total_641_to_1280ms=0 storage_total_gt_1280ms=152
[DROP-SUMMARY] capture_queue_full=343 processing_pending_full_events=142 processing_pending_full_unique=1 actual_drop_total=343 raw_hold_full=0 spool_write_fail=0 spool_capacity_full=150 spool_corrupt_or_unreadable=0 raw_queue_depth=8 raw_queue_high_water=8 pending_depth=8 pending_high_water=8 raw_hold_depth=0 raw_hold_high_water=1 storage_samples=152 storage_lock_wait_us=253550 storage_slot_lookup_us=3158 storage_open_us=0 storage_write_us=0 storage_flush_close_us=0 storage_rename_us=0 storage_total_us=1605573 storage_lock_wait_max_us=387795 storage_slot_lookup_max_us=23067 storage_open_max_us=127993 storage_write_max_us=49972 storage_flush_close_max_us=485397 storage_rename_max_us=328000 storage_total_max_us=2463322 storage_total_le_640ms=0 storage_total_641_to_1280ms=0 storage_total_gt_1280ms=152
[RAW-SPOOL-FULL] slot=512 total=2752512 used=2375680 free=376832 need=3133 windowIndex=10.
[PROCESSING-DIAG] pending_full held count=143 bootId=120f97ea7585553158a36232ba779059 windowIndex=10 raw_queue=8 pending=8
[DROP-SUMMARY] capture_queue_full=345 processing_pending_full_events=143 processing_pending_full_unique=1 actual_drop_total=345 raw_hold_full=0 spool_write_fail=0 spool_capacity_full=151 spool_corrupt_or_unreadable=0 raw_queue_depth=8 raw_queue_high_water=8 pending_depth=8 pending_high_water=8 raw_hold_depth=0 raw_hold_high_water=1 storage_samples=153 storage_lock_wait_us=253306 storage_slot_lookup_us=3230 storage_open_us=0 storage_write_us=0 storage_flush_close_us=0 storage_rename_us=0 storage_total_us=1599530 storage_lock_wait_max_us=387795 storage_slot_lookup_max_us=23067 storage_open_max_us=127993 storage_write_max_us=49972 storage_flush_close_max_us=485397 storage_rename_max_us=328000 storage_total_max_us=2463322 storage_total_le_640ms=0 storage_total_641_to_1280ms=0 storage_total_gt_1280ms=153
[RAW-SPOOL-FULL] slot=512 total=2752512 used=2375680 free=376832 need=3133 windowIndex=10.
[PROCESSING-DIAG] pending_full held count=144 bootId=120f97ea7585553158a36232ba779059 windowIndex=10 raw_queue=8 pending=8
[DROP-SUMMARY] capture_queue_full=346 processing_pending_full_events=144 processing_pending_full_unique=1 actual_drop_total=346 raw_hold_full=0 spool_write_fail=0 spool_capacity_full=152 spool_corrupt_or_unreadable=0 raw_queue_depth=8 raw_queue_high_water=8 pending_depth=8 pending_high_water=8 raw_hold_depth=0 raw_hold_high_water=1 storage_samples=154 storage_lock_wait_us=120342 storage_slot_lookup_us=3237 storage_open_us=0 storage_write_us=0 storage_flush_close_us=0 storage_rename_us=0 storage_total_us=1472044 storage_lock_wait_max_us=387795 storage_slot_lookup_max_us=23067 storage_open_max_us=127993 storage_write_max_us=49972 storage_flush_close_max_us=485397 storage_rename_max_us=328000 storage_total_max_us=2463322 storage_total_le_640ms=0 storage_total_641_to_1280ms=0 storage_total_gt_1280ms=154
[DROP-SUMMARY] capture_queue_full=348 processing_pending_full_events=144 processing_pending_full_unique=1 actual_drop_total=348 raw_hold_full=0 spool_write_fail=0 spool_capacity_full=152 spool_corrupt_or_unreadable=0 raw_queue_depth=8 raw_queue_high_water=8 pending_depth=8 pending_high_water=8 raw_hold_depth=0 raw_hold_high_water=1 storage_samples=154 storage_lock_wait_us=120342 storage_slot_lookup_us=3237 storage_open_us=0 storage_write_us=0 storage_flush_close_us=0 storage_rename_us=0 storage_total_us=1472044 storage_lock_wait_max_us=387795 storage_slot_lookup_max_us=23067 storage_open_max_us=127993 storage_write_max_us=49972 storage_flush_close_max_us=485397 storage_rename_max_us=328000 storage_total_max_us=2463322 storage_total_le_640ms=0 storage_total_641_to_1280ms=0 storage_total_gt_1280ms=154
[RAW-SPOOL-FULL] slot=512 total=2752512 used=2375680 free=376832 need=3133 windowIndex=10.
[PROCESSING-DIAG] pending_full held count=145 bootId=120f97ea7585553158a36232ba779059 windowIndex=10 raw_queue=8 pending=8
[DROP-SUMMARY] capture_queue_full=349 processing_pending_full_events=145 processing_pending_full_unique=1 actual_drop_total=349 raw_hold_full=0 spool_write_fail=0 spool_capacity_full=153 spool_corrupt_or_unreadable=0 raw_queue_depth=8 raw_queue_high_water=8 pending_depth=8 pending_high_water=8 raw_hold_depth=0 raw_hold_high_water=1 storage_samples=155 storage_lock_wait_us=117607 storage_slot_lookup_us=3150 storage_open_us=0 storage_write_us=0 storage_flush_close_us=0 storage_rename_us=0 storage_total_us=1468870 storage_lock_wait_max_us=387795 storage_slot_lookup_max_us=23067 storage_open_max_us=127993 storage_write_max_us=49972 storage_flush_close_max_us=485397 storage_rename_max_us=328000 storage_total_max_us=2463322 storage_total_le_640ms=0 storage_total_641_to_1280ms=0 storage_total_gt_1280ms=155
[DROP-SUMMARY] capture_queue_full=351 processing_pending_full_events=145 processing_pending_full_unique=1 actual_drop_total=351 raw_hold_full=0 spool_write_fail=0 spool_capacity_full=153 spool_corrupt_or_unreadable=0 raw_queue_depth=8 raw_queue_high_water=8 pending_depth=8 pending_high_water=8 raw_hold_depth=0 raw_hold_high_water=1 storage_samples=155 storage_lock_wait_us=117607 storage_slot_lookup_us=3150 storage_open_us=0 storage_write_us=0 storage_flush_close_us=0 storage_rename_us=0 storage_total_us=1468870 storage_lock_wait_max_us=387795 storage_slot_lookup_max_us=23067 storage_open_max_us=127993 storage_write_max_us=49972 storage_flush_close_max_us=485397 storage_rename_max_us=328000 storage_total_max_us=2463322 storage_total_le_640ms=0 storage_total_641_to_1280ms=0 storage_total_gt_1280ms=155
[RAW-SPOOL-FULL] slot=512 total=2752512 used=2375680 free=376832 need=3133 windowIndex=10.
[PROCESSING-DIAG] pending_full held count=146 bootId=120f97ea7585553158a36232ba779059 windowIndex=10 raw_queue=8 pending=8
[DROP-SUMMARY] capture_queue_full=352 processing_pending_full_events=146 processing_pending_full_unique=1 actual_drop_total=352 raw_hold_full=0 spool_write_fail=0 spool_capacity_full=154 spool_corrupt_or_unreadable=0 raw_queue_depth=8 raw_queue_high_water=8 pending_depth=8 pending_high_water=8 raw_hold_depth=0 raw_hold_high_water=1 storage_samples=156 storage_lock_wait_us=116365 storage_slot_lookup_us=3142 storage_open_us=0 storage_write_us=0 storage_flush_close_us=0 storage_rename_us=0 storage_total_us=1464751 storage_lock_wait_max_us=387795 storage_slot_lookup_max_us=23067 storage_open_max_us=127993 storage_write_max_us=49972 storage_flush_close_max_us=485397 storage_rename_max_us=328000 storage_total_max_us=2463322 storage_total_le_640ms=0 storage_total_641_to_1280ms=0 storage_total_gt_1280ms=156
[RAW-SPOOL-FULL] slot=512 total=2752512 used=2375680 free=376832 need=3133 windowIndex=10.
[PROCESSING-DIAG] pending_full held count=147 bootId=120f97ea7585553158a36232ba779059 windowIndex=10 raw_queue=8 pending=8
[DROP-SUMMARY] capture_queue_full=354 processing_pending_full_events=147 processing_pending_full_unique=1 actual_drop_total=354 raw_hold_full=0 spool_write_fail=0 spool_capacity_full=155 spool_corrupt_or_unreadable=0 raw_queue_depth=8 raw_queue_high_water=8 pending_depth=8 pending_high_water=8 raw_hold_depth=0 raw_hold_high_water=1 storage_samples=157 storage_lock_wait_us=116344 storage_slot_lookup_us=3293 storage_open_us=0 storage_write_us=0 storage_flush_close_us=0 storage_rename_us=0 storage_total_us=1467992 storage_lock_wait_max_us=387795 storage_slot_lookup_max_us=23067 storage_open_max_us=127993 storage_write_max_us=49972 storage_flush_close_max_us=485397 storage_rename_max_us=328000 storage_total_max_us=2463322 storage_total_le_640ms=0 storage_total_641_to_1280ms=0 storage_total_gt_1280ms=157
[DROP-SUMMARY] capture_queue_full=355 processing_pending_full_events=147 processing_pending_full_unique=1 actual_drop_total=355 raw_hold_full=0 spool_write_fail=0 spool_capacity_full=155 spool_corrupt_or_unreadable=0 raw_queue_depth=8 raw_queue_high_water=8 pending_depth=8 pending_high_water=8 raw_hold_depth=0 raw_hold_high_water=1 storage_samples=157 storage_lock_wait_us=116344 storage_slot_lookup_us=3293 storage_open_us=0 storage_write_us=0 storage_flush_close_us=0 storage_rename_us=0 storage_total_us=1467992 storage_lock_wait_max_us=387795 storage_slot_lookup_max_us=23067 storage_open_max_us=127993 storage_write_max_us=49972 storage_flush_close_max_us=485397 storage_rename_max_us=328000 storage_total_max_us=2463322 storage_total_le_640ms=0 storage_total_641_to_1280ms=0 storage_total_gt_1280ms=157
[RAW-SPOOL-FULL] slot=512 total=2752512 used=2375680 free=376832 need=3133 windowIndex=10.
[PROCESSING-DIAG] pending_full held count=148 bootId=120f97ea7585553158a36232ba779059 windowIndex=10 raw_queue=8 pending=8
[DROP-SUMMARY] capture_queue_full=357 processing_pending_full_events=148 processing_pending_full_unique=1 actual_drop_total=357 raw_hold_full=0 spool_write_fail=0 spool_capacity_full=156 spool_corrupt_or_unreadable=0 raw_queue_depth=8 raw_queue_high_water=8 pending_depth=8 pending_high_water=8 raw_hold_depth=0 raw_hold_high_water=1 storage_samples=158 storage_lock_wait_us=116950 storage_slot_lookup_us=5475 storage_open_us=0 storage_write_us=0 storage_flush_close_us=0 storage_rename_us=0 storage_total_us=1463446 storage_lock_wait_max_us=387795 storage_slot_lookup_max_us=23067 storage_open_max_us=127993 storage_write_max_us=49972 storage_flush_close_max_us=485397 storage_rename_max_us=328000 storage_total_max_us=2463322 storage_total_le_640ms=0 storage_total_641_to_1280ms=0 storage_total_gt_1280ms=158
[RAW-SPOOL-FULL] slot=512 total=2752512 used=2375680 free=376832 need=3133 windowIndex=10.
[PROCESSING-DIAG] pending_full held count=149 bootId=120f97ea7585553158a36232ba779059 windowIndex=10 raw_queue=8 pending=8
[DROP-SUMMARY] capture_queue_full=358 processing_pending_full_events=149 processing_pending_full_unique=1 actual_drop_total=358 raw_hold_full=0 spool_write_fail=0 spool_capacity_full=157 spool_corrupt_or_unreadable=0 raw_queue_depth=8 raw_queue_high_water=8 pending_depth=8 pending_high_water=8 raw_hold_depth=0 raw_hold_high_water=1 storage_samples=159 storage_lock_wait_us=115988 storage_slot_lookup_us=3295 storage_open_us=0 storage_write_us=0 storage_flush_close_us=0 storage_rename_us=0 storage_total_us=1467071 storage_lock_wait_max_us=387795 storage_slot_lookup_max_us=23067 storage_open_max_us=127993 storage_write_max_us=49972 storage_flush_close_max_us=485397 storage_rename_max_us=328000 storage_total_max_us=2463322 storage_total_le_640ms=0 storage_total_641_to_1280ms=0 storage_total_gt_1280ms=159
[DROP-SUMMARY] capture_queue_full=360 processing_pending_full_events=149 processing_pending_full_unique=1 actual_drop_total=360 raw_hold_full=0 spool_write_fail=0 spool_capacity_full=157 spool_corrupt_or_unreadable=0 raw_queue_depth=8 raw_queue_high_water=8 pending_depth=8 pending_high_water=8 raw_hold_depth=0 raw_hold_high_water=1 storage_samples=159 storage_lock_wait_us=115988 storage_slot_lookup_us=3295 storage_open_us=0 storage_write_us=0 storage_flush_close_us=0 storage_rename_us=0 storage_total_us=1467071 storage_lock_wait_max_us=387795 storage_slot_lookup_max_us=23067 storage_open_max_us=127993 storage_write_max_us=49972 storage_flush_close_max_us=485397 storage_rename_max_us=328000 storage_total_max_us=2463322 storage_total_le_640ms=0 storage_total_641_to_1280ms=0 storage_total_gt_1280ms=159
[RAW-SPOOL-FULL] slot=512 total=2752512 used=2375680 free=376832 need=3133 windowIndex=10.
[PROCESSING-DIAG] pending_full held count=150 bootId=120f97ea7585553158a36232ba779059 windowIndex=10 raw_queue=8 pending=8
[RAW-DEBUG] samples=512 quality=valid X[min=-262 max=-219 mean=-237.0 rms=237.0] Y[min=48 max=80 mean=64.4 rms=64.5] Z[min=-73 max=-5 mean=-48.3 rms=48.8]
[DROP-SUMMARY] capture_queue_full=361 processing_pending_full_events=150 processing_pending_full_unique=1 actual_drop_total=361 raw_hold_full=0 spool_write_fail=0 spool_capacity_full=158 spool_corrupt_or_unreadable=0 raw_queue_depth=8 raw_queue_high_water=8 pending_depth=8 pending_high_water=8 raw_hold_depth=0 raw_hold_high_water=1 storage_samples=160 storage_lock_wait_us=117066 storage_slot_lookup_us=3171 storage_open_us=0 storage_write_us=0 storage_flush_close_us=0 storage_rename_us=0 storage_total_us=1463845 storage_lock_wait_max_us=387795 storage_slot_lookup_max_us=23067 storage_open_max_us=127993 storage_write_max_us=49972 storage_flush_close_max_us=485397 storage_rename_max_us=328000 storage_total_max_us=2463322 storage_total_le_640ms=0 storage_total_641_to_1280ms=0 storage_total_gt_1280ms=160
[RAW-SPOOL-FULL] slot=512 total=2752512 used=2375680 free=376832 need=3133 windowIndex=10.
[PROCESSING-DIAG] pending_full held count=151 bootId=120f97ea7585553158a36232ba779059 windowIndex=10 raw_queue=8 pending=8
[DROP-SUMMARY] capture_queue_full=363 processing_pending_full_events=151 processing_pending_full_unique=1 actual_drop_total=363 raw_hold_full=0 spool_write_fail=0 spool_capacity_full=159 spool_corrupt_or_unreadable=0 raw_queue_depth=8 raw_queue_high_water=8 pending_depth=8 pending_high_water=8 raw_hold_depth=0 raw_hold_high_water=1 storage_samples=161 storage_lock_wait_us=115577 storage_slot_lookup_us=3052 storage_open_us=0 storage_write_us=0 storage_flush_close_us=0 storage_rename_us=0 storage_total_us=1466428 storage_lock_wait_max_us=387795 storage_slot_lookup_max_us=23067 storage_open_max_us=127993 storage_write_max_us=49972 storage_flush_close_max_us=485397 storage_rename_max_us=328000 storage_total_max_us=2463322 storage_total_le_640ms=0 storage_total_641_to_1280ms=0 storage_total_gt_1280ms=161
[DROP-SUMMARY] capture_queue_full=364 processing_pending_full_events=151 processing_pending_full_unique=1 actual_drop_total=364 raw_hold_full=0 spool_write_fail=0 spool_capacity_full=159 spool_corrupt_or_unreadable=0 raw_queue_depth=8 raw_queue_high_water=8 pending_depth=8 pending_high_water=8 raw_hold_depth=0 raw_hold_high_water=1 storage_samples=161 storage_lock_wait_us=115577 storage_slot_lookup_us=3052 storage_open_us=0 storage_write_us=0 storage_flush_close_us=0 storage_rename_us=0 storage_total_us=1466428 storage_lock_wait_max_us=387795 storage_slot_lookup_max_us=23067 storage_open_max_us=127993 storage_write_max_us=49972 storage_flush_close_max_us=485397 storage_rename_max_us=328000 storage_total_max_us=2463322 storage_total_le_640ms=0 storage_total_641_to_1280ms=0 storage_total_gt_1280ms=161
[RAW-SPOOL-FULL] slot=512 total=2752512 used=2375680 free=376832 need=3133 windowIndex=10.
[PROCESSING-DIAG] pending_full held count=152 bootId=120f97ea7585553158a36232ba779059 windowIndex=10 raw_queue=8 pending=8
[DROP-SUMMARY] capture_queue_full=366 processing_pending_full_events=152 processing_pending_full_unique=1 actual_drop_total=366 raw_hold_full=0 spool_write_fail=0 spool_capacity_full=160 spool_corrupt_or_unreadable=0 raw_queue_depth=8 raw_queue_high_water=8 pending_depth=8 pending_high_water=8 raw_hold_depth=0 raw_hold_high_water=1 storage_samples=162 storage_lock_wait_us=244582 storage_slot_lookup_us=3177 storage_open_us=0 storage_write_us=0 storage_flush_close_us=0 storage_rename_us=0 storage_total_us=1595172 storage_lock_wait_max_us=387795 storage_slot_lookup_max_us=23067 storage_open_max_us=127993 storage_write_max_us=49972 storage_flush_close_max_us=485397 storage_rename_max_us=328000 storage_total_max_us=2463322 storage_total_le_640ms=0 storage_total_641_to_1280ms=0 storage_total_gt_1280ms=162
[DROP-SUMMARY] capture_queue_full=367 processing_pending_full_events=152 processing_pending_full_unique=1 actual_drop_total=367 raw_hold_full=0 spool_write_fail=0 spool_capacity_full=160 spool_corrupt_or_unreadable=0 raw_queue_depth=8 raw_queue_high_water=8 pending_depth=8 pending_high_water=8 raw_hold_depth=0 raw_hold_high_water=1 storage_samples=162 storage_lock_wait_us=244582 storage_slot_lookup_us=3177 storage_open_us=0 storage_write_us=0 storage_flush_close_us=0 storage_rename_us=0 storage_total_us=1595172 storage_lock_wait_max_us=387795 storage_slot_lookup_max_us=23067 storage_open_max_us=127993 storage_write_max_us=49972 storage_flush_close_max_us=485397 storage_rename_max_us=328000 storage_total_max_us=2463322 storage_total_le_640ms=0 storage_total_641_to_1280ms=0 storage_total_gt_1280ms=162
[RAW-SPOOL-FULL] slot=512 total=2752512 used=2375680 free=376832 need=3133 windowIndex=10.
[PROCESSING-DIAG] pending_full held count=153 bootId=120f97ea7585553158a36232ba779059 windowIndex=10 raw_queue=8 pending=8
[DROP-SUMMARY] capture_queue_full=369 processing_pending_full_events=153 processing_pending_full_unique=1 actual_drop_total=369 raw_hold_full=0 spool_write_fail=0 spool_capacity_full=161 spool_corrupt_or_unreadable=0 raw_queue_depth=8 raw_queue_high_water=8 pending_depth=8 pending_high_water=8 raw_hold_depth=0 raw_hold_high_water=1 storage_samples=163 storage_lock_wait_us=109672 storage_slot_lookup_us=3185 storage_open_us=0 storage_write_us=0 storage_flush_close_us=0 storage_rename_us=0 storage_total_us=1454365 storage_lock_wait_max_us=387795 storage_slot_lookup_max_us=23067 storage_open_max_us=127993 storage_write_max_us=49972 storage_flush_close_max_us=485397 storage_rename_max_us=328000 storage_total_max_us=2463322 storage_total_le_640ms=0 storage_total_641_to_1280ms=0 storage_total_gt_1280ms=163
[RAW-SPOOL-FULL] slot=512 total=2752512 used=2375680 free=376832 need=3133 windowIndex=10.
[PROCESSING-DIAG] pending_full held count=154 bootId=120f97ea7585553158a36232ba779059 windowIndex=10 raw_queue=8 pending=8
[DROP-SUMMARY] capture_queue_full=370 processing_pending_full_events=154 processing_pending_full_unique=1 actual_drop_total=370 raw_hold_full=0 spool_write_fail=0 spool_capacity_full=162 spool_corrupt_or_unreadable=0 raw_queue_depth=8 raw_queue_high_water=8 pending_depth=8 pending_high_water=8 raw_hold_depth=0 raw_hold_high_water=1 storage_samples=164 storage_lock_wait_us=105100 storage_slot_lookup_us=3143 storage_open_us=0 storage_write_us=0 storage_flush_close_us=0 storage_rename_us=0 storage_total_us=1455345 storage_lock_wait_max_us=387795 storage_slot_lookup_max_us=23067 storage_open_max_us=127993 storage_write_max_us=49972 storage_flush_close_max_us=485397 storage_rename_max_us=328000 storage_total_max_us=2463322 storage_total_le_640ms=0 storage_total_641_to_1280ms=0 storage_total_gt_1280ms=164
[DROP-SUMMARY] capture_queue_full=372 processing_pending_full_events=154 processing_pending_full_unique=1 actual_drop_total=372 raw_hold_full=0 spool_write_fail=0 spool_capacity_full=162 spool_corrupt_or_unreadable=0 raw_queue_depth=8 raw_queue_high_water=8 pending_depth=8 pending_high_water=8 raw_hold_depth=0 raw_hold_high_water=1 storage_samples=164 storage_lock_wait_us=105100 storage_slot_lookup_us=3143 storage_open_us=0 storage_write_us=0 storage_flush_close_us=0 storage_rename_us=0 storage_total_us=1455345 storage_lock_wait_max_us=387795 storage_slot_lookup_max_us=23067 storage_open_max_us=127993 storage_write_max_us=49972 storage_flush_close_max_us=485397 storage_rename_max_us=328000 storage_total_max_us=2463322 storage_total_le_640ms=0 storage_total_641_to_1280ms=0 storage_total_gt_1280ms=164
[RAW-SPOOL-FULL] slot=512 total=2752512 used=2375680 free=376832 need=3133 windowIndex=10.
[PROCESSING-DIAG] pending_full held count=155 bootId=120f97ea7585553158a36232ba779059 windowIndex=10 raw_queue=8 pending=8
[DROP-SUMMARY] capture_queue_full=373 processing_pending_full_events=155 processing_pending_full_unique=1 actual_drop_total=373 raw_hold_full=0 spool_write_fail=0 spool_capacity_full=163 spool_corrupt_or_unreadable=0 raw_queue_depth=8 raw_queue_high_water=8 pending_depth=8 pending_high_water=8 raw_hold_depth=0 raw_hold_high_water=1 storage_samples=165 storage_lock_wait_us=245301 storage_slot_lookup_us=2819 storage_open_us=0 storage_write_us=0 storage_flush_close_us=0 storage_rename_us=0 storage_total_us=1594117 storage_lock_wait_max_us=387795 storage_slot_lookup_max_us=23067 storage_open_max_us=127993 storage_write_max_us=49972 storage_flush_close_max_us=485397 storage_rename_max_us=328000 storage_total_max_us=2463322 storage_total_le_640ms=0 storage_total_641_to_1280ms=0 storage_total_gt_1280ms=165
[RAW-SPOOL-FULL] slot=512 total=2752512 used=2375680 free=376832 need=3133 windowIndex=10.
[PROCESSING-DIAG] pending_full held count=156 bootId=120f97ea7585553158a36232ba779059 windowIndex=10 raw_queue=8 pending=8
[DROP-SUMMARY] capture_queue_full=375 processing_pending_full_events=156 processing_pending_full_unique=1 actual_drop_total=375 raw_hold_full=0 spool_write_fail=0 spool_capacity_full=164 spool_corrupt_or_unreadable=0 raw_queue_depth=8 raw_queue_high_water=8 pending_depth=8 pending_high_water=8 raw_hold_depth=0 raw_hold_high_water=1 storage_samples=166 storage_lock_wait_us=118224 storage_slot_lookup_us=3192 storage_open_us=0 storage_write_us=0 storage_flush_close_us=0 storage_rename_us=0 storage_total_us=1470489 storage_lock_wait_max_us=387795 storage_slot_lookup_max_us=23067 storage_open_max_us=127993 storage_write_max_us=49972 storage_flush_close_max_us=485397 storage_rename_max_us=328000 storage_total_max_us=2463322 storage_total_le_640ms=0 storage_total_641_to_1280ms=0 storage_total_gt_1280ms=166
[DROP-SUMMARY] capture_queue_full=376 processing_pending_full_events=156 processing_pending_full_unique=1 actual_drop_total=376 raw_hold_full=0 spool_write_fail=0 spool_capacity_full=164 spool_corrupt_or_unreadable=0 raw_queue_depth=8 raw_queue_high_water=8 pending_depth=8 pending_high_water=8 raw_hold_depth=0 raw_hold_high_water=1 storage_samples=166 storage_lock_wait_us=118224 storage_slot_lookup_us=3192 storage_open_us=0 storage_write_us=0 storage_flush_close_us=0 storage_rename_us=0 storage_total_us=1470489 storage_lock_wait_max_us=387795 storage_slot_lookup_max_us=23067 storage_open_max_us=127993 storage_write_max_us=49972 storage_flush_close_max_us=485397 storage_rename_max_us=328000 storage_total_max_us=2463322 storage_total_le_640ms=0 storage_total_641_to_1280ms=0 storage_total_gt_1280ms=166
[RAW-SPOOL-FULL] slot=512 total=2752512 used=2375680 free=376832 need=3133 windowIndex=10.
[PROCESSING-DIAG] pending_full held count=157 bootId=120f97ea7585553158a36232ba779059 windowIndex=10 raw_queue=8 pending=8
[DROP-SUMMARY] capture_queue_full=378 processing_pending_full_events=157 processing_pending_full_unique=1 actual_drop_total=378 raw_hold_full=0 spool_write_fail=0 spool_capacity_full=165 spool_corrupt_or_unreadable=0 raw_queue_depth=8 raw_queue_high_water=8 pending_depth=8 pending_high_water=8 raw_hold_depth=0 raw_hold_high_water=1 storage_samples=167 storage_lock_wait_us=119251 storage_slot_lookup_us=3205 storage_open_us=0 storage_write_us=0 storage_flush_close_us=0 storage_rename_us=0 storage_total_us=1471083 storage_lock_wait_max_us=387795 storage_slot_lookup_max_us=23067 storage_open_max_us=127993 storage_write_max_us=49972 storage_flush_close_max_us=485397 storage_rename_max_us=328000 storage_total_max_us=2463322 storage_total_le_640ms=0 storage_total_641_to_1280ms=0 storage_total_gt_1280ms=167
[DROP-SUMMARY] capture_queue_full=379 processing_pending_full_events=157 processing_pending_full_unique=1 actual_drop_total=379 raw_hold_full=0 spool_write_fail=0 spool_capacity_full=165 spool_corrupt_or_unreadable=0 raw_queue_depth=8 raw_queue_high_water=8 pending_depth=8 pending_high_water=8 raw_hold_depth=0 raw_hold_high_water=1 storage_samples=167 storage_lock_wait_us=119251 storage_slot_lookup_us=3205 storage_open_us=0 storage_write_us=0 storage_flush_close_us=0 storage_rename_us=0 storage_total_us=1471083 storage_lock_wait_max_us=387795 storage_slot_lookup_max_us=23067 storage_open_max_us=127993 storage_write_max_us=49972 storage_flush_close_max_us=485397 storage_rename_max_us=328000 storage_total_max_us=2463322 storage_total_le_640ms=0 storage_total_641_to_1280ms=0 storage_total_gt_1280ms=167
[RAW-SPOOL-FULL] slot=512 total=2752512 used=2375680 free=376832 need=3133 windowIndex=10.
[PROCESSING-DIAG] pending_full held count=158 bootId=120f97ea7585553158a36232ba779059 windowIndex=10 raw_queue=8 pending=8
[DROP-SUMMARY] capture_queue_full=380 processing_pending_full_events=158 processing_pending_full_unique=1 actual_drop_total=380 raw_hold_full=0 spool_write_fail=0 spool_capacity_full=166 spool_corrupt_or_unreadable=0 raw_queue_depth=8 raw_queue_high_water=8 pending_depth=8 pending_high_water=8 raw_hold_depth=0 raw_hold_high_water=1 storage_samples=168 storage_lock_wait_us=117301 storage_slot_lookup_us=3425 storage_open_us=0 storage_write_us=0 storage_flush_close_us=0 storage_rename_us=0 storage_total_us=1463332 storage_lock_wait_max_us=387795 storage_slot_lookup_max_us=23067 storage_open_max_us=127993 storage_write_max_us=49972 storage_flush_close_max_us=485397 storage_rename_max_us=328000 storage_total_max_us=2463322 storage_total_le_640ms=0 storage_total_641_to_1280ms=0 storage_total_gt_1280ms=168
[RAW-SPOOL-FULL] slot=512 total=2752512 used=2375680 free=376832 need=3133 windowIndex=10.
[PROCESSING-DIAG] pending_full held count=159 bootId=120f97ea7585553158a36232ba779059 windowIndex=10 raw_queue=8 pending=8
[DROP-SUMMARY] capture_queue_full=382 processing_pending_full_events=159 processing_pending_full_unique=1 actual_drop_total=382 raw_hold_full=0 spool_write_fail=0 spool_capacity_full=167 spool_corrupt_or_unreadable=0 raw_queue_depth=8 raw_queue_high_water=8 pending_depth=8 pending_high_water=8 raw_hold_depth=0 raw_hold_high_water=1 storage_samples=169 storage_lock_wait_us=116014 storage_slot_lookup_us=3156 storage_open_us=0 storage_write_us=0 storage_flush_close_us=0 storage_rename_us=0 storage_total_us=1466925 storage_lock_wait_max_us=387795 storage_slot_lookup_max_us=23067 storage_open_max_us=127993 storage_write_max_us=49972 storage_flush_close_max_us=485397 storage_rename_max_us=328000 storage_total_max_us=2463322 storage_total_le_640ms=0 storage_total_641_to_1280ms=0 storage_total_gt_1280ms=169
[DROP-SUMMARY] capture_queue_full=383 processing_pending_full_events=159 processing_pending_full_unique=1 actual_drop_total=383 raw_hold_full=0 spool_write_fail=0 spool_capacity_full=167 spool_corrupt_or_unreadable=0 raw_queue_depth=8 raw_queue_high_water=8 pending_depth=8 pending_high_water=8 raw_hold_depth=0 raw_hold_high_water=1 storage_samples=169 storage_lock_wait_us=116014 storage_slot_lookup_us=3156 storage_open_us=0 storage_write_us=0 storage_flush_close_us=0 storage_rename_us=0 storage_total_us=1466925 storage_lock_wait_max_us=387795 storage_slot_lookup_max_us=23067 storage_open_max_us=127993 storage_write_max_us=49972 storage_flush_close_max_us=485397 storage_rename_max_us=328000 storage_total_max_us=2463322 storage_total_le_640ms=0 storage_total_641_to_1280ms=0 storage_total_gt_1280ms=169
[RAW-SPOOL-FULL] slot=512 total=2752512 used=2375680 free=376832 need=3133 windowIndex=10.
[PROCESSING-DIAG] pending_full held count=160 bootId=120f97ea7585553158a36232ba779059 windowIndex=10 raw_queue=8 pending=8
[RAW-DEBUG] samples=512 quality=valid X[min=-262 max=-219 mean=-237.0 rms=237.0] Y[min=48 max=80 mean=64.4 rms=64.5] Z[min=-73 max=-5 mean=-48.3 rms=48.8]
[DROP-SUMMARY] capture_queue_full=385 processing_pending_full_events=160 processing_pending_full_unique=1 actual_drop_total=385 raw_hold_full=0 spool_write_fail=0 spool_capacity_full=168 spool_corrupt_or_unreadable=0 raw_queue_depth=8 raw_queue_high_water=8 pending_depth=8 pending_high_water=8 raw_hold_depth=0 raw_hold_high_water=1 storage_samples=170 storage_lock_wait_us=245708 storage_slot_lookup_us=3161 storage_open_us=0 storage_write_us=0 storage_flush_close_us=0 storage_rename_us=0 storage_total_us=1591137 storage_lock_wait_max_us=387795 storage_slot_lookup_max_us=23067 storage_open_max_us=127993 storage_write_max_us=49972 storage_flush_close_max_us=485397 storage_rename_max_us=328000 storage_total_max_us=2463322 storage_total_le_640ms=0 storage_total_641_to_1280ms=0 storage_total_gt_1280ms=170
[RAW-SPOOL-FULL] slot=512 total=2752512 used=2375680 free=376832 need=3133 windowIndex=10.
[PROCESSING-DIAG] pending_full held count=161 bootId=120f97ea7585553158a36232ba779059 windowIndex=10 raw_queue=8 pending=8
[DROP-SUMMARY] capture_queue_full=386 processing_pending_full_events=161 processing_pending_full_unique=1 actual_drop_total=386 raw_hold_full=0 spool_write_fail=0 spool_capacity_full=169 spool_corrupt_or_unreadable=0 raw_queue_depth=8 raw_queue_high_water=8 pending_depth=8 pending_high_water=8 raw_hold_depth=0 raw_hold_high_water=1 storage_samples=171 storage_lock_wait_us=112115 storage_slot_lookup_us=3312 storage_open_us=0 storage_write_us=0 storage_flush_close_us=0 storage_rename_us=0 storage_total_us=1462188 storage_lock_wait_max_us=387795 storage_slot_lookup_max_us=23067 storage_open_max_us=127993 storage_write_max_us=49972 storage_flush_close_max_us=485397 storage_rename_max_us=328000 storage_total_max_us=2463322 storage_total_le_640ms=0 storage_total_641_to_1280ms=0 storage_total_gt_1280ms=171
[DROP-SUMMARY] capture_queue_full=388 processing_pending_full_events=161 processing_pending_full_unique=1 actual_drop_total=388 raw_hold_full=0 spool_write_fail=0 spool_capacity_full=169 spool_corrupt_or_unreadable=0 raw_queue_depth=8 raw_queue_high_water=8 pending_depth=8 pending_high_water=8 raw_hold_depth=0 raw_hold_high_water=1 storage_samples=171 storage_lock_wait_us=112115 storage_slot_lookup_us=3312 storage_open_us=0 storage_write_us=0 storage_flush_close_us=0 storage_rename_us=0 storage_total_us=1462188 storage_lock_wait_max_us=387795 storage_slot_lookup_max_us=23067 storage_open_max_us=127993 storage_write_max_us=49972 storage_flush_close_max_us=485397 storage_rename_max_us=328000 storage_total_max_us=2463322 storage_total_le_640ms=0 storage_total_641_to_1280ms=0 storage_total_gt_1280ms=171
[RAW-SPOOL-FULL] slot=512 total=2752512 used=2375680 free=376832 need=3133 windowIndex=10.
[PROCESSING-DIAG] pending_full held count=162 bootId=120f97ea7585553158a36232ba779059 windowIndex=10 raw_queue=8 pending=8
[DROP-SUMMARY] capture_queue_full=389 processing_pending_full_events=162 processing_pending_full_unique=1 actual_drop_total=389 raw_hold_full=0 spool_write_fail=0 spool_capacity_full=170 spool_corrupt_or_unreadable=0 raw_queue_depth=8 raw_queue_high_water=8 pending_depth=8 pending_high_water=8 raw_hold_depth=0 raw_hold_high_water=1 storage_samples=172 storage_lock_wait_us=114518 storage_slot_lookup_us=3288 storage_open_us=0 storage_write_us=0 storage_flush_close_us=0 storage_rename_us=0 storage_total_us=1466381 storage_lock_wait_max_us=387795 storage_slot_lookup_max_us=23067 storage_open_max_us=127993 storage_write_max_us=49972 storage_flush_close_max_us=485397 storage_rename_max_us=328000 storage_total_max_us=2463322 storage_total_le_640ms=0 storage_total_641_to_1280ms=0 storage_total_gt_1280ms=172
[DROP-SUMMARY] capture_queue_full=391 processing_pending_full_events=162 processing_pending_full_unique=1 actual_drop_total=391 raw_hold_full=0 spool_write_fail=0 spool_capacity_full=170 spool_corrupt_or_unreadable=0 raw_queue_depth=8 raw_queue_high_water=8 pending_depth=8 pending_high_water=8 raw_hold_depth=0 raw_hold_high_water=1 storage_samples=172 storage_lock_wait_us=114518 storage_slot_lookup_us=3288 storage_open_us=0 storage_write_us=0 storage_flush_close_us=0 storage_rename_us=0 storage_total_us=1466381 storage_lock_wait_max_us=387795 storage_slot_lookup_max_us=23067 storage_open_max_us=127993 storage_write_max_us=49972 storage_flush_close_max_us=485397 storage_rename_max_us=328000 storage_total_max_us=2463322 storage_total_le_640ms=0 storage_total_641_to_1280ms=0 storage_total_gt_1280ms=172
[RAW-SPOOL-FULL] slot=512 total=2752512 used=2375680 free=376832 need=3133 windowIndex=10.
[PROCESSING-DIAG] pending_full held count=163 bootId=120f97ea7585553158a36232ba779059 windowIndex=10 raw_queue=8 pending=8
[DROP-SUMMARY] capture_queue_full=392 processing_pending_full_events=163 processing_pending_full_unique=1 actual_drop_total=392 raw_hold_full=0 spool_write_fail=0 spool_capacity_full=171 spool_corrupt_or_unreadable=0 raw_queue_depth=8 raw_queue_high_water=8 pending_depth=8 pending_high_water=8 raw_hold_depth=0 raw_hold_high_water=1 storage_samples=173 storage_lock_wait_us=114813 storage_slot_lookup_us=3227 storage_open_us=0 storage_write_us=0 storage_flush_close_us=0 storage_rename_us=0 storage_total_us=1463879 storage_lock_wait_max_us=387795 storage_slot_lookup_max_us=23067 storage_open_max_us=127993 storage_write_max_us=49972 storage_flush_close_max_us=485397 storage_rename_max_us=328000 storage_total_max_us=2463322 storage_total_le_640ms=0 storage_total_641_to_1280ms=0 storage_total_gt_1280ms=173
[RAW-SPOOL-FULL] slot=512 total=2752512 used=2375680 free=376832 need=3133 windowIndex=10.
[PROCESSING-DIAG] pending_full held count=164 bootId=120f97ea7585553158a36232ba779059 windowIndex=10 raw_queue=8 pending=8
[DROP-SUMMARY] capture_queue_full=394 processing_pending_full_events=164 processing_pending_full_unique=1 actual_drop_total=394 raw_hold_full=0 spool_write_fail=0 spool_capacity_full=172 spool_corrupt_or_unreadable=0 raw_queue_depth=8 raw_queue_high_water=8 pending_depth=8 pending_high_water=8 raw_hold_depth=0 raw_hold_high_water=1 storage_samples=174 storage_lock_wait_us=116042 storage_slot_lookup_us=3157 storage_open_us=0 storage_write_us=0 storage_flush_close_us=0 storage_rename_us=0 storage_total_us=1467176 storage_lock_wait_max_us=387795 storage_slot_lookup_max_us=23067 storage_open_max_us=127993 storage_write_max_us=49972 storage_flush_close_max_us=485397 storage_rename_max_us=328000 storage_total_max_us=2463322 storage_total_le_640ms=0 storage_total_641_to_1280ms=0 storage_total_gt_1280ms=174
[DROP-SUMMARY] capture_queue_full=395 processing_pending_full_events=164 processing_pending_full_unique=1 actual_drop_total=395 raw_hold_full=0 spool_write_fail=0 spool_capacity_full=172 spool_corrupt_or_unreadable=0 raw_queue_depth=8 raw_queue_high_water=8 pending_depth=8 pending_high_water=8 raw_hold_depth=0 raw_hold_high_water=1 storage_samples=174 storage_lock_wait_us=116042 storage_slot_lookup_us=3157 storage_open_us=0 storage_write_us=0 storage_flush_close_us=0 storage_rename_us=0 storage_total_us=1467176 storage_lock_wait_max_us=387795 storage_slot_lookup_max_us=23067 storage_open_max_us=127993 storage_write_max_us=49972 storage_flush_close_max_us=485397 storage_rename_max_us=328000 storage_total_max_us=2463322 storage_total_le_640ms=0 storage_total_641_to_1280ms=0 storage_total_gt_1280ms=174
[RAW-SPOOL-FULL] slot=512 total=2752512 used=2375680 free=376832 need=3133 windowIndex=10.
[PROCESSING-DIAG] pending_full held count=165 bootId=120f97ea7585553158a36232ba779059 windowIndex=10 raw_queue=8 pending=8
[DROP-SUMMARY] capture_queue_full=397 processing_pending_full_events=165 processing_pending_full_unique=1 actual_drop_total=397 raw_hold_full=0 spool_write_fail=0 spool_capacity_full=173 spool_corrupt_or_unreadable=0 raw_queue_depth=8 raw_queue_high_water=8 pending_depth=8 pending_high_water=8 raw_hold_depth=0 raw_hold_high_water=1 storage_samples=175 storage_lock_wait_us=242437 storage_slot_lookup_us=3280 storage_open_us=0 storage_write_us=0 storage_flush_close_us=0 storage_rename_us=0 storage_total_us=1588603 storage_lock_wait_max_us=387795 storage_slot_lookup_max_us=23067 storage_open_max_us=127993 storage_write_max_us=49972 storage_flush_close_max_us=485397 storage_rename_max_us=328000 storage_total_max_us=2463322 storage_total_le_640ms=0 storage_total_641_to_1280ms=0 storage_total_gt_1280ms=175
[DROP-SUMMARY] capture_queue_full=398 processing_pending_full_events=165 processing_pending_full_unique=1 actual_drop_total=398 raw_hold_full=0 spool_write_fail=0 spool_capacity_full=173 spool_corrupt_or_unreadable=0 raw_queue_depth=8 raw_queue_high_water=8 pending_depth=8 pending_high_water=8 raw_hold_depth=0 raw_hold_high_water=1 storage_samples=175 storage_lock_wait_us=242437 storage_slot_lookup_us=3280 storage_open_us=0 storage_write_us=0 storage_flush_close_us=0 storage_rename_us=0 storage_total_us=1588603 storage_lock_wait_max_us=387795 storage_slot_lookup_max_us=23067 storage_open_max_us=127993 storage_write_max_us=49972 storage_flush_close_max_us=485397 storage_rename_max_us=328000 storage_total_max_us=2463322 storage_total_le_640ms=0 storage_total_641_to_1280ms=0 storage_total_gt_1280ms=175
[RAW-SPOOL-FULL] slot=512 total=2752512 used=2375680 free=376832 need=3133 windowIndex=10.
[PROCESSING-DIAG] pending_full held count=166 bootId=120f97ea7585553158a36232ba779059 windowIndex=10 raw_queue=8 pending=8
[DROP-SUMMARY] capture_queue_full=400 processing_pending_full_events=166 processing_pending_full_unique=1 actual_drop_total=400 raw_hold_full=0 spool_write_fail=0 spool_capacity_full=174 spool_corrupt_or_unreadable=0 raw_queue_depth=8 raw_queue_high_water=8 pending_depth=8 pending_high_water=8 raw_hold_depth=0 raw_hold_high_water=1 storage_samples=176 storage_lock_wait_us=239953 storage_slot_lookup_us=3094 storage_open_us=0 storage_write_us=0 storage_flush_close_us=0 storage_rename_us=0 storage_total_us=1589824 storage_lock_wait_max_us=387795 storage_slot_lookup_max_us=23067 storage_open_max_us=127993 storage_write_max_us=49972 storage_flush_close_max_us=485397 storage_rename_max_us=328000 storage_total_max_us=2463322 storage_total_le_640ms=0 storage_total_641_to_1280ms=0 storage_total_gt_1280ms=176
[RAW-SPOOL-FULL] slot=512 total=2752512 used=2375680 free=376832 need=3133 windowIndex=10.
[PROCESSING-DIAG] pending_full held count=167 bootId=120f97ea7585553158a36232ba779059 windowIndex=10 raw_queue=8 pending=8
[DROP-SUMMARY] capture_queue_full=401 processing_pending_full_events=167 processing_pending_full_unique=1 actual_drop_total=401 raw_hold_full=0 spool_write_fail=0 spool_capacity_full=175 spool_corrupt_or_unreadable=0 raw_queue_depth=8 raw_queue_high_water=8 pending_depth=8 pending_high_water=8 raw_hold_depth=0 raw_hold_high_water=1 storage_samples=177 storage_lock_wait_us=109660 storage_slot_lookup_us=3293 storage_open_us=0 storage_write_us=0 storage_flush_close_us=0 storage_rename_us=0 storage_total_us=1459910 storage_lock_wait_max_us=387795 storage_slot_lookup_max_us=23067 storage_open_max_us=127993 storage_write_max_us=49972 storage_flush_close_max_us=485397 storage_rename_max_us=328000 storage_total_max_us=2463322 storage_total_le_640ms=0 storage_total_641_to_1280ms=0 storage_total_gt_1280ms=177
[DROP-SUMMARY] capture_queue_full=403 processing_pending_full_events=167 processing_pending_full_unique=1 actual_drop_total=403 raw_hold_full=0 spool_write_fail=0 spool_capacity_full=175 spool_corrupt_or_unreadable=0 raw_queue_depth=8 raw_queue_high_water=8 pending_depth=8 pending_high_water=8 raw_hold_depth=0 raw_hold_high_water=1 storage_samples=177 storage_lock_wait_us=109660 storage_slot_lookup_us=3293 storage_open_us=0 storage_write_us=0 storage_flush_close_us=0 storage_rename_us=0 storage_total_us=1459910 storage_lock_wait_max_us=387795 storage_slot_lookup_max_us=23067 storage_open_max_us=127993 storage_write_max_us=49972 storage_flush_close_max_us=485397 storage_rename_max_us=328000 storage_total_max_us=2463322 storage_total_le_640ms=0 storage_total_641_to_1280ms=0 storage_total_gt_1280ms=177
[RAW-SPOOL-FULL] slot=512 total=2752512 used=2375680 free=376832 need=3133 windowIndex=10.
[PROCESSING-DIAG] pending_full held count=168 bootId=120f97ea7585553158a36232ba779059 windowIndex=10 raw_queue=8 pending=8
[DROP-SUMMARY] capture_queue_full=404 processing_pending_full_events=168 processing_pending_full_unique=1 actual_drop_total=404 raw_hold_full=0 spool_write_fail=0 spool_capacity_full=176 spool_corrupt_or_unreadable=0 raw_queue_depth=8 raw_queue_high_water=8 pending_depth=8 pending_high_water=8 raw_hold_depth=0 raw_hold_high_water=1 storage_samples=178 storage_lock_wait_us=110490 storage_slot_lookup_us=3297 storage_open_us=0 storage_write_us=0 storage_flush_close_us=0 storage_rename_us=0 storage_total_us=1456556 storage_lock_wait_max_us=387795 storage_slot_lookup_max_us=23067 storage_open_max_us=127993 storage_write_max_us=49972 storage_flush_close_max_us=485397 storage_rename_max_us=328000 storage_total_max_us=2463322 storage_total_le_640ms=0 storage_total_641_to_1280ms=0 storage_total_gt_1280ms=178
[RAW-SPOOL-FULL] slot=512 total=2752512 used=2375680 free=376832 need=3133 windowIndex=10.
[PROCESSING-DIAG] pending_full held count=169 bootId=120f97ea7585553158a36232ba779059 windowIndex=10 raw_queue=8 pending=8
[DROP-SUMMARY] capture_queue_full=406 processing_pending_full_events=169 processing_pending_full_unique=1 actual_drop_total=406 raw_hold_full=0 spool_write_fail=0 spool_capacity_full=177 spool_corrupt_or_unreadable=0 raw_queue_depth=8 raw_queue_high_water=8 pending_depth=8 pending_high_water=8 raw_hold_depth=0 raw_hold_high_water=1 storage_samples=179 storage_lock_wait_us=110963 storage_slot_lookup_us=3143 storage_open_us=0 storage_write_us=0 storage_flush_close_us=0 storage_rename_us=0 storage_total_us=1462224 storage_lock_wait_max_us=387795 storage_slot_lookup_max_us=23067 storage_open_max_us=127993 storage_write_max_us=49972 storage_flush_close_max_us=485397 storage_rename_max_us=328000 storage_total_max_us=2463322 storage_total_le_640ms=0 storage_total_641_to_1280ms=0 storage_total_gt_1280ms=179
[DROP-SUMMARY] capture_queue_full=407 processing_pending_full_events=169 processing_pending_full_unique=1 actual_drop_total=407 raw_hold_full=0 spool_write_fail=0 spool_capacity_full=177 spool_corrupt_or_unreadable=0 raw_queue_depth=8 raw_queue_high_water=8 pending_depth=8 pending_high_water=8 raw_hold_depth=0 raw_hold_high_water=1 storage_samples=179 storage_lock_wait_us=110963 storage_slot_lookup_us=3143 storage_open_us=0 storage_write_us=0 storage_flush_close_us=0 storage_rename_us=0 storage_total_us=1462224 storage_lock_wait_max_us=387795 storage_slot_lookup_max_us=23067 storage_open_max_us=127993 storage_write_max_us=49972 storage_flush_close_max_us=485397 storage_rename_max_us=328000 storage_total_max_us=2463322 storage_total_le_640ms=0 storage_total_641_to_1280ms=0 storage_total_gt_1280ms=179
[RAW-SPOOL-FULL] slot=512 total=2752512 used=2375680 free=376832 need=3133 windowIndex=10.
[PROCESSING-DIAG] pending_full held count=170 bootId=120f97ea7585553158a36232ba779059 windowIndex=10 raw_queue=8 pending=8
[RAW-DEBUG] samples=512 quality=valid X[min=-262 max=-219 mean=-237.0 rms=237.0] Y[min=48 max=80 mean=64.4 rms=64.5] Z[min=-73 max=-5 mean=-48.3 rms=48.8]
[DROP-SUMMARY] capture_queue_full=409 processing_pending_full_events=170 processing_pending_full_unique=1 actual_drop_total=409 raw_hold_full=0 spool_write_fail=0 spool_capacity_full=178 spool_corrupt_or_unreadable=0 raw_queue_depth=8 raw_queue_high_water=8 pending_depth=8 pending_high_water=8 raw_hold_depth=0 raw_hold_high_water=1 storage_samples=180 storage_lock_wait_us=112430 storage_slot_lookup_us=3193 storage_open_us=0 storage_write_us=0 storage_flush_close_us=0 storage_rename_us=0 storage_total_us=1458826 storage_lock_wait_max_us=387795 storage_slot_lookup_max_us=23067 storage_open_max_us=127993 storage_write_max_us=49972 storage_flush_close_max_us=485397 storage_rename_max_us=328000 storage_total_max_us=2463322 storage_total_le_640ms=0 storage_total_641_to_1280ms=0 storage_total_gt_1280ms=180
[DROP-SUMMARY] capture_queue_full=410 processing_pending_full_events=170 processing_pending_full_unique=1 actual_drop_total=410 raw_hold_full=0 spool_write_fail=0 spool_capacity_full=178 spool_corrupt_or_unreadable=0 raw_queue_depth=8 raw_queue_high_water=8 pending_depth=8 pending_high_water=8 raw_hold_depth=0 raw_hold_high_water=1 storage_samples=180 storage_lock_wait_us=112430 storage_slot_lookup_us=3193 storage_open_us=0 storage_write_us=0 storage_flush_close_us=0 storage_rename_us=0 storage_total_us=1458826 storage_lock_wait_max_us=387795 storage_slot_lookup_max_us=23067 storage_open_max_us=127993 storage_write_max_us=49972 storage_flush_close_max_us=485397 storage_rename_max_us=328000 storage_total_max_us=2463322 storage_total_le_640ms=0 storage_total_641_to_1280ms=0 storage_total_gt_1280ms=180
[RAW-SPOOL-FULL] slot=512 total=2752512 used=2375680 free=376832 need=3133 windowIndex=10.
[PROCESSING-DIAG] pending_full held count=171 bootId=120f97ea7585553158a36232ba779059 windowIndex=10 raw_queue=8 pending=8
[DROP-SUMMARY] capture_queue_full=412 processing_pending_full_events=171 processing_pending_full_unique=1 actual_drop_total=412 raw_hold_full=0 spool_write_fail=0 spool_capacity_full=179 spool_corrupt_or_unreadable=0 raw_queue_depth=8 raw_queue_high_water=8 pending_depth=8 pending_high_water=8 raw_hold_depth=0 raw_hold_high_water=1 storage_samples=181 storage_lock_wait_us=801075 storage_slot_lookup_us=3303 storage_open_us=0 storage_write_us=0 storage_flush_close_us=0 storage_rename_us=0 storage_total_us=2152072 storage_lock_wait_max_us=801075 storage_slot_lookup_max_us=23067 storage_open_max_us=127993 storage_write_max_us=49972 storage_flush_close_max_us=485397 storage_rename_max_us=328000 storage_total_max_us=2463322 storage_total_le_640ms=0 storage_total_641_to_1280ms=0 storage_total_gt_1280ms=181
[DROP-SUMMARY] capture_queue_full=413 processing_pending_full_events=171 processing_pending_full_unique=1 actual_drop_total=413 raw_hold_full=0 spool_write_fail=0 spool_capacity_full=179 spool_corrupt_or_unreadable=0 raw_queue_depth=8 raw_queue_high_water=8 pending_depth=8 pending_high_water=8 raw_hold_depth=0 raw_hold_high_water=1 storage_samples=181 storage_lock_wait_us=801075 storage_slot_lookup_us=3303 storage_open_us=0 storage_write_us=0 storage_flush_close_us=0 storage_rename_us=0 storage_total_us=2152072 storage_lock_wait_max_us=801075 storage_slot_lookup_max_us=23067 storage_open_max_us=127993 storage_write_max_us=49972 storage_flush_close_max_us=485397 storage_rename_max_us=328000 storage_total_max_us=2463322 storage_total_le_640ms=0 storage_total_641_to_1280ms=0 storage_total_gt_1280ms=181
[RAW-SPOOL-FULL] slot=512 total=2752512 used=2375680 free=376832 need=3133 windowIndex=10.
[PROCESSING-DIAG] pending_full held count=172 bootId=120f97ea7585553158a36232ba779059 windowIndex=10 raw_queue=8 pending=8
[DROP-SUMMARY] capture_queue_full=415 processing_pending_full_events=172 processing_pending_full_unique=1 actual_drop_total=415 raw_hold_full=0 spool_write_fail=0 spool_capacity_full=180 spool_corrupt_or_unreadable=0 raw_queue_depth=8 raw_queue_high_water=8 pending_depth=8 pending_high_water=8 raw_hold_depth=0 raw_hold_high_water=1 storage_samples=182 storage_lock_wait_us=258004 storage_slot_lookup_us=3162 storage_open_us=0 storage_write_us=0 storage_flush_close_us=0 storage_rename_us=0 storage_total_us=1604889 storage_lock_wait_max_us=801075 storage_slot_lookup_max_us=23067 storage_open_max_us=127993 storage_write_max_us=49972 storage_flush_close_max_us=485397 storage_rename_max_us=328000 storage_total_max_us=2463322 storage_total_le_640ms=0 storage_total_641_to_1280ms=0 storage_total_gt_1280ms=182
[RAW-SPOOL-FULL] slot=512 total=2752512 used=2375680 free=376832 need=3133 windowIndex=10.
[PROCESSING-DIAG] pending_full held count=173 bootId=120f97ea7585553158a36232ba779059 windowIndex=10 raw_queue=8 pending=8
[DROP-SUMMARY] capture_queue_full=416 processing_pending_full_events=173 processing_pending_full_unique=1 actual_drop_total=416 raw_hold_full=0 spool_write_fail=0 spool_capacity_full=181 spool_corrupt_or_unreadable=0 raw_queue_depth=8 raw_queue_high_water=8 pending_depth=8 pending_high_water=8 raw_hold_depth=0 raw_hold_high_water=1 storage_samples=183 storage_lock_wait_us=131592 storage_slot_lookup_us=3292 storage_open_us=0 storage_write_us=0 storage_flush_close_us=0 storage_rename_us=0 storage_total_us=1482079 storage_lock_wait_max_us=801075 storage_slot_lookup_max_us=23067 storage_open_max_us=127993 storage_write_max_us=49972 storage_flush_close_max_us=485397 storage_rename_max_us=328000 storage_total_max_us=2463322 storage_total_le_640ms=0 storage_total_641_to_1280ms=0 storage_total_gt_1280ms=183
[DROP-SUMMARY] capture_queue_full=418 processing_pending_full_events=173 processing_pending_full_unique=1 actual_drop_total=418 raw_hold_full=0 spool_write_fail=0 spool_capacity_full=181 spool_corrupt_or_unreadable=0 raw_queue_depth=8 raw_queue_high_water=8 pending_depth=8 pending_high_water=8 raw_hold_depth=0 raw_hold_high_water=1 storage_samples=183 storage_lock_wait_us=131592 storage_slot_lookup_us=3292 storage_open_us=0 storage_write_us=0 storage_flush_close_us=0 storage_rename_us=0 storage_total_us=1482079 storage_lock_wait_max_us=801075 storage_slot_lookup_max_us=23067 storage_open_max_us=127993 storage_write_max_us=49972 storage_flush_close_max_us=485397 storage_rename_max_us=328000 storage_total_max_us=2463322 storage_total_le_640ms=0 storage_total_641_to_1280ms=0 storage_total_gt_1280ms=183
[RAW-SPOOL-FULL] slot=512 total=2752512 used=2375680 free=376832 need=3133 windowIndex=10.
[PROCESSING-DIAG] pending_full held count=174 bootId=120f97ea7585553158a36232ba779059 windowIndex=10 raw_queue=8 pending=8
[DROP-SUMMARY] capture_queue_full=419 processing_pending_full_events=174 processing_pending_full_unique=1 actual_drop_total=419 raw_hold_full=0 spool_write_fail=0 spool_capacity_full=182 spool_corrupt_or_unreadable=0 raw_queue_depth=8 raw_queue_high_water=8 pending_depth=8 pending_high_water=8 raw_hold_depth=0 raw_hold_high_water=1 storage_samples=184 storage_lock_wait_us=132156 storage_slot_lookup_us=3101 storage_open_us=0 storage_write_us=0 storage_flush_close_us=0 storage_rename_us=0 storage_total_us=1483349 storage_lock_wait_max_us=801075 storage_slot_lookup_max_us=23067 storage_open_max_us=127993 storage_write_max_us=49972 storage_flush_close_max_us=485397 storage_rename_max_us=328000 storage_total_max_us=2463322 storage_total_le_640ms=0 storage_total_641_to_1280ms=0 storage_total_gt_1280ms=184
