solid OpenSCAD_Model
  facet normal -0.724272 -0.689312 0.0167367
    outer loop
      vertex -4.62868 -12.8363 0
      vertex -4.52694 -12.9432 0
      vertex -4.63128 -12.828 0.229327
    endloop
  endfacet
  facet normal -0.725029 -0.688533 0.016001
    outer loop
      vertex -4.52694 -12.9432 0
      vertex -4.5143 -12.9508 0.245705
      vertex -4.63128 -12.828 0.229327
    endloop
  endfacet
  facet normal -0.726444 -0.685472 0.0490594
    outer loop
      vertex -4.63128 -12.828 0.229327
      vertex -4.5143 -12.9508 0.245705
      vertex -4.63899 -12.8034 0.45888
    endloop
  endfacet
  facet normal -0.721995 -0.68974 0.0546127
    outer loop
      vertex -4.5143 -12.9508 0.245705
      vertex -4.52159 -12.9237 0.491593
      vertex -4.63899 -12.8034 0.45888
    endloop
  endfacet
  facet normal -0.724306 -0.684616 0.0817475
    outer loop
      vertex -4.63899 -12.8034 0.45888
      vertex -4.52159 -12.9237 0.491593
      vertex -4.6516 -12.7626 0.688842
    endloop
  endfacet
  facet normal -0.71774 -0.690369 0.0907743
    outer loop
      vertex -4.52159 -12.9237 0.491593
      vertex -4.53355 -12.8789 0.737746
      vertex -4.6516 -12.7626 0.688842
    endloop
  endfacet
  facet normal -0.720649 -0.684064 0.112791
    outer loop
      vertex -4.6516 -12.7626 0.688842
      vertex -4.53355 -12.8789 0.737746
      vertex -4.66868 -12.7066 0.919347
    endloop
  endfacet
  facet normal -0.712026 -0.690824 0.125621
    outer loop
      vertex -4.53355 -12.8789 0.737746
      vertex -4.54973 -12.8174 0.984242
      vertex -4.66868 -12.7066 0.919347
    endloop
  endfacet
  facet normal -0.716566 -0.681067 0.150601
    outer loop
      vertex -4.54973 -12.8174 0.984242
      vertex -4.56328 -12.765 1.15674
      vertex -4.66868 -12.7066 0.919347
    endloop
  endfacet
  facet normal -0.752918 -0.643817 0.13643
    outer loop
      vertex -4.54973 -12.8174 0.984242
      vertex -4.43481 -12.9463 1.01017
      vertex -4.56328 -12.765 1.15674
    endloop
  endfacet
  facet normal -0.748892 -0.646906 0.143781
    outer loop
      vertex -4.43481 -12.9463 1.01017
      vertex -4.44651 -12.8935 1.18679
      vertex -4.56328 -12.765 1.15674
    endloop
  endfacet
  facet normal -0.79403 -0.59484 0.125226
    outer loop
      vertex -4.43481 -12.9463 1.01017
      vertex -4.30425 -13.1135 1.0438
      vertex -4.44651 -12.8935 1.18679
    endloop
  endfacet
  facet normal -0.790321 -0.597933 0.133675
    outer loop
      vertex -4.30425 -13.1135 1.0438
      vertex -4.31379 -13.0602 1.22581
      vertex -4.44651 -12.8935 1.18679
    endloop
  endfacet
  facet normal -0.83545 -0.537683 0.113666
    outer loop
      vertex -4.30425 -13.1135 1.0438
      vertex -4.18623 -13.2894 1.07918
      vertex -4.31379 -13.0602 1.22581
    endloop
  endfacet
  facet normal -0.832689 -0.540483 0.120445
    outer loop
      vertex -4.18623 -13.2894 1.07918
      vertex -4.1938 -13.2359 1.26692
      vertex -4.31379 -13.0602 1.22581
    endloop
  endfacet
  facet normal -0.872602 -0.477876 0.100995
    outer loop
      vertex -4.18623 -13.2894 1.07918
      vertex -4.08135 -13.4731 1.11614
      vertex -4.1938 -13.2359 1.26692
    endloop
  endfacet
  facet normal -0.870388 -0.48061 0.106948
    outer loop
      vertex -4.08135 -13.4731 1.11614
      vertex -4.08714 -13.4195 1.30989
      vertex -4.1938 -13.2359 1.26692
    endloop
  endfacet
  facet normal -0.905298 -0.415581 0.0879146
    outer loop
      vertex -4.08135 -13.4731 1.11614
      vertex -3.99013 -13.6637 1.15449
      vertex -4.08714 -13.4195 1.30989
    endloop
  endfacet
  facet normal -0.90361 -0.418141 0.0929909
    outer loop
      vertex -3.99013 -13.6637 1.15449
      vertex -3.99435 -13.6101 1.3545
      vertex -4.08714 -13.4195 1.30989
    endloop
  endfacet
  facet normal -0.928003 -0.364306 0.0780494
    outer loop
      vertex -3.99013 -13.6637 1.15449
      vertex -3.94308 -13.7786 1.1776
      vertex -3.99435 -13.6101 1.3545
    endloop
  endfacet
  facet normal -0.926756 -0.366862 0.0808446
    outer loop
      vertex -3.94308 -13.7786 1.1776
      vertex -3.94648 -13.7251 1.3814
      vertex -3.99435 -13.6101 1.3545
    endloop
  endfacet
  facet normal -0.942844 -0.325841 0.0698078
    outer loop
      vertex -3.94308 -13.7786 1.1776
      vertex -3.90101 -13.8953 1.20109
      vertex -3.94648 -13.7251 1.3814
    endloop
  endfacet
  facet normal -0.941839 -0.328199 0.072287
    outer loop
      vertex -3.90101 -13.8953 1.20109
      vertex -3.90368 -13.8419 1.40875
      vertex -3.94648 -13.7251 1.3814
    endloop
  endfacet
  facet normal -0.96139 -0.269249 0.0568765
    outer loop
      vertex -3.90101 -13.8953 1.20109
      vertex -3.83526 -14.1205 1.24639
      vertex -3.90368 -13.8419 1.40875
    endloop
  endfacet
  facet normal -0.960702 -0.270987 0.0601496
    outer loop
      vertex -3.83526 -14.1205 1.24639
      vertex -3.83677 -14.0674 1.4615
      vertex -3.90368 -13.8419 1.40875
    endloop
  endfacet
  facet normal -0.980239 -0.193543 0.0408953
    outer loop
      vertex -3.83526 -14.1205 1.24639
      vertex -3.788 -14.3501 1.29257
      vertex -3.83677 -14.0674 1.4615
    endloop
  endfacet
  facet normal -0.979888 -0.194828 0.0431466
    outer loop
      vertex -3.788 -14.3501 1.29257
      vertex -3.78867 -14.2974 1.51532
      vertex -3.83677 -14.0674 1.4615
    endloop
  endfacet
  facet normal -0.992866 -0.116667 0.0246156
    outer loop
      vertex -3.788 -14.3501 1.29257
      vertex -3.75952 -14.5826 1.33936
      vertex -3.78867 -14.2974 1.51532
    endloop
  endfacet
  facet normal -0.992739 -0.11746 0.0259214
    outer loop
      vertex -3.75952 -14.5826 1.33936
      vertex -3.75969 -14.5303 1.56984
      vertex -3.78867 -14.2974 1.51532
    endloop
  endfacet
  facet normal -0.999207 -0.0389939 0.00811141
    outer loop
      vertex -3.75952 -14.5826 1.33936
      vertex -3.75 -14.8025 1.45496
      vertex -3.75969 -14.5303 1.56984
    endloop
  endfacet
  facet normal -0.999186 -0.0393328 0.00891601
    outer loop
      vertex -3.75 -14.8025 1.45496
      vertex -3.75 -14.7485 1.69318
      vertex -3.75969 -14.5303 1.56984
    endloop
  endfacet
  facet normal -0.757011 -0.653134 0.0187412
    outer loop
      vertex -4.43074 -13.0547 0
      vertex -4.5143 -12.9508 0.245705
      vertex -4.52694 -12.9432 0
    endloop
  endfacet
  facet normal -0.763784 -0.645338 0.0131413
    outer loop
      vertex -4.43074 -13.0547 0
      vertex -4.40426 -13.0809 0.252419
      vertex -4.5143 -12.9508 0.245705
    endloop
  endfacet
  facet normal -0.763852 -0.643583 0.0482846
    outer loop
      vertex -4.5143 -12.9508 0.245705
      vertex -4.40426 -13.0809 0.252419
      vertex -4.52159 -12.9237 0.491593
    endloop
  endfacet
  facet normal -0.761691 -0.645938 0.050893
    outer loop
      vertex -4.40426 -13.0809 0.252419
      vertex -4.41054 -13.0536 0.504923
      vertex -4.52159 -12.9237 0.491593
    endloop
  endfacet
  facet normal -0.761706 -0.642963 0.0800102
    outer loop
      vertex -4.52159 -12.9237 0.491593
      vertex -4.41054 -13.0536 0.504923
      vertex -4.53355 -12.8789 0.737746
    endloop
  endfacet
  facet normal -0.758024 -0.646696 0.0847568
    outer loop
      vertex -4.41054 -13.0536 0.504923
      vertex -4.42086 -13.0084 0.757503
      vertex -4.53355 -12.8789 0.737746
    endloop
  endfacet
  facet normal -0.758037 -0.642764 0.11061
    outer loop
      vertex -4.53355 -12.8789 0.737746
      vertex -4.42086 -13.0084 0.757503
      vertex -4.54973 -12.8174 0.984242
    endloop
  endfacet
  facet normal -0.752878 -0.64757 0.117591
    outer loop
      vertex -4.42086 -13.0084 0.757503
      vertex -4.43481 -12.9463 1.01017
      vertex -4.54973 -12.8174 0.984242
    endloop
  endfacet
  facet normal -0.788296 -0.615007 0.0188611
    outer loop
      vertex -4.34024 -13.1707 0
      vertex -4.40426 -13.0809 0.252419
      vertex -4.43074 -13.0547 0
    endloop
  endfacet
  facet normal -0.802965 -0.595968 0.00836738
    outer loop
      vertex -4.34024 -13.1707 0
      vertex -4.27933 -13.2491 0.2611
      vertex -4.40426 -13.0809 0.252419
    endloop
  endfacet
  facet normal -0.803092 -0.594209 0.0442705
    outer loop
      vertex -4.40426 -13.0809 0.252419
      vertex -4.27933 -13.2491 0.2611
      vertex -4.41054 -13.0536 0.504923
    endloop
  endfacet
  facet normal -0.801223 -0.596508 0.04712
    outer loop
      vertex -4.27933 -13.2491 0.2611
      vertex -4.28445 -13.2216 0.522172
      vertex -4.41054 -13.0536 0.504923
    endloop
  endfacet
  facet normal -0.801239 -0.593809 0.0735268
    outer loop
      vertex -4.41054 -13.0536 0.504923
      vertex -4.28445 -13.2216 0.522172
      vertex -4.42086 -13.0084 0.757503
    endloop
  endfacet
  facet normal -0.798052 -0.597433 0.078657
    outer loop
      vertex -4.28445 -13.2216 0.522172
      vertex -4.29287 -13.176 0.783094
      vertex -4.42086 -13.0084 0.757503
    endloop
  endfacet
  facet normal -0.798064 -0.593893 0.101904
    outer loop
      vertex -4.42086 -13.0084 0.757503
      vertex -4.29287 -13.176 0.783094
      vertex -4.43481 -12.9463 1.01017
    endloop
  endfacet
  facet normal -0.793991 -0.598127 0.108733
    outer loop
      vertex -4.29287 -13.176 0.783094
      vertex -4.30425 -13.1135 1.0438
      vertex -4.43481 -12.9463 1.01017
    endloop
  endfacet
  facet normal -0.817437 -0.575742 0.0178165
    outer loop
      vertex -4.25558 -13.2909 0
      vertex -4.27933 -13.2491 0.2611
      vertex -4.34024 -13.1707 0
    endloop
  endfacet
  facet normal -0.842832 -0.538093 0.00947924
    outer loop
      vertex -4.25558 -13.2909 0
      vertex -4.16648 -13.4257 0.27021
      vertex -4.27933 -13.2491 0.2611
    endloop
  endfacet
  facet normal -0.842909 -0.536568 0.0399887
    outer loop
      vertex -4.27933 -13.2491 0.2611
      vertex -4.16648 -13.4257 0.27021
      vertex -4.28445 -13.2216 0.522172
    endloop
  endfacet
  facet normal -0.841297 -0.53889 0.042624
    outer loop
      vertex -4.16648 -13.4257 0.27021
      vertex -4.17054 -13.398 0.540283
      vertex -4.28445 -13.2216 0.522172
    endloop
  endfacet
  facet normal -0.841309 -0.536436 0.066601
    outer loop
      vertex -4.28445 -13.2216 0.522172
      vertex -4.17054 -13.398 0.540283
      vertex -4.29287 -13.176 0.783094
    endloop
  endfacet
  facet normal -0.838812 -0.539782 0.0709182
    outer loop
      vertex -4.17054 -13.398 0.540283
      vertex -4.17721 -13.3522 0.80999
      vertex -4.29287 -13.176 0.783094
    endloop
  endfacet
  facet normal -0.838824 -0.536569 0.0920184
    outer loop
      vertex -4.29287 -13.176 0.783094
      vertex -4.17721 -13.3522 0.80999
      vertex -4.30425 -13.1135 1.0438
    endloop
  endfacet
  facet normal -0.835418 -0.540778 0.0981663
    outer loop
      vertex -4.17721 -13.3522 0.80999
      vertex -4.18623 -13.2894 1.07918
      vertex -4.30425 -13.1135 1.0438
    endloop
  endfacet
  facet normal -0.844924 -0.534756 0.0118338
    outer loop
      vertex -4.17691 -13.4152 0
      vertex -4.16648 -13.4257 0.27021
      vertex -4.25558 -13.2909 0
    endloop
  endfacet
  facet normal -0.869941 -0.492944 0.0144242
    outer loop
      vertex -4.10438 -13.5432 0
      vertex -4.16648 -13.4257 0.27021
      vertex -4.17691 -13.4152 0
    endloop
  endfacet
  facet normal -0.878191 -0.47827 0.00614749
    outer loop
      vertex -4.10438 -13.5432 0
      vertex -4.06626 -13.6096 0.279705
      vertex -4.16648 -13.4257 0.27021
    endloop
  endfacet
  facet normal -0.892966 -0.449878 0.0149012
    outer loop
      vertex -4.03813 -13.6747 0
      vertex -4.06626 -13.6096 0.279705
      vertex -4.10438 -13.5432 0
    endloop
  endfacet
  facet normal -0.909585 -0.415486 0.00522524
    outer loop
      vertex -4.03813 -13.6747 0
      vertex -3.97914 -13.8002 0.289537
      vertex -4.06626 -13.6096 0.279705
    endloop
  endfacet
  facet normal -0.914236 -0.40504 0.0107006
    outer loop
      vertex -3.97832 -13.8097 0
      vertex -3.97914 -13.8002 0.289537
      vertex -4.03813 -13.6747 0
    endloop
  endfacet
  facet normal -0.931262 -0.36423 0.00931332
    outer loop
      vertex -3.97832 -13.8097 0
      vertex -3.93422 -13.9149 0.295457
      vertex -3.97914 -13.8002 0.289537
    endloop
  endfacet
  facet normal -0.932931 -0.359884 0.0111099
    outer loop
      vertex -3.92524 -13.9473 0
      vertex -3.93422 -13.9149 0.295457
      vertex -3.97832 -13.8097 0
    endloop
  endfacet
  facet normal -0.945406 -0.32582 0.00699536
    outer loop
      vertex -3.92524 -13.9473 0
      vertex -3.89406 -14.0313 0.301466
      vertex -3.93422 -13.9149 0.295457
    endloop
  endfacet
  facet normal -0.949546 -0.313438 0.0108736
    outer loop
      vertex -3.87906 -14.0872 0
      vertex -3.89406 -14.0313 0.301466
      vertex -3.92524 -13.9473 0
    endloop
  endfacet
  facet normal -0.963091 -0.269168 0.00199067
    outer loop
      vertex -3.87906 -14.0872 0
      vertex -3.83132 -14.2557 0.313047
      vertex -3.89406 -14.0313 0.301466
    endloop
  endfacet
  facet normal -0.963759 -0.266751 0.00339341
    outer loop
      vertex -3.83984 -14.2289 0
      vertex -3.83132 -14.2557 0.313047
      vertex -3.87906 -14.0872 0
    endloop
  endfacet
  facet normal -0.975707 -0.218939 0.00781178
    outer loop
      vertex -3.80764 -14.3724 0
      vertex -3.83132 -14.2557 0.313047
      vertex -3.83984 -14.2289 0
    endloop
  endfacet
  facet normal -0.981083 -0.193576 -0.00205005
    outer loop
      vertex -3.80764 -14.3724 0
      vertex -3.78624 -14.4843 0.324844
      vertex -3.83132 -14.2557 0.313047
    endloop
  endfacet
  facet normal -0.985243 -0.171057 0.0059812
    outer loop
      vertex -3.7825 -14.5172 0
      vertex -3.78624 -14.4843 0.324844
      vertex -3.80764 -14.3724 0
    endloop
  endfacet
  facet normal -0.992469 -0.122495 0.00097972
    outer loop
      vertex -3.7825 -14.5172 0
      vertex -3.76448 -14.6632 0
      vertex -3.78624 -14.4843 0.324844
    endloop
  endfacet
  facet normal -0.993166 -0.116687 -0.0022655
    outer loop
      vertex -3.76448 -14.6632 0
      vertex -3.75908 -14.7157 0.336786
      vertex -3.78624 -14.4843 0.324844
    endloop
  endfacet
  facet normal -0.997273 -0.0736584 0.00450794
    outer loop
      vertex -3.75363 -14.8101 0
      vertex -3.75908 -14.7157 0.336786
      vertex -3.76448 -14.6632 0
    endloop
  endfacet
  facet normal -0.99934 -0.035817 -0.00613232
    outer loop
      vertex -3.75363 -14.8101 0
      vertex -3.75 -14.9532 0.244248
      vertex -3.75908 -14.7157 0.336786
    endloop
  endfacet
  facet normal -0.999697 -0.0246027 0.000443205
    outer loop
      vertex -3.75 -14.9576 0
      vertex -3.75 -14.9532 0.244248
      vertex -3.75363 -14.8101 0
    endloop
  endfacet
  facet normal -0.999236 -0.0390251 0.0021115
    outer loop
      vertex -3.75 -14.9532 0.244248
      vertex -3.75 -14.94 0.488213
      vertex -3.75908 -14.7157 0.336786
    endloop
  endfacet
  facet normal -0.999253 -0.0385412 0.00282928
    outer loop
      vertex -3.75908 -14.7157 0.336786
      vertex -3.75 -14.94 0.488213
      vertex -3.75917 -14.6887 0.672801
    endloop
  endfacet
  facet normal -0.993127 -0.116687 0.00911024
    outer loop
      vertex -3.75908 -14.7157 0.336786
      vertex -3.75917 -14.6887 0.672801
      vertex -3.7866 -14.4571 0.649018
    endloop
  endfacet
  facet normal -0.993128 -0.116143 0.0144136
    outer loop
      vertex -3.7866 -14.4571 0.649018
      vertex -3.75917 -14.6887 0.672801
      vertex -3.78719 -14.412 0.971776
    endloop
  endfacet
  facet normal -0.980654 -0.194105 0.0253302
    outer loop
      vertex -3.7866 -14.4571 0.649018
      vertex -3.78719 -14.412 0.971776
      vertex -3.83346 -14.1828 0.936796
    endloop
  endfacet
  facet normal -0.980656 -0.192916 0.0331192
    outer loop
      vertex -3.83346 -14.1828 0.936796
      vertex -3.78719 -14.412 0.971776
      vertex -3.83526 -14.1205 1.24639
    endloop
  endfacet
  facet normal -0.961379 -0.270848 0.0489135
    outer loop
      vertex -3.83346 -14.1828 0.936796
      vertex -3.83526 -14.1205 1.24639
      vertex -3.90101 -13.8953 1.20109
    endloop
  endfacet
  facet normal -0.999231 -0.0390433 0.00351398
    outer loop
      vertex -3.75 -14.94 0.488213
      vertex -3.75 -14.9181 0.731541
      vertex -3.75917 -14.6887 0.672801
    endloop
  endfacet
  facet normal -0.999239 -0.0387005 0.00485387
    outer loop
      vertex -3.75 -14.9181 0.731541
      vertex -3.75 -14.8877 0.973924
      vertex -3.75917 -14.6887 0.672801
    endloop
  endfacet
  facet normal -0.999233 -0.0388625 0.00474664
    outer loop
      vertex -3.75917 -14.6887 0.672801
      vertex -3.75 -14.8877 0.973924
      vertex -3.75932 -14.644 1.0072
    endloop
  endfacet
  facet normal -0.999217 -0.0390697 0.00626823
    outer loop
      vertex -3.75 -14.8877 0.973924
      vertex -3.75 -14.849 1.21514
      vertex -3.75932 -14.644 1.0072
    endloop
  endfacet
  facet normal -0.999227 -0.0387692 0.00656487
    outer loop
      vertex -3.75932 -14.644 1.0072
      vertex -3.75 -14.849 1.21514
      vertex -3.75952 -14.5826 1.33936
    endloop
  endfacet
  facet normal -0.9992 -0.0392564 0.00761163
    outer loop
      vertex -3.75 -14.849 1.21514
      vertex -3.75 -14.8025 1.45496
      vertex -3.75952 -14.5826 1.33936
    endloop
  endfacet
  facet normal -0.999192 -0.0390889 0.00934799
    outer loop
      vertex -3.75969 -14.5303 1.56984
      vertex -3.75 -14.7485 1.69318
      vertex -3.75988 -14.4707 1.79875
    endloop
  endfacet
  facet normal -0.99917 -0.0394204 0.0102224
    outer loop
      vertex -3.75 -14.7485 1.69318
      vertex -3.75 -14.6872 1.92957
      vertex -3.75988 -14.4707 1.79875
    endloop
  endfacet
  facet normal -0.999181 -0.038931 0.0110331
    outer loop
      vertex -3.75988 -14.4707 1.79875
      vertex -3.75 -14.6872 1.92957
      vertex -3.76032 -14.3311 2.25149
    endloop
  endfacet
  facet normal -0.999126 -0.0399749 0.0121896
    outer loop
      vertex -3.75 -14.6872 1.92957
      vertex -3.75 -14.5448 2.39656
      vertex -3.76032 -14.3311 2.25149
    endloop
  endfacet
  facet normal -0.999143 -0.0391828 0.0133576
    outer loop
      vertex -3.76032 -14.3311 2.25149
      vertex -3.75 -14.5448 2.39656
      vertex -3.76084 -14.1595 2.71596
    endloop
  endfacet
  facet normal -0.999086 -0.0401789 0.0145612
    outer loop
      vertex -3.75 -14.5448 2.39656
      vertex -3.75 -14.3784 2.85571
      vertex -3.76084 -14.1595 2.71596
    endloop
  endfacet
  facet normal -0.999097 -0.0395076 0.0156137
    outer loop
      vertex -3.76084 -14.1595 2.71596
      vertex -3.75 -14.3784 2.85571
      vertex -3.7614 -13.9648 3.17278
    endloop
  endfacet
  facet normal -0.999043 -0.0403923 0.0167697
    outer loop
      vertex -3.75 -14.3784 2.85571
      vertex -3.75 -14.1911 3.30685
      vertex -3.7614 -13.9648 3.17278
    endloop
  endfacet
  facet normal -0.999049 -0.0398471 0.0176904
    outer loop
      vertex -3.7614 -13.9648 3.17278
      vertex -3.75 -14.1911 3.30685
      vertex -3.76199 -13.7506 3.62194
    endloop
  endfacet
  facet normal -0.997895 -0.0534388 0.0367356
    outer loop
      vertex -3.75 -14.1911 3.30685
      vertex -3.75538 -13.786 3.75
      vertex -3.76199 -13.7506 3.62194
    endloop
  endfacet
  facet normal -0.996339 -0.080337 0.0292197
    outer loop
      vertex -3.76199 -13.7506 3.62194
      vertex -3.75538 -13.786 3.75
      vertex -3.77145 -13.5867 3.75
    endloop
  endfacet
  facet normal -0.99956 -0.0269016 0.0124568
    outer loop
      vertex -3.75 -14.1911 3.30685
      vertex -3.75 -13.9859 3.75
      vertex -3.75538 -13.786 3.75
    endloop
  endfacet
  facet normal -0.990915 -0.11353 0.0721031
    outer loop
      vertex -3.76199 -13.7506 3.62194
      vertex -3.77145 -13.5867 3.75
      vertex -3.7978 -13.5116 3.50612
    endloop
  endfacet
  facet normal -0.98893 -0.132939 0.0659119
    outer loop
      vertex -3.7978 -13.5116 3.50612
      vertex -3.77145 -13.5867 3.75
      vertex -3.79808 -13.3886 3.75
    endloop
  endfacet
  facet normal -0.978501 -0.184596 0.0919767
    outer loop
      vertex -3.7978 -13.5116 3.50612
      vertex -3.79808 -13.3886 3.75
      vertex -3.83515 -13.1921 3.75
    endloop
  endfacet
  facet normal -0.975103 -0.19483 0.105905
    outer loop
      vertex -3.7978 -13.5116 3.50612
      vertex -3.83515 -13.1921 3.75
      vertex -3.85717 -13.2764 3.39217
    endloop
  endfacet
  facet normal -0.965049 -0.235548 0.114879
    outer loop
      vertex -3.85717 -13.2764 3.39217
      vertex -3.83515 -13.1921 3.75
      vertex -3.88255 -12.9979 3.75
    endloop
  endfacet
  facet normal -0.951414 -0.272037 0.144246
    outer loop
      vertex -3.85717 -13.2764 3.39217
      vertex -3.88255 -12.9979 3.75
      vertex -3.93965 -13.0469 3.28097
    endloop
  endfacet
  facet normal -0.945406 -0.291583 0.145556
    outer loop
      vertex -3.93965 -13.0469 3.28097
      vertex -3.88255 -12.9979 3.75
      vertex -3.94908 -12.8119 3.69048
    endloop
  endfacet
  facet normal -0.924752 -0.338887 0.173178
    outer loop
      vertex -3.93965 -13.0469 3.28097
      vertex -3.94908 -12.8119 3.69048
      vertex -4.00435 -12.6931 3.62782
    endloop
  endfacet
  facet normal -0.924762 -0.335969 0.178719
    outer loop
      vertex -4.00435 -12.6931 3.62782
      vertex -3.94908 -12.8119 3.69048
      vertex -4.00784 -12.6185 3.75
    endloop
  endfacet
  facet normal -0.905158 -0.373806 0.202381
    outer loop
      vertex -4.00435 -12.6931 3.62782
      vertex -4.00784 -12.6185 3.75
      vertex -4.06605 -12.5769 3.56649
    endloop
  endfacet
  facet normal -0.902771 -0.380772 0.200044
    outer loop
      vertex -4.06605 -12.5769 3.56649
      vertex -4.00784 -12.6185 3.75
      vertex -4.08549 -12.4344 3.75
    endloop
  endfacet
  facet normal -0.875456 -0.42224 0.235139
    outer loop
      vertex -4.06605 -12.5769 3.56649
      vertex -4.08549 -12.4344 3.75
      vertex -4.18536 -12.3857 3.46562
    endloop
  endfacet
  facet normal -0.874021 -0.425818 0.234022
    outer loop
      vertex -4.08549 -12.4344 3.75
      vertex -4.17299 -12.2548 3.75
      vertex -4.18536 -12.3857 3.46562
    endloop
  endfacet
  facet normal -0.845249 -0.470503 0.253339
    outer loop
      vertex -4.18536 -12.3857 3.46562
      vertex -4.17299 -12.2548 3.75
      vertex -4.27018 -12.0802 3.75
    endloop
  endfacet
  facet normal -0.944096 -0.284265 0.166959
    outer loop
      vertex -3.88255 -12.9979 3.75
      vertex -3.94015 -12.8066 3.75
      vertex -3.94908 -12.8119 3.69048
    endloop
  endfacet
  facet normal -0.927417 -0.333742 0.168862
    outer loop
      vertex -3.94908 -12.8119 3.69048
      vertex -3.94015 -12.8066 3.75
      vertex -4.00784 -12.6185 3.75
    endloop
  endfacet
  facet normal -0.816402 -0.516511 0.258272
    outer loop
      vertex -4.27018 -12.0802 3.75
      vertex -4.32092 -12 3.75
      vertex -4.32682 -12 3.73135
    endloop
  endfacet
  facet normal -0.814068 -0.510549 0.276825
    outer loop
      vertex -4.34386 -12 3.68124
      vertex -4.27018 -12.0802 3.75
      vertex -4.32682 -12 3.73135
    endloop
  endfacet
  facet normal -0.814076 -0.510504 0.276886
    outer loop
      vertex -4.27018 -12.0802 3.75
      vertex -4.34386 -12 3.68124
      vertex -4.32203 -12.2038 3.36967
    endloop
  endfacet
  facet normal -0.832779 -0.483019 0.270504
    outer loop
      vertex -4.18536 -12.3857 3.46562
      vertex -4.27018 -12.0802 3.75
      vertex -4.32203 -12.2038 3.36967
    endloop
  endfacet
  facet normal -0.832848 -0.492027 0.253523
    outer loop
      vertex -4.16501 -12.6215 3.07484
      vertex -4.18536 -12.3857 3.46562
      vertex -4.32203 -12.2038 3.36967
    endloop
  endfacet
  facet normal -0.881249 -0.423586 0.209704
    outer loop
      vertex -4.16501 -12.6215 3.07484
      vertex -4.05117 -12.8125 3.16743
      vertex -4.18536 -12.3857 3.46562
    endloop
  endfacet
  facet normal -0.881241 -0.427843 0.200912
    outer loop
      vertex -4.03662 -13.0314 2.7651
      vertex -4.05117 -12.8125 3.16743
      vertex -4.16501 -12.6215 3.07484
    endloop
  endfacet
  facet normal -0.914021 -0.369302 0.167875
    outer loop
      vertex -4.03662 -13.0314 2.7651
      vertex -3.98059 -13.1471 2.81564
      vertex -4.05117 -12.8125 3.16743
    endloop
  endfacet
  facet normal -0.914014 -0.37457 0.155807
    outer loop
      vertex -3.96936 -13.3459 2.40359
      vertex -3.98059 -13.1471 2.81564
      vertex -4.03662 -13.0314 2.7651
    endloop
  endfacet
  facet normal -0.93508 -0.328528 0.133019
    outer loop
      vertex -3.96936 -13.3459 2.40359
      vertex -3.92162 -13.4635 2.44874
      vertex -3.98059 -13.1471 2.81564
    endloop
  endfacet
  facet normal -0.935074 -0.333504 0.120052
    outer loop
      vertex -3.91352 -13.6385 2.02568
      vertex -3.92162 -13.4635 2.44874
      vertex -3.96936 -13.3459 2.40359
    endloop
  endfacet
  facet normal -0.958179 -0.270453 0.0935282
    outer loop
      vertex -3.91352 -13.6385 2.02568
      vertex -3.84235 -13.8651 2.09955
      vertex -3.92162 -13.4635 2.44874
    endloop
  endfacet
  facet normal -0.958173 -0.273959 0.0827688
    outer loop
      vertex -3.83847 -14.0068 1.67545
      vertex -3.84235 -13.8651 2.09955
      vertex -3.91352 -13.6385 2.02568
    endloop
  endfacet
  facet normal -0.979483 -0.193663 0.0557455
    outer loop
      vertex -3.83847 -14.0068 1.67545
      vertex -3.78943 -14.2372 1.73669
      vertex -3.84235 -13.8651 2.09955
    endloop
  endfacet
  facet normal -0.979489 -0.195261 0.0497372
    outer loop
      vertex -3.78867 -14.2974 1.51532
      vertex -3.78943 -14.2372 1.73669
      vertex -3.83847 -14.0068 1.67545
    endloop
  endfacet
  facet normal -0.99274 -0.116885 0.0283777
    outer loop
      vertex -3.78867 -14.2974 1.51532
      vertex -3.75969 -14.5303 1.56984
      vertex -3.78943 -14.2372 1.73669
    endloop
  endfacet
  facet normal -0.645797 -0.690849 0.325075
    outer loop
      vertex -4.69827 -12.1984 2.40126
      vertex -4.74086 -12 2.73829
      vertex -4.84469 -12 2.53202
    endloop
  endfacet
  facet normal -0.661564 -0.686744 0.30119
    outer loop
      vertex -4.8624 -12 2.49312
      vertex -4.69827 -12.1984 2.40126
      vertex -4.84469 -12 2.53202
    endloop
  endfacet
  facet normal -0.661652 -0.686736 0.301017
    outer loop
      vertex -4.69827 -12.1984 2.40126
      vertex -4.8624 -12 2.49312
      vertex -4.8372 -12.1004 2.31946
    endloop
  endfacet
  facet normal -0.658985 -0.695824 0.285601
    outer loop
      vertex -4.80384 -12.2287 2.08385
      vertex -4.69827 -12.1984 2.40126
      vertex -4.8372 -12.1004 2.31946
    endloop
  endfacet
  facet normal -0.667263 -0.68709 0.28752
    outer loop
      vertex -4.65405 -12.3934 2.03789
      vertex -4.69827 -12.1984 2.40126
      vertex -4.80384 -12.2287 2.08385
    endloop
  endfacet
  facet normal -0.678642 -0.688543 0.255641
    outer loop
      vertex -4.77192 -12.3473 1.84915
      vertex -4.65405 -12.3934 2.03789
      vertex -4.80384 -12.2287 2.08385
    endloop
  endfacet
  facet normal -0.675454 -0.692783 0.252615
    outer loop
      vertex -4.61317 -12.5653 1.67577
      vertex -4.65405 -12.3934 2.03789
      vertex -4.77192 -12.3473 1.84915
    endloop
  endfacet
  facet normal -0.691504 -0.685284 0.22849
    outer loop
      vertex -4.74194 -12.4555 1.61537
      vertex -4.61317 -12.5653 1.67577
      vertex -4.77192 -12.3473 1.84915
    endloop
  endfacet
  facet normal -0.689137 -0.69456 0.206582
    outer loop
      vertex -4.71439 -12.5521 1.38249
      vertex -4.61317 -12.5653 1.67577
      vertex -4.74194 -12.4555 1.61537
    endloop
  endfacet
  facet normal -0.694667 -0.68837 0.208769
    outer loop
      vertex -4.57851 -12.7053 1.32948
      vertex -4.61317 -12.5653 1.67577
      vertex -4.71439 -12.5521 1.38249
    endloop
  endfacet
  facet normal -0.706171 -0.686419 0.173645
    outer loop
      vertex -4.68978 -12.6361 1.15052
      vertex -4.57851 -12.7053 1.32948
      vertex -4.71439 -12.5521 1.38249
    endloop
  endfacet
  facet normal -0.706962 -0.685377 0.174539
    outer loop
      vertex -4.56328 -12.765 1.15674
      vertex -4.57851 -12.7053 1.32948
      vertex -4.68978 -12.6361 1.15052
    endloop
  endfacet
  facet normal -0.709628 -0.689396 0.145472
    outer loop
      vertex -4.66868 -12.7066 0.919347
      vertex -4.56328 -12.765 1.15674
      vertex -4.68978 -12.6361 1.15052
    endloop
  endfacet
  facet normal -0.993197 -0.116128 0.00864083
    outer loop
      vertex -3.78624 -14.4843 0.324844
      vertex -3.75908 -14.7157 0.336786
      vertex -3.7866 -14.4571 0.649018
    endloop
  endfacet
  facet normal -0.980954 -0.193648 0.0151588
    outer loop
      vertex -3.78624 -14.4843 0.324844
      vertex -3.7866 -14.4571 0.649018
      vertex -3.83213 -14.2283 0.625527
    endloop
  endfacet
  facet normal -0.981145 -0.192741 0.0143573
    outer loop
      vertex -3.83132 -14.2557 0.313047
      vertex -3.78624 -14.4843 0.324844
      vertex -3.83213 -14.2283 0.625527
    endloop
  endfacet
  facet normal -0.962787 -0.269435 0.0211298
    outer loop
      vertex -3.83132 -14.2557 0.313047
      vertex -3.83213 -14.2283 0.625527
      vertex -3.89549 -14.0037 0.602471
    endloop
  endfacet
  facet normal -0.963141 -0.268251 0.0200211
    outer loop
      vertex -3.89406 -14.0313 0.301466
      vertex -3.83132 -14.2557 0.313047
      vertex -3.89549 -14.0037 0.602471
    endloop
  endfacet
  facet normal -0.944928 -0.326289 0.0254292
    outer loop
      vertex -3.89406 -14.0313 0.301466
      vertex -3.89549 -14.0037 0.602471
      vertex -3.93604 -13.8872 0.590509
    endloop
  endfacet
  facet normal -0.945422 -0.324913 0.0246717
    outer loop
      vertex -3.93422 -13.9149 0.295457
      vertex -3.89406 -14.0313 0.301466
      vertex -3.93604 -13.8872 0.590509
    endloop
  endfacet
  facet normal -0.930651 -0.364796 0.028507
    outer loop
      vertex -3.93422 -13.9149 0.295457
      vertex -3.93604 -13.8872 0.590509
      vertex -3.9814 -13.7724 0.578729
    endloop
  endfacet
  facet normal -0.931268 -0.363286 0.0276449
    outer loop
      vertex -3.97914 -13.8002 0.289537
      vertex -3.93422 -13.9149 0.295457
      vertex -3.9814 -13.7724 0.578729
    endloop
  endfacet
  facet normal -0.908683 -0.416189 0.032907
    outer loop
      vertex -3.97914 -13.8002 0.289537
      vertex -3.9814 -13.7724 0.578729
      vertex -4.06936 -13.5819 0.559167
    endloop
  endfacet
  facet normal -0.909662 -0.414194 0.0309638
    outer loop
      vertex -4.06626 -13.6096 0.279705
      vertex -3.97914 -13.8002 0.289537
      vertex -4.06936 -13.5819 0.559167
    endloop
  endfacet
  facet normal -0.877153 -0.478728 0.037721
    outer loop
      vertex -4.06626 -13.6096 0.279705
      vertex -4.06936 -13.5819 0.559167
      vertex -4.17054 -13.398 0.540283
    endloop
  endfacet
  facet normal -0.878288 -0.476797 0.0356994
    outer loop
      vertex -4.16648 -13.4257 0.27021
      vertex -4.06626 -13.6096 0.279705
      vertex -4.17054 -13.398 0.540283
    endloop
  endfacet
  facet normal -0.980956 -0.192743 0.0239829
    outer loop
      vertex -3.83213 -14.2283 0.625527
      vertex -3.7866 -14.4571 0.649018
      vertex -3.83346 -14.1828 0.936796
    endloop
  endfacet
  facet normal -0.962168 -0.270152 0.0353785
    outer loop
      vertex -3.83213 -14.2283 0.625527
      vertex -3.83346 -14.1828 0.936796
      vertex -3.89784 -13.958 0.902474
    endloop
  endfacet
  facet normal -0.962791 -0.268185 0.0333114
    outer loop
      vertex -3.89549 -14.0037 0.602471
      vertex -3.83213 -14.2283 0.625527
      vertex -3.89784 -13.958 0.902474
    endloop
  endfacet
  facet normal -0.944064 -0.327023 0.0424209
    outer loop
      vertex -3.89549 -14.0037 0.602471
      vertex -3.89784 -13.958 0.902474
      vertex -3.93903 -13.8414 0.884673
    endloop
  endfacet
  facet normal -0.944931 -0.324696 0.0409491
    outer loop
      vertex -3.93604 -13.8872 0.590509
      vertex -3.89549 -14.0037 0.602471
      vertex -3.93903 -13.8414 0.884673
    endloop
  endfacet
  facet normal -0.929469 -0.365829 0.0475105
    outer loop
      vertex -3.93604 -13.8872 0.590509
      vertex -3.93903 -13.8414 0.884673
      vertex -3.98511 -13.7266 0.867146
    endloop
  endfacet
  facet normal -0.930655 -0.363035 0.0456779
    outer loop
      vertex -3.9814 -13.7724 0.578729
      vertex -3.93604 -13.8872 0.590509
      vertex -3.98511 -13.7266 0.867146
    endloop
  endfacet
  facet normal -0.907191 -0.417165 0.0545754
    outer loop
      vertex -3.9814 -13.7724 0.578729
      vertex -3.98511 -13.7266 0.867146
      vertex -4.07446 -13.5361 0.838055
    endloop
  endfacet
  facet normal -0.908691 -0.414292 0.0514193
    outer loop
      vertex -4.06936 -13.5819 0.559167
      vertex -3.9814 -13.7724 0.578729
      vertex -4.07446 -13.5361 0.838055
    endloop
  endfacet
  facet normal -0.875306 -0.479483 0.0627358
    outer loop
      vertex -4.06936 -13.5819 0.559167
      vertex -4.07446 -13.5361 0.838055
      vertex -4.17721 -13.3522 0.80999
    endloop
  endfacet
  facet normal -0.877164 -0.476525 0.0592278
    outer loop
      vertex -4.17054 -13.398 0.540283
      vertex -4.06936 -13.5819 0.559167
      vertex -4.17721 -13.3522 0.80999
    endloop
  endfacet
  facet normal -0.993019 -0.116971 0.0151904
    outer loop
      vertex -3.75917 -14.6887 0.672801
      vertex -3.75932 -14.644 1.0072
      vertex -3.78719 -14.412 0.971776
    endloop
  endfacet
  facet normal -0.99302 -0.116249 0.0199238
    outer loop
      vertex -3.78719 -14.412 0.971776
      vertex -3.75932 -14.644 1.0072
      vertex -3.788 -14.3501 1.29257
    endloop
  endfacet
  facet normal -0.980233 -0.194709 0.0350957
    outer loop
      vertex -3.78719 -14.412 0.971776
      vertex -3.788 -14.3501 1.29257
      vertex -3.83526 -14.1205 1.24639
    endloop
  endfacet
  facet normal -0.992864 -0.117374 0.0210989
    outer loop
      vertex -3.75932 -14.644 1.0072
      vertex -3.75952 -14.5826 1.33936
      vertex -3.788 -14.3501 1.29257
    endloop
  endfacet
  facet normal -0.962171 -0.268506 0.0461638
    outer loop
      vertex -3.89784 -13.958 0.902474
      vertex -3.83346 -14.1828 0.936796
      vertex -3.90101 -13.8953 1.20109
    endloop
  endfacet
  facet normal -0.942829 -0.328037 0.0588689
    outer loop
      vertex -3.89784 -13.958 0.902474
      vertex -3.90101 -13.8953 1.20109
      vertex -3.94308 -13.7786 1.1776
    endloop
  endfacet
  facet normal -0.944067 -0.32486 0.0565935
    outer loop
      vertex -3.93903 -13.8414 0.884673
      vertex -3.89784 -13.958 0.902474
      vertex -3.94308 -13.7786 1.1776
    endloop
  endfacet
  facet normal -0.927985 -0.366763 0.0657992
    outer loop
      vertex -3.93903 -13.8414 0.884673
      vertex -3.94308 -13.7786 1.1776
      vertex -3.99013 -13.6637 1.15449
    endloop
  endfacet
  facet normal -0.929472 -0.363418 0.0633145
    outer loop
      vertex -3.98511 -13.7266 0.867146
      vertex -3.93903 -13.8414 0.884673
      vertex -3.99013 -13.6637 1.15449
    endloop
  endfacet
  facet normal -0.905275 -0.418029 0.0756917
    outer loop
      vertex -3.98511 -13.7266 0.867146
      vertex -3.99013 -13.6637 1.15449
      vertex -4.08135 -13.4731 1.11614
    endloop
  endfacet
  facet normal -0.907198 -0.414592 0.0714482
    outer loop
      vertex -4.07446 -13.5361 0.838055
      vertex -3.98511 -13.7266 0.867146
      vertex -4.08135 -13.4731 1.11614
    endloop
  endfacet
  facet normal -0.872575 -0.480622 0.0872653
    outer loop
      vertex -4.07446 -13.5361 0.838055
      vertex -4.08135 -13.4731 1.11614
      vertex -4.18623 -13.2894 1.07918
    endloop
  endfacet
  facet normal -0.875317 -0.476572 0.0818507
    outer loop
      vertex -4.17721 -13.3522 0.80999
      vertex -4.07446 -13.5361 0.838055
      vertex -4.18623 -13.2894 1.07918
    endloop
  endfacet
  facet normal -0.979889 -0.193895 0.0471337
    outer loop
      vertex -3.83677 -14.0674 1.4615
      vertex -3.78867 -14.2974 1.51532
      vertex -3.83847 -14.0068 1.67545
    endloop
  endfacet
  facet normal -0.959925 -0.271558 0.0692896
    outer loop
      vertex -3.83677 -14.0674 1.4615
      vertex -3.83847 -14.0068 1.67545
      vertex -3.90668 -13.781 1.61543
    endloop
  endfacet
  facet normal -0.960704 -0.269729 0.065533
    outer loop
      vertex -3.90368 -13.8419 1.40875
      vertex -3.83677 -14.0674 1.4615
      vertex -3.90668 -13.781 1.61543
    endloop
  endfacet
  facet normal -0.940674 -0.328937 0.08327
    outer loop
      vertex -3.90368 -13.8419 1.40875
      vertex -3.90668 -13.781 1.61543
      vertex -3.95031 -13.6641 1.58434
    endloop
  endfacet
  facet normal -0.941841 -0.326321 0.0803111
    outer loop
      vertex -3.94648 -13.7251 1.3814
      vertex -3.90368 -13.8419 1.40875
      vertex -3.95031 -13.6641 1.58434
    endloop
  endfacet
  facet normal -0.925374 -0.367472 0.0929912
    outer loop
      vertex -3.94648 -13.7251 1.3814
      vertex -3.95031 -13.6641 1.58434
      vertex -3.99909 -13.549 1.55376
    endloop
  endfacet
  facet normal -0.926758 -0.364767 0.0898043
    outer loop
      vertex -3.99435 -13.6101 1.3545
      vertex -3.94648 -13.7251 1.3814
      vertex -3.99909 -13.549 1.55376
    endloop
  endfacet
  facet normal -0.901808 -0.418697 0.106935
    outer loop
      vertex -3.99435 -13.6101 1.3545
      vertex -3.99909 -13.549 1.55376
      vertex -4.09364 -13.3583 1.50307
    endloop
  endfacet
  facet normal -0.903613 -0.416165 0.101438
    outer loop
      vertex -4.08714 -13.4195 1.30989
      vertex -3.99435 -13.6101 1.3545
      vertex -4.09364 -13.3583 1.50307
    endloop
  endfacet
  facet normal -0.867897 -0.481212 0.123247
    outer loop
      vertex -4.08714 -13.4195 1.30989
      vertex -4.09364 -13.3583 1.50307
      vertex -4.20231 -13.1748 1.45429
    endloop
  endfacet
  facet normal -0.870393 -0.478385 0.116466
    outer loop
      vertex -4.1938 -13.2359 1.26692
      vertex -4.08714 -13.4195 1.30989
      vertex -4.20231 -13.1748 1.45429
    endloop
  endfacet
  facet normal -0.829327 -0.541243 0.138829
    outer loop
      vertex -4.1938 -13.2359 1.26692
      vertex -4.20231 -13.1748 1.45429
      vertex -4.32452 -12.9995 1.40767
    endloop
  endfacet
  facet normal -0.832695 -0.538138 0.130486
    outer loop
      vertex -4.31379 -13.0602 1.22581
      vertex -4.1938 -13.2359 1.26692
      vertex -4.32452 -12.9995 1.40767
    endloop
  endfacet
  facet normal -0.786463 -0.59831 0.153298
    outer loop
      vertex -4.31379 -13.0602 1.22581
      vertex -4.32452 -12.9995 1.40767
      vertex -4.45965 -12.8332 1.36347
    endloop
  endfacet
  facet normal -0.790326 -0.595418 0.144435
    outer loop
      vertex -4.44651 -12.8935 1.18679
      vertex -4.31379 -13.0602 1.22581
      vertex -4.45965 -12.8332 1.36347
    endloop
  endfacet
  facet normal -0.743966 -0.647369 0.165614
    outer loop
      vertex -4.44651 -12.8935 1.18679
      vertex -4.45965 -12.8332 1.36347
      vertex -4.57851 -12.7053 1.32948
    endloop
  endfacet
  facet normal -0.748899 -0.643934 0.156519
    outer loop
      vertex -4.56328 -12.765 1.15674
      vertex -4.44651 -12.8935 1.18679
      vertex -4.57851 -12.7053 1.32948
    endloop
  endfacet
  facet normal -0.992602 -0.117691 0.0298187
    outer loop
      vertex -3.75969 -14.5303 1.56984
      vertex -3.75988 -14.4707 1.79875
      vertex -3.78943 -14.2372 1.73669
    endloop
  endfacet
  facet normal -0.9926 -0.1167 0.0335482
    outer loop
      vertex -3.78943 -14.2372 1.73669
      vertex -3.75988 -14.4707 1.79875
      vertex -3.79117 -14.0964 2.17499
    endloop
  endfacet
  facet normal -0.978571 -0.197141 0.059445
    outer loop
      vertex -3.78943 -14.2372 1.73669
      vertex -3.79117 -14.0964 2.17499
      vertex -3.84235 -13.8651 2.09955
    endloop
  endfacet
  facet normal -0.978575 -0.194575 0.067314
    outer loop
      vertex -3.84235 -13.8651 2.09955
      vertex -3.79117 -14.0964 2.17499
      vertex -3.84694 -13.691 2.53607
    endloop
  endfacet
  facet normal -0.956095 -0.275527 0.0998369
    outer loop
      vertex -3.84235 -13.8651 2.09955
      vertex -3.84694 -13.691 2.53607
      vertex -3.92162 -13.4635 2.44874
    endloop
  endfacet
  facet normal -0.956101 -0.272062 0.108869
    outer loop
      vertex -3.92162 -13.4635 2.44874
      vertex -3.84694 -13.691 2.53607
      vertex -3.93043 -13.2651 2.86717
    endloop
  endfacet
  facet normal -0.931774 -0.335236 0.139335
    outer loop
      vertex -3.92162 -13.4635 2.44874
      vertex -3.93043 -13.2651 2.86717
      vertex -3.98059 -13.1471 2.81564
    endloop
  endfacet
  facet normal -0.93178 -0.330471 0.150253
    outer loop
      vertex -3.98059 -13.1471 2.81564
      vertex -3.93043 -13.2651 2.86717
      vertex -3.99233 -12.9285 3.22363
    endloop
  endfacet
  facet normal -0.909682 -0.376402 0.175499
    outer loop
      vertex -3.98059 -13.1471 2.81564
      vertex -3.99233 -12.9285 3.22363
      vertex -4.05117 -12.8125 3.16743
    endloop
  endfacet
  facet normal -0.909689 -0.371581 0.185457
    outer loop
      vertex -4.05117 -12.8125 3.16743
      vertex -3.99233 -12.9285 3.22363
      vertex -4.06605 -12.5769 3.56649
    endloop
  endfacet
  facet normal -0.875498 -0.429701 0.221045
    outer loop
      vertex -4.05117 -12.8125 3.16743
      vertex -4.06605 -12.5769 3.56649
      vertex -4.18536 -12.3857 3.46562
    endloop
  endfacet
  facet normal -0.959913 -0.269357 0.0775564
    outer loop
      vertex -3.90668 -13.781 1.61543
      vertex -3.83847 -14.0068 1.67545
      vertex -3.91352 -13.6385 2.02568
    endloop
  endfacet
  facet normal -0.93806 -0.331841 0.0996248
    outer loop
      vertex -3.90668 -13.781 1.61543
      vertex -3.91352 -13.6385 2.02568
      vertex -3.95904 -13.5213 1.98745
    endloop
  endfacet
  facet normal -0.94065 -0.325798 0.0950411
    outer loop
      vertex -3.95031 -13.6641 1.58434
      vertex -3.90668 -13.781 1.61543
      vertex -3.95904 -13.5213 1.98745
    endloop
  endfacet
  facet normal -0.922116 -0.370559 0.111299
    outer loop
      vertex -3.95031 -13.6641 1.58434
      vertex -3.95904 -13.5213 1.98745
      vertex -4.00991 -13.406 1.94987
    endloop
  endfacet
  facet normal -0.925345 -0.363972 0.106121
    outer loop
      vertex -3.99909 -13.549 1.55376
      vertex -3.95031 -13.6641 1.58434
      vertex -4.00991 -13.406 1.94987
    endloop
  endfacet
  facet normal -0.897434 -0.422199 0.127905
    outer loop
      vertex -3.99909 -13.549 1.55376
      vertex -4.00991 -13.406 1.94987
      vertex -4.10849 -13.2153 1.88767
    endloop
  endfacet
  facet normal -0.901781 -0.415316 0.119602
    outer loop
      vertex -4.09364 -13.3583 1.50307
      vertex -3.99909 -13.549 1.55376
      vertex -4.10849 -13.2153 1.88767
    endloop
  endfacet
  facet normal -0.862252 -0.484699 0.146926
    outer loop
      vertex -4.09364 -13.3583 1.50307
      vertex -4.10849 -13.2153 1.88767
      vertex -4.22171 -13.032 1.82792
    endloop
  endfacet
  facet normal -0.867861 -0.477426 0.137409
    outer loop
      vertex -4.20231 -13.1748 1.45429
      vertex -4.09364 -13.3583 1.50307
      vertex -4.22171 -13.032 1.82792
    endloop
  endfacet
  facet normal -0.822042 -0.54483 0.165549
    outer loop
      vertex -4.20231 -13.1748 1.45429
      vertex -4.22171 -13.032 1.82792
      vertex -4.34897 -12.8573 1.77095
    endloop
  endfacet
  facet normal -0.829285 -0.537069 0.154413
    outer loop
      vertex -4.32452 -12.9995 1.40767
      vertex -4.20231 -13.1748 1.45429
      vertex -4.34897 -12.8573 1.77095
    endloop
  endfacet
  facet normal -0.777473 -0.601649 0.183179
    outer loop
      vertex -4.32452 -12.9995 1.40767
      vertex -4.34897 -12.8573 1.77095
      vertex -4.48958 -12.692 1.71708
    endloop
  endfacet
  facet normal -0.786416 -0.593698 0.170506
    outer loop
      vertex -4.45965 -12.8332 1.36347
      vertex -4.32452 -12.9995 1.40767
      vertex -4.48958 -12.692 1.71708
    endloop
  endfacet
  facet normal -0.733151 -0.650675 0.197766
    outer loop
      vertex -4.45965 -12.8332 1.36347
      vertex -4.48958 -12.692 1.71708
      vertex -4.61317 -12.5653 1.67577
    endloop
  endfacet
  facet normal -0.743907 -0.642125 0.185144
    outer loop
      vertex -4.57851 -12.7053 1.32948
      vertex -4.45965 -12.8332 1.36347
      vertex -4.61317 -12.5653 1.67577
    endloop
  endfacet
  facet normal -0.992277 -0.118803 0.035668
    outer loop
      vertex -3.75988 -14.4707 1.79875
      vertex -3.76032 -14.3311 2.25149
      vertex -3.79117 -14.0964 2.17499
    endloop
  endfacet
  facet normal -0.992279 -0.117232 0.0404895
    outer loop
      vertex -3.79117 -14.0964 2.17499
      vertex -3.76032 -14.3311 2.25149
      vertex -3.79322 -13.9235 2.62536
    endloop
  endfacet
  facet normal -0.977511 -0.198326 0.0716891
    outer loop
      vertex -3.79117 -14.0964 2.17499
      vertex -3.79322 -13.9235 2.62536
      vertex -3.84694 -13.691 2.53607
    endloop
  endfacet
  facet normal -0.977515 -0.195755 0.0783857
    outer loop
      vertex -3.84694 -13.691 2.53607
      vertex -3.79322 -13.9235 2.62536
      vertex -3.85194 -13.4935 2.96694
    endloop
  endfacet
  facet normal -0.953811 -0.277125 0.115959
    outer loop
      vertex -3.84694 -13.691 2.53607
      vertex -3.85194 -13.4935 2.96694
      vertex -3.93043 -13.2651 2.86717
    endloop
  endfacet
  facet normal -0.953816 -0.27396 0.123209
    outer loop
      vertex -3.93043 -13.2651 2.86717
      vertex -3.85194 -13.4935 2.96694
      vertex -3.93965 -13.0469 3.28097
    endloop
  endfacet
  facet normal -0.92832 -0.336998 0.157017
    outer loop
      vertex -3.93043 -13.2651 2.86717
      vertex -3.93965 -13.0469 3.28097
      vertex -3.99233 -12.9285 3.22363
    endloop
  endfacet
  facet normal -0.928325 -0.332601 0.1661
    outer loop
      vertex -3.99233 -12.9285 3.22363
      vertex -3.93965 -13.0469 3.28097
      vertex -4.00435 -12.6931 3.62782
    endloop
  endfacet
  facet normal -0.905153 -0.378485 0.193511
    outer loop
      vertex -3.99233 -12.9285 3.22363
      vertex -4.00435 -12.6931 3.62782
      vertex -4.06605 -12.5769 3.56649
    endloop
  endfacet
  facet normal -0.938065 -0.326974 0.114554
    outer loop
      vertex -3.95904 -13.5213 1.98745
      vertex -3.91352 -13.6385 2.02568
      vertex -3.96936 -13.3459 2.40359
    endloop
  endfacet
  facet normal -0.918231 -0.372589 0.134272
    outer loop
      vertex -3.95904 -13.5213 1.98745
      vertex -3.96936 -13.3459 2.40359
      vertex -4.02271 -13.2304 2.35925
    endloop
  endfacet
  facet normal -0.922122 -0.36518 0.127809
    outer loop
      vertex -4.00991 -13.406 1.94987
      vertex -3.95904 -13.5213 1.98745
      vertex -4.02271 -13.2304 2.35925
    endloop
  endfacet
  facet normal -0.892422 -0.424104 0.154012
    outer loop
      vertex -4.00991 -13.406 1.94987
      vertex -4.02271 -13.2304 2.35925
      vertex -4.12603 -13.0396 2.28597
    endloop
  endfacet
  facet normal -0.897445 -0.416838 0.144357
    outer loop
      vertex -4.10849 -13.2153 1.88767
      vertex -4.00991 -13.406 1.94987
      vertex -4.12603 -13.0396 2.28597
    endloop
  endfacet
  facet normal -0.855526 -0.486578 0.176967
    outer loop
      vertex -4.10849 -13.2153 1.88767
      vertex -4.12603 -13.0396 2.28597
      vertex -4.24464 -12.8566 2.21573
    endloop
  endfacet
  facet normal -0.862265 -0.478652 0.165503
    outer loop
      vertex -4.22171 -13.032 1.82792
      vertex -4.10849 -13.2153 1.88767
      vertex -4.24464 -12.8566 2.21573
    endloop
  endfacet
  facet normal -0.813384 -0.546588 0.19912
    outer loop
      vertex -4.22171 -13.032 1.82792
      vertex -4.24464 -12.8566 2.21573
      vertex -4.37785 -12.6827 2.14894
    endloop
  endfacet
  facet normal -0.822058 -0.538234 0.185811
    outer loop
      vertex -4.34897 -12.8573 1.77095
      vertex -4.22171 -13.032 1.82792
      vertex -4.37785 -12.6827 2.14894
    endloop
  endfacet
  facet normal -0.766756 -0.603069 0.219985
    outer loop
      vertex -4.34897 -12.8573 1.77095
      vertex -4.37785 -12.6827 2.14894
      vertex -4.5249 -12.5187 2.08599
    endloop
  endfacet
  facet normal -0.777488 -0.59459 0.204878
    outer loop
      vertex -4.48958 -12.692 1.71708
      vertex -4.34897 -12.8573 1.77095
      vertex -4.5249 -12.5187 2.08599
    endloop
  endfacet
  facet normal -0.72052 -0.65163 0.237128
    outer loop
      vertex -4.48958 -12.692 1.71708
      vertex -4.5249 -12.5187 2.08599
      vertex -4.65405 -12.3934 2.03789
    endloop
  endfacet
  facet normal -0.733166 -0.642684 0.222317
    outer loop
      vertex -4.61317 -12.5653 1.67577
      vertex -4.48958 -12.692 1.71708
      vertex -4.65405 -12.3934 2.03789
    endloop
  endfacet
  facet normal -0.991893 -0.11956 0.0430613
    outer loop
      vertex -3.76032 -14.3311 2.25149
      vertex -3.76084 -14.1595 2.71596
      vertex -3.79322 -13.9235 2.62536
    endloop
  endfacet
  facet normal -0.991895 -0.117987 0.0471598
    outer loop
      vertex -3.79322 -13.9235 2.62536
      vertex -3.76084 -14.1595 2.71596
      vertex -3.79545 -13.7274 3.06907
    endloop
  endfacet
  facet normal -0.976364 -0.199457 0.0832442
    outer loop
      vertex -3.79322 -13.9235 2.62536
      vertex -3.79545 -13.7274 3.06907
      vertex -3.85194 -13.4935 2.96694
    endloop
  endfacet
  facet normal -0.976368 -0.197109 0.0886248
    outer loop
      vertex -3.85194 -13.4935 2.96694
      vertex -3.79545 -13.7274 3.06907
      vertex -3.85717 -13.2764 3.39217
    endloop
  endfacet
  facet normal -0.951466 -0.278679 0.130576
    outer loop
      vertex -3.85194 -13.4935 2.96694
      vertex -3.85717 -13.2764 3.39217
      vertex -3.93965 -13.0469 3.28097
    endloop
  endfacet
  facet normal -0.918239 -0.367116 0.148536
    outer loop
      vertex -4.02271 -13.2304 2.35925
      vertex -3.96936 -13.3459 2.40359
      vertex -4.03662 -13.0314 2.7651
    endloop
  endfacet
  facet normal -0.887034 -0.425844 0.178402
    outer loop
      vertex -4.02271 -13.2304 2.35925
      vertex -4.03662 -13.0314 2.7651
      vertex -4.14509 -12.8404 2.68169
    endloop
  endfacet
  facet normal -0.892433 -0.418801 0.167834
    outer loop
      vertex -4.12603 -13.0396 2.28597
      vertex -4.02271 -13.2304 2.35925
      vertex -4.14509 -12.8404 2.68169
    endloop
  endfacet
  facet normal -0.848179 -0.488428 0.205015
    outer loop
      vertex -4.12603 -13.0396 2.28597
      vertex -4.14509 -12.8404 2.68169
      vertex -4.26952 -12.6578 2.60193
    endloop
  endfacet
  facet normal -0.855539 -0.480692 0.192324
    outer loop
      vertex -4.24464 -12.8566 2.21573
      vertex -4.12603 -13.0396 2.28597
      vertex -4.26952 -12.6578 2.60193
    endloop
  endfacet
  facet normal -0.804126 -0.548034 0.230302
    outer loop
      vertex -4.24464 -12.8566 2.21573
      vertex -4.26952 -12.6578 2.60193
      vertex -4.40915 -12.4847 2.52631
    endloop
  endfacet
  facet normal -0.8134 -0.540141 0.215938
    outer loop
      vertex -4.37785 -12.6827 2.14894
      vertex -4.24464 -12.8566 2.21573
      vertex -4.40915 -12.4847 2.52631
    endloop
  endfacet
  facet normal -0.75518 -0.604157 0.254355
    outer loop
      vertex -4.37785 -12.6827 2.14894
      vertex -4.40915 -12.4847 2.52631
      vertex -4.56315 -12.3221 2.4553
    endloop
  endfacet
  facet normal -0.766772 -0.596185 0.23796
    outer loop
      vertex -4.5249 -12.5187 2.08599
      vertex -4.37785 -12.6827 2.14894
      vertex -4.56315 -12.3221 2.4553
    endloop
  endfacet
  facet normal -0.706728 -0.65226 0.27403
    outer loop
      vertex -4.5249 -12.5187 2.08599
      vertex -4.56315 -12.3221 2.4553
      vertex -4.69827 -12.1984 2.40126
    endloop
  endfacet
  facet normal -0.720537 -0.643726 0.257766
    outer loop
      vertex -4.65405 -12.3934 2.03789
      vertex -4.5249 -12.5187 2.08599
      vertex -4.69827 -12.1984 2.40126
    endloop
  endfacet
  facet normal -0.99147 -0.120332 0.0500708
    outer loop
      vertex -3.76084 -14.1595 2.71596
      vertex -3.7614 -13.9648 3.17278
      vertex -3.79545 -13.7274 3.06907
    endloop
  endfacet
  facet normal -0.991472 -0.11889 0.0533724
    outer loop
      vertex -3.79545 -13.7274 3.06907
      vertex -3.7614 -13.9648 3.17278
      vertex -3.7978 -13.5116 3.50612
    endloop
  endfacet
  facet normal -0.975151 -0.200684 0.0938472
    outer loop
      vertex -3.79545 -13.7274 3.06907
      vertex -3.7978 -13.5116 3.50612
      vertex -3.85717 -13.2764 3.39217
    endloop
  endfacet
  facet normal -0.99103 -0.121127 0.0564624
    outer loop
      vertex -3.7614 -13.9648 3.17278
      vertex -3.76199 -13.7506 3.62194
      vertex -3.7978 -13.5116 3.50612
    endloop
  endfacet
  facet normal -0.887044 -0.421015 0.189471
    outer loop
      vertex -4.14509 -12.8404 2.68169
      vertex -4.03662 -13.0314 2.7651
      vertex -4.16501 -12.6215 3.07484
    endloop
  endfacet
  facet normal -0.840645 -0.49017 0.230326
    outer loop
      vertex -4.14509 -12.8404 2.68169
      vertex -4.16501 -12.6215 3.07484
      vertex -4.2955 -12.4392 2.98654
    endloop
  endfacet
  facet normal -0.84819 -0.483081 0.217273
    outer loop
      vertex -4.26952 -12.6578 2.60193
      vertex -4.14509 -12.8404 2.68169
      vertex -4.2955 -12.4392 2.98654
    endloop
  endfacet
  facet normal -0.794386 -0.549569 0.258697
    outer loop
      vertex -4.26952 -12.6578 2.60193
      vertex -4.2955 -12.4392 2.98654
      vertex -4.44181 -12.267 2.90308
    endloop
  endfacet
  facet normal -0.804139 -0.542235 0.243601
    outer loop
      vertex -4.40915 -12.4847 2.52631
      vertex -4.26952 -12.6578 2.60193
      vertex -4.44181 -12.267 2.90308
    endloop
  endfacet
  facet normal -0.743204 -0.605204 0.285266
    outer loop
      vertex -4.40915 -12.4847 2.52631
      vertex -4.44181 -12.267 2.90308
      vertex -4.60304 -12.1058 2.82502
    endloop
  endfacet
  facet normal -0.755192 -0.598038 0.268395
    outer loop
      vertex -4.56315 -12.3221 2.4553
      vertex -4.40915 -12.4847 2.52631
      vertex -4.60304 -12.1058 2.82502
    endloop
  endfacet
  facet normal -0.692394 -0.652891 0.307122
    outer loop
      vertex -4.73565 -12 2.75097
      vertex -4.60304 -12.1058 2.82502
      vertex -4.72555 -12 2.77374
    endloop
  endfacet
  facet normal -0.692404 -0.652832 0.307226
    outer loop
      vertex -4.60304 -12.1058 2.82502
      vertex -4.73565 -12 2.75097
      vertex -4.56315 -12.3221 2.4553
    endloop
  endfacet
  facet normal -0.706742 -0.645104 0.290444
    outer loop
      vertex -4.56315 -12.3221 2.4553
      vertex -4.74086 -12 2.73829
      vertex -4.69827 -12.1984 2.40126
    endloop
  endfacet
  facet normal -0.706775 -0.645085 0.290402
    outer loop
      vertex -4.74086 -12 2.73829
      vertex -4.56315 -12.3221 2.4553
      vertex -4.73565 -12 2.75097
    endloop
  endfacet
  facet normal -0.840654 -0.48546 0.240062
    outer loop
      vertex -4.2955 -12.4392 2.98654
      vertex -4.16501 -12.6215 3.07484
      vertex -4.32203 -12.2038 3.36967
    endloop
  endfacet
  facet normal -0.784494 -0.551129 0.284298
    outer loop
      vertex -4.2955 -12.4392 2.98654
      vertex -4.32203 -12.2038 3.36967
      vertex -4.47513 -12.0325 3.27928
    endloop
  endfacet
  facet normal -0.794397 -0.544547 0.269077
    outer loop
      vertex -4.44181 -12.267 2.90308
      vertex -4.2955 -12.4392 2.98654
      vertex -4.47513 -12.0325 3.27928
    endloop
  endfacet
  facet normal -0.73119 -0.605868 0.313503
    outer loop
      vertex -4.57855 -12 3.10088
      vertex -4.47513 -12.0325 3.27928
      vertex -4.5094 -12 3.26216
    endloop
  endfacet
  facet normal -0.73089 -0.606368 0.313238
    outer loop
      vertex -4.47513 -12.0325 3.27928
      vertex -4.57855 -12 3.10088
      vertex -4.44181 -12.267 2.90308
    endloop
  endfacet
  facet normal -0.743213 -0.600019 0.295993
    outer loop
      vertex -4.44181 -12.267 2.90308
      vertex -4.6215 -12 2.99314
      vertex -4.60304 -12.1058 2.82502
    endloop
  endfacet
  facet normal -0.743107 -0.60003 0.296236
    outer loop
      vertex -4.6215 -12 2.99314
      vertex -4.44181 -12.267 2.90308
      vertex -4.57855 -12 3.10088
    endloop
  endfacet
  facet normal -0.677842 -0.653509 0.336833
    outer loop
      vertex -4.60304 -12.1058 2.82502
      vertex -4.6215 -12 2.99314
      vertex -4.65941 -12 2.91685
    endloop
  endfacet
  facet normal -0.692406 -0.646662 0.320004
    outer loop
      vertex -4.60304 -12.1058 2.82502
      vertex -4.65941 -12 2.91685
      vertex -4.72555 -12 2.77374
    endloop
  endfacet
  facet normal -0.775223 -0.552152 0.306851
    outer loop
      vertex -4.32203 -12.2038 3.36967
      vertex -4.34386 -12 3.68124
      vertex -4.41531 -12 3.50073
    endloop
  endfacet
  facet normal -0.784503 -0.546811 0.292496
    outer loop
      vertex -4.32203 -12.2038 3.36967
      vertex -4.47951 -12 3.32829
      vertex -4.47513 -12.0325 3.27928
    endloop
  endfacet
  facet normal -0.784563 -0.546938 0.292095
    outer loop
      vertex -4.47951 -12 3.32829
      vertex -4.32203 -12.2038 3.36967
      vertex -4.41531 -12 3.50073
    endloop
  endfacet
  facet normal -0.719719 -0.606505 0.33787
    outer loop
      vertex -4.47513 -12.0325 3.27928
      vertex -4.47951 -12 3.32829
      vertex -4.49234 -12 3.30096
    endloop
  endfacet
  facet normal -0.731194 -0.60166 0.321499
    outer loop
      vertex -4.47513 -12.0325 3.27928
      vertex -4.49234 -12 3.30096
      vertex -4.5094 -12 3.26216
    endloop
  endfacet
  facet normal 0.999697 -0.0246027 0.000443205
    outer loop
      vertex 3.75363 -14.8101 0
      vertex 3.75 -14.9532 0.244248
      vertex 3.75 -14.9576 0
    endloop
  endfacet
  facet normal 0.99934 -0.035817 -0.00613232
    outer loop
      vertex 3.75363 -14.8101 0
      vertex 3.75908 -14.7157 0.336786
      vertex 3.75 -14.9532 0.244248
    endloop
  endfacet
  facet normal 0.999236 -0.0390251 0.0021115
    outer loop
      vertex 3.75908 -14.7157 0.336786
      vertex 3.75 -14.94 0.488213
      vertex 3.75 -14.9532 0.244248
    endloop
  endfacet
  facet normal 0.999253 -0.0385412 0.00282928
    outer loop
      vertex 3.75908 -14.7157 0.336786
      vertex 3.75917 -14.6887 0.672801
      vertex 3.75 -14.94 0.488213
    endloop
  endfacet
  facet normal 0.999231 -0.0390433 0.00351398
    outer loop
      vertex 3.75917 -14.6887 0.672801
      vertex 3.75 -14.9181 0.731541
      vertex 3.75 -14.94 0.488213
    endloop
  endfacet
  facet normal 0.999239 -0.0387005 0.00485387
    outer loop
      vertex 3.75917 -14.6887 0.672801
      vertex 3.75 -14.8877 0.973924
      vertex 3.75 -14.9181 0.731541
    endloop
  endfacet
  facet normal 0.999233 -0.0388625 0.00474664
    outer loop
      vertex 3.75917 -14.6887 0.672801
      vertex 3.75932 -14.644 1.0072
      vertex 3.75 -14.8877 0.973924
    endloop
  endfacet
  facet normal 0.999217 -0.0390697 0.00626823
    outer loop
      vertex 3.75932 -14.644 1.0072
      vertex 3.75 -14.849 1.21514
      vertex 3.75 -14.8877 0.973924
    endloop
  endfacet
  facet normal 0.999227 -0.0387692 0.00656487
    outer loop
      vertex 3.75932 -14.644 1.0072
      vertex 3.75952 -14.5826 1.33936
      vertex 3.75 -14.849 1.21514
    endloop
  endfacet
  facet normal 0.9992 -0.0392564 0.00761163
    outer loop
      vertex 3.75952 -14.5826 1.33936
      vertex 3.75 -14.8025 1.45496
      vertex 3.75 -14.849 1.21514
    endloop
  endfacet
  facet normal 0.999207 -0.0389939 0.00811141
    outer loop
      vertex 3.75952 -14.5826 1.33936
      vertex 3.75969 -14.5303 1.56984
      vertex 3.75 -14.8025 1.45496
    endloop
  endfacet
  facet normal 0.999186 -0.0393328 0.00891601
    outer loop
      vertex 3.75969 -14.5303 1.56984
      vertex 3.75 -14.7485 1.69318
      vertex 3.75 -14.8025 1.45496
    endloop
  endfacet
  facet normal 0.999192 -0.0390889 0.00934799
    outer loop
      vertex 3.75969 -14.5303 1.56984
      vertex 3.75988 -14.4707 1.79875
      vertex 3.75 -14.7485 1.69318
    endloop
  endfacet
  facet normal 0.99917 -0.0394204 0.0102224
    outer loop
      vertex 3.75988 -14.4707 1.79875
      vertex 3.75 -14.6872 1.92957
      vertex 3.75 -14.7485 1.69318
    endloop
  endfacet
  facet normal 0.999181 -0.038931 0.0110331
    outer loop
      vertex 3.75988 -14.4707 1.79875
      vertex 3.76032 -14.3311 2.25149
      vertex 3.75 -14.6872 1.92957
    endloop
  endfacet
  facet normal 0.999126 -0.0399749 0.0121896
    outer loop
      vertex 3.76032 -14.3311 2.25149
      vertex 3.75 -14.5448 2.39656
      vertex 3.75 -14.6872 1.92957
    endloop
  endfacet
  facet normal 0.999143 -0.0391828 0.0133576
    outer loop
      vertex 3.76032 -14.3311 2.25149
      vertex 3.76084 -14.1595 2.71596
      vertex 3.75 -14.5448 2.39656
    endloop
  endfacet
  facet normal 0.999086 -0.0401789 0.0145612
    outer loop
      vertex 3.76084 -14.1595 2.71596
      vertex 3.75 -14.3784 2.85571
      vertex 3.75 -14.5448 2.39656
    endloop
  endfacet
  facet normal 0.999097 -0.0395076 0.0156137
    outer loop
      vertex 3.76084 -14.1595 2.71596
      vertex 3.7614 -13.9648 3.17278
      vertex 3.75 -14.3784 2.85571
    endloop
  endfacet
  facet normal 0.999043 -0.0403923 0.0167697
    outer loop
      vertex 3.7614 -13.9648 3.17278
      vertex 3.75 -14.1911 3.30685
      vertex 3.75 -14.3784 2.85571
    endloop
  endfacet
  facet normal 0.999049 -0.0398471 0.0176904
    outer loop
      vertex 3.7614 -13.9648 3.17278
      vertex 3.76199 -13.7506 3.62194
      vertex 3.75 -14.1911 3.30685
    endloop
  endfacet
  facet normal 0.997895 -0.0534388 0.0367356
    outer loop
      vertex 3.76199 -13.7506 3.62194
      vertex 3.75538 -13.786 3.75
      vertex 3.75 -14.1911 3.30685
    endloop
  endfacet
  facet normal 0.996339 -0.080337 0.0292197
    outer loop
      vertex 3.76199 -13.7506 3.62194
      vertex 3.77145 -13.5867 3.75
      vertex 3.75538 -13.786 3.75
    endloop
  endfacet
  facet normal 0.990915 -0.11353 0.0721031
    outer loop
      vertex 3.7978 -13.5116 3.50612
      vertex 3.77145 -13.5867 3.75
      vertex 3.76199 -13.7506 3.62194
    endloop
  endfacet
  facet normal 0.98893 -0.132939 0.0659119
    outer loop
      vertex 3.7978 -13.5116 3.50612
      vertex 3.79808 -13.3886 3.75
      vertex 3.77145 -13.5867 3.75
    endloop
  endfacet
  facet normal 0.975152 -0.198252 0.0988679
    outer loop
      vertex 3.85717 -13.2764 3.39217
      vertex 3.79808 -13.3886 3.75
      vertex 3.7978 -13.5116 3.50612
    endloop
  endfacet
  facet normal 0.977381 -0.184384 0.103584
    outer loop
      vertex 3.85717 -13.2764 3.39217
      vertex 3.83515 -13.1921 3.75
      vertex 3.79808 -13.3886 3.75
    endloop
  endfacet
  facet normal 0.965049 -0.235548 0.114879
    outer loop
      vertex 3.85717 -13.2764 3.39217
      vertex 3.88255 -12.9979 3.75
      vertex 3.83515 -13.1921 3.75
    endloop
  endfacet
  facet normal 0.951414 -0.272037 0.144246
    outer loop
      vertex 3.93965 -13.0469 3.28097
      vertex 3.88255 -12.9979 3.75
      vertex 3.85717 -13.2764 3.39217
    endloop
  endfacet
  facet normal 0.945406 -0.291583 0.145556
    outer loop
      vertex 3.93965 -13.0469 3.28097
      vertex 3.94908 -12.8119 3.69048
      vertex 3.88255 -12.9979 3.75
    endloop
  endfacet
  facet normal 0.928309 -0.331311 0.168749
    outer loop
      vertex 3.99233 -12.9285 3.22363
      vertex 3.94908 -12.8119 3.69048
      vertex 3.93965 -13.0469 3.28097
    endloop
  endfacet
  facet normal 0.924735 -0.340216 0.170642
    outer loop
      vertex 3.99233 -12.9285 3.22363
      vertex 4.00435 -12.6931 3.62782
      vertex 3.94908 -12.8119 3.69048
    endloop
  endfacet
  facet normal 0.909668 -0.3701 0.188494
    outer loop
      vertex 4.05117 -12.8125 3.16743
      vertex 4.00435 -12.6931 3.62782
      vertex 3.99233 -12.9285 3.22363
    endloop
  endfacet
  facet normal 0.905132 -0.380009 0.190602
    outer loop
      vertex 4.05117 -12.8125 3.16743
      vertex 4.06605 -12.5769 3.56649
      vertex 4.00435 -12.6931 3.62782
    endloop
  endfacet
  facet normal 0.881208 -0.420733 0.215538
    outer loop
      vertex 4.16501 -12.6215 3.07484
      vertex 4.06605 -12.5769 3.56649
      vertex 4.05117 -12.8125 3.16743
    endloop
  endfacet
  facet normal 0.875453 -0.432621 0.215458
    outer loop
      vertex 4.16501 -12.6215 3.07484
      vertex 4.18536 -12.3857 3.46562
      vertex 4.06605 -12.5769 3.56649
    endloop
  endfacet
  facet normal 0.840599 -0.482021 0.247081
    outer loop
      vertex 4.2955 -12.4392 2.98654
      vertex 4.18536 -12.3857 3.46562
      vertex 4.16501 -12.6215 3.07484
    endloop
  endfacet
  facet normal 0.83279 -0.495533 0.246795
    outer loop
      vertex 4.2955 -12.4392 2.98654
      vertex 4.32203 -12.2038 3.36967
      vertex 4.18536 -12.3857 3.46562
    endloop
  endfacet
  facet normal 0.794332 -0.540585 0.277138
    outer loop
      vertex 4.44181 -12.267 2.90308
      vertex 4.32203 -12.2038 3.36967
      vertex 4.2955 -12.4392 2.98654
    endloop
  endfacet
  facet normal 0.784425 -0.555146 0.276568
    outer loop
      vertex 4.44181 -12.267 2.90308
      vertex 4.47513 -12.0325 3.27928
      vertex 4.32203 -12.2038 3.36967
    endloop
  endfacet
  facet normal 0.743135 -0.59542 0.305329
    outer loop
      vertex 4.60304 -12.1058 2.82502
      vertex 4.47513 -12.0325 3.27928
      vertex 4.44181 -12.267 2.90308
    endloop
  endfacet
  facet normal 0.731118 -0.610453 0.304655
    outer loop
      vertex 4.47513 -12.0325 3.27928
      vertex 4.6215 -12 2.99314
      vertex 4.5094 -12 3.26216
    endloop
  endfacet
  facet normal 0.730682 -0.611122 0.304356
    outer loop
      vertex 4.6215 -12 2.99314
      vertex 4.47513 -12.0325 3.27928
      vertex 4.60304 -12.1058 2.82502
    endloop
  endfacet
  facet normal 0.692338 -0.642543 0.32834
    outer loop
      vertex 4.72555 -12 2.77374
      vertex 4.6215 -12 2.99314
      vertex 4.60304 -12.1058 2.82502
    endloop
  endfacet
  facet normal 0.997273 -0.0736584 0.00450794
    outer loop
      vertex 3.76448 -14.6632 0
      vertex 3.75908 -14.7157 0.336786
      vertex 3.75363 -14.8101 0
    endloop
  endfacet
  facet normal 0.993166 -0.116687 -0.0022655
    outer loop
      vertex 3.76448 -14.6632 0
      vertex 3.78624 -14.4843 0.324844
      vertex 3.75908 -14.7157 0.336786
    endloop
  endfacet
  facet normal 0.993195 -0.116106 0.00906352
    outer loop
      vertex 3.78624 -14.4843 0.324844
      vertex 3.75917 -14.6887 0.672801
      vertex 3.75908 -14.7157 0.336786
    endloop
  endfacet
  facet normal 0.993126 -0.11673 0.00869144
    outer loop
      vertex 3.78624 -14.4843 0.324844
      vertex 3.7866 -14.4571 0.649018
      vertex 3.75917 -14.6887 0.672801
    endloop
  endfacet
  facet normal 0.993126 -0.116075 0.0150706
    outer loop
      vertex 3.7866 -14.4571 0.649018
      vertex 3.75932 -14.644 1.0072
      vertex 3.75917 -14.6887 0.672801
    endloop
  endfacet
  facet normal 0.993017 -0.11707 0.0145433
    outer loop
      vertex 3.7866 -14.4571 0.649018
      vertex 3.78719 -14.412 0.971776
      vertex 3.75932 -14.644 1.0072
    endloop
  endfacet
  facet normal 0.993018 -0.116105 0.0208641
    outer loop
      vertex 3.78719 -14.412 0.971776
      vertex 3.75952 -14.5826 1.33936
      vertex 3.75932 -14.644 1.0072
    endloop
  endfacet
  facet normal 0.992861 -0.11756 0.0201772
    outer loop
      vertex 3.78719 -14.412 0.971776
      vertex 3.788 -14.3501 1.29257
      vertex 3.75952 -14.5826 1.33936
    endloop
  endfacet
  facet normal 0.992864 -0.11645 0.0256922
    outer loop
      vertex 3.788 -14.3501 1.29257
      vertex 3.75969 -14.5303 1.56984
      vertex 3.75952 -14.5826 1.33936
    endloop
  endfacet
  facet normal 0.992737 -0.117707 0.0248621
    outer loop
      vertex 3.788 -14.3501 1.29257
      vertex 3.78867 -14.2974 1.51532
      vertex 3.75969 -14.5303 1.56984
    endloop
  endfacet
  facet normal 0.992738 -0.116613 0.0295378
    outer loop
      vertex 3.78867 -14.2974 1.51532
      vertex 3.75988 -14.4707 1.79875
      vertex 3.75969 -14.5303 1.56984
    endloop
  endfacet
  facet normal 0.9926 -0.117993 0.0286797
    outer loop
      vertex 3.78867 -14.2974 1.51532
      vertex 3.78943 -14.2372 1.73669
      vertex 3.75988 -14.4707 1.79875
    endloop
  endfacet
  facet normal 0.992596 -0.116338 0.0349075
    outer loop
      vertex 3.78943 -14.2372 1.73669
      vertex 3.76032 -14.3311 2.25149
      vertex 3.75988 -14.4707 1.79875
    endloop
  endfacet
  facet normal 0.992272 -0.119228 0.0343619
    outer loop
      vertex 3.78943 -14.2372 1.73669
      vertex 3.79117 -14.0964 2.17499
      vertex 3.76032 -14.3311 2.25149
    endloop
  endfacet
  facet normal 0.992274 -0.116734 0.0420167
    outer loop
      vertex 3.79117 -14.0964 2.17499
      vertex 3.76084 -14.1595 2.71596
      vertex 3.76032 -14.3311 2.25149
    endloop
  endfacet
  facet normal 0.991887 -0.12012 0.0416
    outer loop
      vertex 3.79117 -14.0964 2.17499
      vertex 3.79322 -13.9235 2.62536
      vertex 3.76084 -14.1595 2.71596
    endloop
  endfacet
  facet normal 0.99189 -0.117356 0.0488019
    outer loop
      vertex 3.79322 -13.9235 2.62536
      vertex 3.7614 -13.9648 3.17278
      vertex 3.76084 -14.1595 2.71596
    endloop
  endfacet
  facet normal 0.991465 -0.121017 0.048501
    outer loop
      vertex 3.79322 -13.9235 2.62536
      vertex 3.79545 -13.7274 3.06907
      vertex 3.7614 -13.9648 3.17278
    endloop
  endfacet
  facet normal 0.991468 -0.118158 0.055046
    outer loop
      vertex 3.79545 -13.7274 3.06907
      vertex 3.76199 -13.7506 3.62194
      vertex 3.7614 -13.9648 3.17278
    endloop
  endfacet
  facet normal 0.991025 -0.121902 0.054862
    outer loop
      vertex 3.79545 -13.7274 3.06907
      vertex 3.7978 -13.5116 3.50612
      vertex 3.76199 -13.7506 3.62194
    endloop
  endfacet
  facet normal 0.992469 -0.122495 0.00097972
    outer loop
      vertex 3.7825 -14.5172 0
      vertex 3.78624 -14.4843 0.324844
      vertex 3.76448 -14.6632 0
    endloop
  endfacet
  facet normal 0.985243 -0.171057 0.0059812
    outer loop
      vertex 3.80764 -14.3724 0
      vertex 3.78624 -14.4843 0.324844
      vertex 3.7825 -14.5172 0
    endloop
  endfacet
  facet normal 0.981083 -0.193576 -0.00205005
    outer loop
      vertex 3.80764 -14.3724 0
      vertex 3.83132 -14.2557 0.313047
      vertex 3.78624 -14.4843 0.324844
    endloop
  endfacet
  facet normal 0.975707 -0.218939 0.00781178
    outer loop
      vertex 3.83984 -14.2289 0
      vertex 3.83132 -14.2557 0.313047
      vertex 3.80764 -14.3724 0
    endloop
  endfacet
  facet normal 0.963759 -0.266751 0.00339341
    outer loop
      vertex 3.83984 -14.2289 0
      vertex 3.87906 -14.0872 0
      vertex 3.83132 -14.2557 0.313047
    endloop
  endfacet
  facet normal 0.963091 -0.269168 0.00199067
    outer loop
      vertex 3.87906 -14.0872 0
      vertex 3.89406 -14.0313 0.301466
      vertex 3.83132 -14.2557 0.313047
    endloop
  endfacet
  facet normal 0.949546 -0.313438 0.0108736
    outer loop
      vertex 3.92524 -13.9473 0
      vertex 3.89406 -14.0313 0.301466
      vertex 3.87906 -14.0872 0
    endloop
  endfacet
  facet normal 0.945406 -0.32582 0.00699536
    outer loop
      vertex 3.92524 -13.9473 0
      vertex 3.93422 -13.9149 0.295457
      vertex 3.89406 -14.0313 0.301466
    endloop
  endfacet
  facet normal 0.932931 -0.359884 0.0111099
    outer loop
      vertex 3.97832 -13.8097 0
      vertex 3.93422 -13.9149 0.295457
      vertex 3.92524 -13.9473 0
    endloop
  endfacet
  facet normal 0.931262 -0.36423 0.00931332
    outer loop
      vertex 3.97832 -13.8097 0
      vertex 3.97914 -13.8002 0.289537
      vertex 3.93422 -13.9149 0.295457
    endloop
  endfacet
  facet normal 0.914236 -0.40504 0.0107006
    outer loop
      vertex 4.03813 -13.6747 0
      vertex 3.97914 -13.8002 0.289537
      vertex 3.97832 -13.8097 0
    endloop
  endfacet
  facet normal 0.909585 -0.415486 0.00522524
    outer loop
      vertex 4.03813 -13.6747 0
      vertex 4.06626 -13.6096 0.279705
      vertex 3.97914 -13.8002 0.289537
    endloop
  endfacet
  facet normal 0.892966 -0.449878 0.0149012
    outer loop
      vertex 4.10438 -13.5432 0
      vertex 4.06626 -13.6096 0.279705
      vertex 4.03813 -13.6747 0
    endloop
  endfacet
  facet normal 0.878191 -0.47827 0.00614749
    outer loop
      vertex 4.10438 -13.5432 0
      vertex 4.16648 -13.4257 0.27021
      vertex 4.06626 -13.6096 0.279705
    endloop
  endfacet
  facet normal 0.869941 -0.492944 0.0144242
    outer loop
      vertex 4.17691 -13.4152 0
      vertex 4.16648 -13.4257 0.27021
      vertex 4.10438 -13.5432 0
    endloop
  endfacet
  facet normal 0.844924 -0.534756 0.0118338
    outer loop
      vertex 4.17691 -13.4152 0
      vertex 4.25558 -13.2909 0
      vertex 4.16648 -13.4257 0.27021
    endloop
  endfacet
  facet normal 0.842832 -0.538093 0.00947924
    outer loop
      vertex 4.25558 -13.2909 0
      vertex 4.27933 -13.2491 0.2611
      vertex 4.16648 -13.4257 0.27021
    endloop
  endfacet
  facet normal 0.817437 -0.575742 0.0178165
    outer loop
      vertex 4.34024 -13.1707 0
      vertex 4.27933 -13.2491 0.2611
      vertex 4.25558 -13.2909 0
    endloop
  endfacet
  facet normal 0.802965 -0.595968 0.00836738
    outer loop
      vertex 4.34024 -13.1707 0
      vertex 4.40426 -13.0809 0.252419
      vertex 4.27933 -13.2491 0.2611
    endloop
  endfacet
  facet normal 0.788296 -0.615007 0.0188611
    outer loop
      vertex 4.43074 -13.0547 0
      vertex 4.40426 -13.0809 0.252419
      vertex 4.34024 -13.1707 0
    endloop
  endfacet
  facet normal 0.763784 -0.645338 0.0131413
    outer loop
      vertex 4.43074 -13.0547 0
      vertex 4.5143 -12.9508 0.245705
      vertex 4.40426 -13.0809 0.252419
    endloop
  endfacet
  facet normal 0.757011 -0.653134 0.0187412
    outer loop
      vertex 4.52694 -12.9432 0
      vertex 4.5143 -12.9508 0.245705
      vertex 4.43074 -13.0547 0
    endloop
  endfacet
  facet normal 0.725029 -0.688533 0.016001
    outer loop
      vertex 4.52694 -12.9432 0
      vertex 4.63128 -12.828 0.229327
      vertex 4.5143 -12.9508 0.245705
    endloop
  endfacet
  facet normal 0.724272 -0.689312 0.0167367
    outer loop
      vertex 4.62868 -12.8363 0
      vertex 4.63128 -12.828 0.229327
      vertex 4.52694 -12.9432 0
    endloop
  endfacet
  facet normal 0.726444 -0.685472 0.0490594
    outer loop
      vertex 4.63128 -12.828 0.229327
      vertex 4.63899 -12.8034 0.45888
      vertex 4.5143 -12.9508 0.245705
    endloop
  endfacet
  facet normal 0.721995 -0.68974 0.0546127
    outer loop
      vertex 4.63899 -12.8034 0.45888
      vertex 4.52159 -12.9237 0.491593
      vertex 4.5143 -12.9508 0.245705
    endloop
  endfacet
  facet normal 0.761663 -0.646146 0.0486321
    outer loop
      vertex 4.5143 -12.9508 0.245705
      vertex 4.52159 -12.9237 0.491593
      vertex 4.41054 -13.0536 0.504923
    endloop
  endfacet
  facet normal 0.761659 -0.642528 0.0838623
    outer loop
      vertex 4.52159 -12.9237 0.491593
      vertex 4.42086 -13.0084 0.757503
      vertex 4.41054 -13.0536 0.504923
    endloop
  endfacet
  facet normal 0.798002 -0.598042 0.0744166
    outer loop
      vertex 4.41054 -13.0536 0.504923
      vertex 4.42086 -13.0084 0.757503
      vertex 4.29287 -13.176 0.783094
    endloop
  endfacet
  facet normal 0.798004 -0.593018 0.107333
    outer loop
      vertex 4.42086 -13.0084 0.757503
      vertex 4.30425 -13.1135 1.0438
      vertex 4.29287 -13.176 0.783094
    endloop
  endfacet
  facet normal 0.835366 -0.541702 0.0933999
    outer loop
      vertex 4.29287 -13.176 0.783094
      vertex 4.30425 -13.1135 1.0438
      vertex 4.18623 -13.2894 1.07918
    endloop
  endfacet
  facet normal 0.835411 -0.536541 0.119212
    outer loop
      vertex 4.30425 -13.1135 1.0438
      vertex 4.1938 -13.2359 1.26692
      vertex 4.18623 -13.2894 1.07918
    endloop
  endfacet
  facet normal 0.870355 -0.481708 0.102177
    outer loop
      vertex 4.18623 -13.2894 1.07918
      vertex 4.1938 -13.2359 1.26692
      vertex 4.08714 -13.4195 1.30989
    endloop
  endfacet
  facet normal 0.870358 -0.477102 0.121862
    outer loop
      vertex 4.1938 -13.2359 1.26692
      vertex 4.09364 -13.3583 1.50307
      vertex 4.08714 -13.4195 1.30989
    endloop
  endfacet
  facet normal 0.901783 -0.419821 0.102658
    outer loop
      vertex 4.08714 -13.4195 1.30989
      vertex 4.09364 -13.3583 1.50307
      vertex 3.99909 -13.549 1.55376
    endloop
  endfacet
  facet normal 0.901724 -0.413908 0.124794
    outer loop
      vertex 4.09364 -13.3583 1.50307
      vertex 4.00991 -13.406 1.94987
      vertex 3.99909 -13.549 1.55376
    endloop
  endfacet
  facet normal 0.922092 -0.37134 0.10887
    outer loop
      vertex 3.99909 -13.549 1.55376
      vertex 4.00991 -13.406 1.94987
      vertex 3.95904 -13.5213 1.98745
    endloop
  endfacet
  facet normal 0.922094 -0.36424 0.130657
    outer loop
      vertex 4.00991 -13.406 1.94987
      vertex 3.96936 -13.3459 2.40359
      vertex 3.95904 -13.5213 1.98745
    endloop
  endfacet
  facet normal 0.935054 -0.33438 0.11775
    outer loop
      vertex 3.95904 -13.5213 1.98745
      vertex 3.96936 -13.3459 2.40359
      vertex 3.92162 -13.4635 2.44874
    endloop
  endfacet
  facet normal 0.93506 -0.327525 0.13561
    outer loop
      vertex 3.96936 -13.3459 2.40359
      vertex 3.93043 -13.2651 2.86717
      vertex 3.92162 -13.4635 2.44874
    endloop
  endfacet
  facet normal 0.953784 -0.278797 0.112111
    outer loop
      vertex 3.92162 -13.4635 2.44874
      vertex 3.93043 -13.2651 2.86717
      vertex 3.85194 -13.4935 2.96694
    endloop
  endfacet
  facet normal 0.953793 -0.272193 0.127236
    outer loop
      vertex 3.93043 -13.2651 2.86717
      vertex 3.85717 -13.2764 3.39217
      vertex 3.85194 -13.4935 2.96694
    endloop
  endfacet
  facet normal 0.975137 -0.201995 0.0911344
    outer loop
      vertex 3.85194 -13.4935 2.96694
      vertex 3.85717 -13.2764 3.39217
      vertex 3.7978 -13.5116 3.50612
    endloop
  endfacet
  facet normal 0.724306 -0.684616 0.0817475
    outer loop
      vertex 4.63899 -12.8034 0.45888
      vertex 4.6516 -12.7626 0.688842
      vertex 4.52159 -12.9237 0.491593
    endloop
  endfacet
  facet normal 0.71774 -0.690369 0.0907743
    outer loop
      vertex 4.6516 -12.7626 0.688842
      vertex 4.53355 -12.8789 0.737746
      vertex 4.52159 -12.9237 0.491593
    endloop
  endfacet
  facet normal 0.757978 -0.647235 0.0809687
    outer loop
      vertex 4.52159 -12.9237 0.491593
      vertex 4.53355 -12.8789 0.737746
      vertex 4.42086 -13.0084 0.757503
    endloop
  endfacet
  facet normal 0.757976 -0.641901 0.115916
    outer loop
      vertex 4.53355 -12.8789 0.737746
      vertex 4.43481 -12.9463 1.01017
      vertex 4.42086 -13.0084 0.757503
    endloop
  endfacet
  facet normal 0.793931 -0.599147 0.103424
    outer loop
      vertex 4.42086 -13.0084 0.757503
      vertex 4.43481 -12.9463 1.01017
      vertex 4.30425 -13.1135 1.0438
    endloop
  endfacet
  facet normal 0.79398 -0.593406 0.132157
    outer loop
      vertex 4.43481 -12.9463 1.01017
      vertex 4.31379 -13.0602 1.22581
      vertex 4.30425 -13.1135 1.0438
    endloop
  endfacet
  facet normal 0.832649 -0.54173 0.114998
    outer loop
      vertex 4.30425 -13.1135 1.0438
      vertex 4.31379 -13.0602 1.22581
      vertex 4.1938 -13.2359 1.26692
    endloop
  endfacet
  facet normal 0.83265 -0.536549 0.137147
    outer loop
      vertex 4.31379 -13.0602 1.22581
      vertex 4.20231 -13.1748 1.45429
      vertex 4.1938 -13.2359 1.26692
    endloop
  endfacet
  facet normal 0.867863 -0.482598 0.117955
    outer loop
      vertex 4.1938 -13.2359 1.26692
      vertex 4.20231 -13.1748 1.45429
      vertex 4.09364 -13.3583 1.50307
    endloop
  endfacet
  facet normal 0.86779 -0.475791 0.1434
    outer loop
      vertex 4.20231 -13.1748 1.45429
      vertex 4.10849 -13.2153 1.88767
      vertex 4.09364 -13.3583 1.50307
    endloop
  endfacet
  facet normal 0.897378 -0.423795 0.122924
    outer loop
      vertex 4.09364 -13.3583 1.50307
      vertex 4.10849 -13.2153 1.88767
      vertex 4.00991 -13.406 1.94987
    endloop
  endfacet
  facet normal 0.897387 -0.414986 0.149946
    outer loop
      vertex 4.10849 -13.2153 1.88767
      vertex 4.02271 -13.2304 2.35925
      vertex 4.00991 -13.406 1.94987
    endloop
  endfacet
  facet normal 0.918205 -0.373621 0.131552
    outer loop
      vertex 4.00991 -13.406 1.94987
      vertex 4.02271 -13.2304 2.35925
      vertex 3.96936 -13.3459 2.40359
    endloop
  endfacet
  facet normal 0.918213 -0.365953 0.151535
    outer loop
      vertex 4.02271 -13.2304 2.35925
      vertex 3.98059 -13.1471 2.81564
      vertex 3.96936 -13.3459 2.40359
    endloop
  endfacet
  facet normal 0.931754 -0.336307 0.136863
    outer loop
      vertex 3.96936 -13.3459 2.40359
      vertex 3.98059 -13.1471 2.81564
      vertex 3.93043 -13.2651 2.86717
    endloop
  endfacet
  facet normal 0.931761 -0.329312 0.152888
    outer loop
      vertex 3.98059 -13.1471 2.81564
      vertex 3.93965 -13.0469 3.28097
      vertex 3.93043 -13.2651 2.86717
    endloop
  endfacet
  facet normal 0.951441 -0.280534 0.126729
    outer loop
      vertex 3.93043 -13.2651 2.86717
      vertex 3.93965 -13.0469 3.28097
      vertex 3.85717 -13.2764 3.39217
    endloop
  endfacet
  facet normal 0.720649 -0.684064 0.112791
    outer loop
      vertex 4.6516 -12.7626 0.688842
      vertex 4.66868 -12.7066 0.919347
      vertex 4.53355 -12.8789 0.737746
    endloop
  endfacet
  facet normal 0.712026 -0.690824 0.125621
    outer loop
      vertex 4.66868 -12.7066 0.919347
      vertex 4.54973 -12.8174 0.984242
      vertex 4.53355 -12.8789 0.737746
    endloop
  endfacet
  facet normal 0.752818 -0.648561 0.112399
    outer loop
      vertex 4.53355 -12.8789 0.737746
      vertex 4.54973 -12.8174 0.984242
      vertex 4.43481 -12.9463 1.01017
    endloop
  endfacet
  facet normal 0.752875 -0.642611 0.142233
    outer loop
      vertex 4.54973 -12.8174 0.984242
      vertex 4.44651 -12.8935 1.18679
      vertex 4.43481 -12.9463 1.01017
    endloop
  endfacet
  facet normal 0.790268 -0.599485 0.126864
    outer loop
      vertex 4.43481 -12.9463 1.01017
      vertex 4.44651 -12.8935 1.18679
      vertex 4.31379 -13.0602 1.22581
    endloop
  endfacet
  facet normal 0.790277 -0.593716 0.151539
    outer loop
      vertex 4.44651 -12.8935 1.18679
      vertex 4.32452 -12.9995 1.40767
      vertex 4.31379 -13.0602 1.22581
    endloop
  endfacet
  facet normal 0.82928 -0.542948 0.132293
    outer loop
      vertex 4.31379 -13.0602 1.22581
      vertex 4.32452 -12.9995 1.40767
      vertex 4.20231 -13.1748 1.45429
    endloop
  endfacet
  facet normal 0.829195 -0.535129 0.16147
    outer loop
      vertex 4.32452 -12.9995 1.40767
      vertex 4.22171 -13.032 1.82792
      vertex 4.20231 -13.1748 1.45429
    endloop
  endfacet
  facet normal 0.862182 -0.486528 0.141182
    outer loop
      vertex 4.20231 -13.1748 1.45429
      vertex 4.22171 -13.032 1.82792
      vertex 4.10849 -13.2153 1.88767
    endloop
  endfacet
  facet normal 0.862189 -0.476424 0.172194
    outer loop
      vertex 4.22171 -13.032 1.82792
      vertex 4.12603 -13.0396 2.28597
      vertex 4.10849 -13.2153 1.88767
    endloop
  endfacet
  facet normal 0.892365 -0.426122 0.148676
    outer loop
      vertex 4.10849 -13.2153 1.88767
      vertex 4.12603 -13.0396 2.28597
      vertex 4.02271 -13.2304 2.35925
    endloop
  endfacet
  facet normal 0.892379 -0.416537 0.173655
    outer loop
      vertex 4.12603 -13.0396 2.28597
      vertex 4.03662 -13.0314 2.7651
      vertex 4.02271 -13.2304 2.35925
    endloop
  endfacet
  facet normal 0.913989 -0.375808 0.152944
    outer loop
      vertex 4.02271 -13.2304 2.35925
      vertex 4.03662 -13.0314 2.7651
      vertex 3.98059 -13.1471 2.81564
    endloop
  endfacet
  facet normal 0.913998 -0.367985 0.170865
    outer loop
      vertex 4.03662 -13.0314 2.7651
      vertex 3.99233 -12.9285 3.22363
      vertex 3.98059 -13.1471 2.81564
    endloop
  endfacet
  facet normal 0.928302 -0.338209 0.154499
    outer loop
      vertex 3.98059 -13.1471 2.81564
      vertex 3.99233 -12.9285 3.22363
      vertex 3.93965 -13.0469 3.28097
    endloop
  endfacet
  facet normal 0.715292 -0.683975 0.143302
    outer loop
      vertex 4.66868 -12.7066 0.919347
      vertex 4.68978 -12.6361 1.15052
      vertex 4.54973 -12.8174 0.984242
    endloop
  endfacet
  facet normal 0.708962 -0.688359 0.153414
    outer loop
      vertex 4.68978 -12.6361 1.15052
      vertex 4.56328 -12.765 1.15674
      vertex 4.54973 -12.8174 0.984242
    endloop
  endfacet
  facet normal 0.748847 -0.648199 0.138081
    outer loop
      vertex 4.54973 -12.8174 0.984242
      vertex 4.56328 -12.765 1.15674
      vertex 4.44651 -12.8935 1.18679
    endloop
  endfacet
  facet normal 0.748849 -0.642255 0.163505
    outer loop
      vertex 4.56328 -12.765 1.15674
      vertex 4.45965 -12.8332 1.36347
      vertex 4.44651 -12.8935 1.18679
    endloop
  endfacet
  facet normal 0.786412 -0.60012 0.146331
    outer loop
      vertex 4.44651 -12.8935 1.18679
      vertex 4.45965 -12.8332 1.36347
      vertex 4.32452 -12.9995 1.40767
    endloop
  endfacet
  facet normal 0.786307 -0.59146 0.178596
    outer loop
      vertex 4.45965 -12.8332 1.36347
      vertex 4.34897 -12.8573 1.77095
      vertex 4.32452 -12.9995 1.40767
    endloop
  endfacet
  facet normal 0.821955 -0.546972 0.158783
    outer loop
      vertex 4.32452 -12.9995 1.40767
      vertex 4.34897 -12.8573 1.77095
      vertex 4.22171 -13.032 1.82792
    endloop
  endfacet
  facet normal 0.821963 -0.535609 0.193647
    outer loop
      vertex 4.34897 -12.8573 1.77095
      vertex 4.24464 -12.8566 2.21573
      vertex 4.22171 -13.032 1.82792
    endloop
  endfacet
  facet normal 0.855453 -0.488983 0.170578
    outer loop
      vertex 4.22171 -13.032 1.82792
      vertex 4.24464 -12.8566 2.21573
      vertex 4.12603 -13.0396 2.28597
    endloop
  endfacet
  facet normal 0.855467 -0.477936 0.199383
    outer loop
      vertex 4.24464 -12.8566 2.21573
      vertex 4.14509 -12.8404 2.68169
      vertex 4.12603 -13.0396 2.28597
    endloop
  endfacet
  facet normal 0.886981 -0.428239 0.172848
    outer loop
      vertex 4.12603 -13.0396 2.28597
      vertex 4.14509 -12.8404 2.68169
      vertex 4.03662 -13.0314 2.7651
    endloop
  endfacet
  facet normal 0.886994 -0.41834 0.195533
    outer loop
      vertex 4.14509 -12.8404 2.68169
      vertex 4.05117 -12.8125 3.16743
      vertex 4.03662 -13.0314 2.7651
    endloop
  endfacet
  facet normal 0.90966 -0.377775 0.172643
    outer loop
      vertex 4.03662 -13.0314 2.7651
      vertex 4.05117 -12.8125 3.16743
      vertex 3.99233 -12.9285 3.22363
    endloop
  endfacet
  facet normal 0.706962 -0.685377 0.174539
    outer loop
      vertex 4.68978 -12.6361 1.15052
      vertex 4.57851 -12.7053 1.32948
      vertex 4.56328 -12.765 1.15674
    endloop
  endfacet
  facet normal 0.706171 -0.686419 0.173645
    outer loop
      vertex 4.68978 -12.6361 1.15052
      vertex 4.71439 -12.5521 1.38249
      vertex 4.57851 -12.7053 1.32948
    endloop
  endfacet
  facet normal 0.694667 -0.68837 0.208769
    outer loop
      vertex 4.71439 -12.5521 1.38249
      vertex 4.61317 -12.5653 1.67577
      vertex 4.57851 -12.7053 1.32948
    endloop
  endfacet
  facet normal 0.689137 -0.69456 0.206582
    outer loop
      vertex 4.71439 -12.5521 1.38249
      vertex 4.74194 -12.4555 1.61537
      vertex 4.61317 -12.5653 1.67577
    endloop
  endfacet
  facet normal 0.691504 -0.685284 0.22849
    outer loop
      vertex 4.74194 -12.4555 1.61537
      vertex 4.77192 -12.3473 1.84915
      vertex 4.61317 -12.5653 1.67577
    endloop
  endfacet
  facet normal 0.675454 -0.692783 0.252615
    outer loop
      vertex 4.77192 -12.3473 1.84915
      vertex 4.65405 -12.3934 2.03789
      vertex 4.61317 -12.5653 1.67577
    endloop
  endfacet
  facet normal 0.678642 -0.688543 0.255641
    outer loop
      vertex 4.77192 -12.3473 1.84915
      vertex 4.80384 -12.2287 2.08385
      vertex 4.65405 -12.3934 2.03789
    endloop
  endfacet
  facet normal 0.667263 -0.68709 0.28752
    outer loop
      vertex 4.80384 -12.2287 2.08385
      vertex 4.69827 -12.1984 2.40126
      vertex 4.65405 -12.3934 2.03789
    endloop
  endfacet
  facet normal 0.658985 -0.695824 0.285601
    outer loop
      vertex 4.80384 -12.2287 2.08385
      vertex 4.8372 -12.1004 2.31946
      vertex 4.69827 -12.1984 2.40126
    endloop
  endfacet
  facet normal 0.661564 -0.686744 0.30119
    outer loop
      vertex 4.69827 -12.1984 2.40126
      vertex 4.8624 -12 2.49312
      vertex 4.84469 -12 2.53202
    endloop
  endfacet
  facet normal 0.661652 -0.686736 0.301017
    outer loop
      vertex 4.8624 -12 2.49312
      vertex 4.69827 -12.1984 2.40126
      vertex 4.8372 -12.1004 2.31946
    endloop
  endfacet
  facet normal 0.645797 -0.690849 0.325075
    outer loop
      vertex 4.84469 -12 2.53202
      vertex 4.74086 -12 2.73829
      vertex 4.69827 -12.1984 2.40126
    endloop
  endfacet
  facet normal 0.731126 -0.596868 0.33046
    outer loop
      vertex 4.5094 -12 3.26216
      vertex 4.47951 -12 3.32829
      vertex 4.47513 -12.0325 3.27928
    endloop
  endfacet
  facet normal 0.775489 -0.555896 0.299326
    outer loop
      vertex 4.47513 -12.0325 3.27928
      vertex 4.47951 -12 3.32829
      vertex 4.40681 -12 3.51664
    endloop
  endfacet
  facet normal 0.784503 -0.542714 0.300027
    outer loop
      vertex 4.32203 -12.2038 3.36967
      vertex 4.40681 -12 3.51664
      vertex 4.34386 -12 3.68124
    endloop
  endfacet
  facet normal 0.78445 -0.542748 0.300105
    outer loop
      vertex 4.40681 -12 3.51664
      vertex 4.32203 -12.2038 3.36967
      vertex 4.47513 -12.0325 3.27928
    endloop
  endfacet
  facet normal 0.814068 -0.510549 0.276825
    outer loop
      vertex 4.27018 -12.0802 3.75
      vertex 4.34386 -12 3.68124
      vertex 4.32682 -12 3.73135
    endloop
  endfacet
  facet normal 0.814076 -0.510504 0.276886
    outer loop
      vertex 4.34386 -12 3.68124
      vertex 4.27018 -12.0802 3.75
      vertex 4.32203 -12.2038 3.36967
    endloop
  endfacet
  facet normal 0.832779 -0.483019 0.270504
    outer loop
      vertex 4.32203 -12.2038 3.36967
      vertex 4.27018 -12.0802 3.75
      vertex 4.18536 -12.3857 3.46562
    endloop
  endfacet
  facet normal 0.845249 -0.470503 0.253339
    outer loop
      vertex 4.18536 -12.3857 3.46562
      vertex 4.27018 -12.0802 3.75
      vertex 4.17299 -12.2548 3.75
    endloop
  endfacet
  facet normal 0.874021 -0.425818 0.234022
    outer loop
      vertex 4.18536 -12.3857 3.46562
      vertex 4.17299 -12.2548 3.75
      vertex 4.08549 -12.4344 3.75
    endloop
  endfacet
  facet normal 0.816402 -0.516511 0.258272
    outer loop
      vertex 4.32682 -12 3.73135
      vertex 4.32092 -12 3.75
      vertex 4.27018 -12.0802 3.75
    endloop
  endfacet
  facet normal 0.875456 -0.42224 0.235139
    outer loop
      vertex 4.18536 -12.3857 3.46562
      vertex 4.08549 -12.4344 3.75
      vertex 4.06605 -12.5769 3.56649
    endloop
  endfacet
  facet normal 0.902771 -0.380772 0.200044
    outer loop
      vertex 4.06605 -12.5769 3.56649
      vertex 4.08549 -12.4344 3.75
      vertex 4.00784 -12.6185 3.75
    endloop
  endfacet
  facet normal 0.905158 -0.373806 0.202381
    outer loop
      vertex 4.06605 -12.5769 3.56649
      vertex 4.00784 -12.6185 3.75
      vertex 4.00435 -12.6931 3.62782
    endloop
  endfacet
  facet normal 0.924762 -0.335969 0.178719
    outer loop
      vertex 4.00435 -12.6931 3.62782
      vertex 4.00784 -12.6185 3.75
      vertex 3.94908 -12.8119 3.69048
    endloop
  endfacet
  facet normal 0.927417 -0.333742 0.168862
    outer loop
      vertex 3.94908 -12.8119 3.69048
      vertex 4.00784 -12.6185 3.75
      vertex 3.94015 -12.8066 3.75
    endloop
  endfacet
  facet normal 0.944096 -0.284265 0.166959
    outer loop
      vertex 3.94908 -12.8119 3.69048
      vertex 3.94015 -12.8066 3.75
      vertex 3.88255 -12.9979 3.75
    endloop
  endfacet
  facet normal 0.99956 -0.0269016 0.0124568
    outer loop
      vertex 3.75538 -13.786 3.75
      vertex 3.75 -13.9859 3.75
      vertex 3.75 -14.1911 3.30685
    endloop
  endfacet
  facet normal 0.763824 -0.643441 0.05057
    outer loop
      vertex 4.5143 -12.9508 0.245705
      vertex 4.41054 -13.0536 0.504923
      vertex 4.40426 -13.0809 0.252419
    endloop
  endfacet
  facet normal 0.801191 -0.596744 0.0445919
    outer loop
      vertex 4.40426 -13.0809 0.252419
      vertex 4.41054 -13.0536 0.504923
      vertex 4.28445 -13.2216 0.522172
    endloop
  endfacet
  facet normal 0.803061 -0.594054 0.0468255
    outer loop
      vertex 4.40426 -13.0809 0.252419
      vertex 4.28445 -13.2216 0.522172
      vertex 4.27933 -13.2491 0.2611
    endloop
  endfacet
  facet normal 0.84127 -0.539112 0.0402888
    outer loop
      vertex 4.27933 -13.2491 0.2611
      vertex 4.28445 -13.2216 0.522172
      vertex 4.17054 -13.398 0.540283
    endloop
  endfacet
  facet normal 0.842882 -0.536429 0.0423478
    outer loop
      vertex 4.27933 -13.2491 0.2611
      vertex 4.17054 -13.398 0.540283
      vertex 4.16648 -13.4257 0.27021
    endloop
  endfacet
  facet normal 0.877133 -0.478901 0.0359324
    outer loop
      vertex 4.16648 -13.4257 0.27021
      vertex 4.17054 -13.398 0.540283
      vertex 4.06936 -13.5819 0.559167
    endloop
  endfacet
  facet normal 0.878269 -0.476694 0.037507
    outer loop
      vertex 4.16648 -13.4257 0.27021
      vertex 4.06936 -13.5819 0.559167
      vertex 4.06626 -13.6096 0.279705
    endloop
  endfacet
  facet normal 0.908666 -0.416358 0.0311894
    outer loop
      vertex 4.06626 -13.6096 0.279705
      vertex 4.06936 -13.5819 0.559167
      vertex 3.9814 -13.7724 0.578729
    endloop
  endfacet
  facet normal 0.909645 -0.414097 0.0326983
    outer loop
      vertex 4.06626 -13.6096 0.279705
      vertex 3.9814 -13.7724 0.578729
      vertex 3.97914 -13.8002 0.289537
    endloop
  endfacet
  facet normal 0.930645 -0.364865 0.0278016
    outer loop
      vertex 3.97914 -13.8002 0.289537
      vertex 3.9814 -13.7724 0.578729
      vertex 3.93604 -13.8872 0.590509
    endloop
  endfacet
  facet normal 0.931261 -0.363247 0.0283578
    outer loop
      vertex 3.97914 -13.8002 0.289537
      vertex 3.93604 -13.8872 0.590509
      vertex 3.93422 -13.9149 0.295457
    endloop
  endfacet
  facet normal 0.944923 -0.326351 0.0248097
    outer loop
      vertex 3.93422 -13.9149 0.295457
      vertex 3.93604 -13.8872 0.590509
      vertex 3.89549 -14.0037 0.602471
    endloop
  endfacet
  facet normal 0.945417 -0.324879 0.0252977
    outer loop
      vertex 3.93422 -13.9149 0.295457
      vertex 3.89549 -14.0037 0.602471
      vertex 3.89406 -14.0313 0.301466
    endloop
  endfacet
  facet normal 0.96278 -0.269534 0.0201404
    outer loop
      vertex 3.89406 -14.0313 0.301466
      vertex 3.89549 -14.0037 0.602471
      vertex 3.83213 -14.2283 0.625527
    endloop
  endfacet
  facet normal 0.963134 -0.268198 0.0210205
    outer loop
      vertex 3.89406 -14.0313 0.301466
      vertex 3.83213 -14.2283 0.625527
      vertex 3.83132 -14.2557 0.313047
    endloop
  endfacet
  facet normal 0.98095 -0.193721 0.0144438
    outer loop
      vertex 3.83132 -14.2557 0.313047
      vertex 3.83213 -14.2283 0.625527
      vertex 3.7866 -14.4571 0.649018
    endloop
  endfacet
  facet normal 0.981141 -0.192703 0.0150793
    outer loop
      vertex 3.83132 -14.2557 0.313047
      vertex 3.7866 -14.4571 0.649018
      vertex 3.78624 -14.4843 0.324844
    endloop
  endfacet
  facet normal 0.801188 -0.593328 0.0778385
    outer loop
      vertex 4.41054 -13.0536 0.504923
      vertex 4.29287 -13.176 0.783094
      vertex 4.28445 -13.2216 0.522172
    endloop
  endfacet
  facet normal 0.838773 -0.540299 0.067358
    outer loop
      vertex 4.28445 -13.2216 0.522172
      vertex 4.29287 -13.176 0.783094
      vertex 4.17721 -13.3522 0.80999
    endloop
  endfacet
  facet normal 0.841268 -0.536038 0.0702217
    outer loop
      vertex 4.28445 -13.2216 0.522172
      vertex 4.17721 -13.3522 0.80999
      vertex 4.17054 -13.398 0.540283
    endloop
  endfacet
  facet normal 0.875276 -0.479907 0.0598489
    outer loop
      vertex 4.17054 -13.398 0.540283
      vertex 4.17721 -13.3522 0.80999
      vertex 4.07446 -13.5361 0.838055
    endloop
  endfacet
  facet normal 0.877133 -0.476207 0.0621644
    outer loop
      vertex 4.17054 -13.398 0.540283
      vertex 4.07446 -13.5361 0.838055
      vertex 4.06936 -13.5819 0.559167
    endloop
  endfacet
  facet normal 0.907166 -0.417549 0.0519822
    outer loop
      vertex 4.06936 -13.5819 0.559167
      vertex 4.07446 -13.5361 0.838055
      vertex 3.98511 -13.7266 0.867146
    endloop
  endfacet
  facet normal 0.908666 -0.41401 0.0540554
    outer loop
      vertex 4.06936 -13.5819 0.559167
      vertex 3.98511 -13.7266 0.867146
      vertex 3.9814 -13.7724 0.578729
    endloop
  endfacet
  facet normal 0.929457 -0.36603 0.0461688
    outer loop
      vertex 3.9814 -13.7724 0.578729
      vertex 3.98511 -13.7266 0.867146
      vertex 3.93903 -13.8414 0.884673
    endloop
  endfacet
  facet normal 0.930644 -0.362891 0.047041
    outer loop
      vertex 3.9814 -13.7724 0.578729
      vertex 3.93903 -13.8414 0.884673
      vertex 3.93604 -13.8872 0.590509
    endloop
  endfacet
  facet normal 0.944056 -0.327184 0.0413453
    outer loop
      vertex 3.93604 -13.8872 0.590509
      vertex 3.93903 -13.8414 0.884673
      vertex 3.89784 -13.958 0.902474
    endloop
  endfacet
  facet normal 0.944923 -0.324581 0.0420422
    outer loop
      vertex 3.93604 -13.8872 0.590509
      vertex 3.89784 -13.958 0.902474
      vertex 3.89549 -14.0037 0.602471
    endloop
  endfacet
  facet normal 0.962156 -0.270412 0.0336555
    outer loop
      vertex 3.89549 -14.0037 0.602471
      vertex 3.89784 -13.958 0.902474
      vertex 3.83346 -14.1828 0.936796
    endloop
  endfacet
  facet normal 0.96278 -0.268002 0.0350617
    outer loop
      vertex 3.89549 -14.0037 0.602471
      vertex 3.83346 -14.1828 0.936796
      vertex 3.83213 -14.2283 0.625527
    endloop
  endfacet
  facet normal 0.980648 -0.194275 0.0242081
    outer loop
      vertex 3.83213 -14.2283 0.625527
      vertex 3.83346 -14.1828 0.936796
      vertex 3.78719 -14.412 0.971776
    endloop
  endfacet
  facet normal 0.980951 -0.192625 0.0251229
    outer loop
      vertex 3.83213 -14.2283 0.625527
      vertex 3.78719 -14.412 0.971776
      vertex 3.7866 -14.4571 0.649018
    endloop
  endfacet
  facet normal 0.838773 -0.535792 0.0968906
    outer loop
      vertex 4.29287 -13.176 0.783094
      vertex 4.18623 -13.2894 1.07918
      vertex 4.17721 -13.3522 0.80999
    endloop
  endfacet
  facet normal 0.872533 -0.48144 0.0830796
    outer loop
      vertex 4.17721 -13.3522 0.80999
      vertex 4.18623 -13.2894 1.07918
      vertex 4.08135 -13.4731 1.11614
    endloop
  endfacet
  facet normal 0.875274 -0.475896 0.0861276
    outer loop
      vertex 4.17721 -13.3522 0.80999
      vertex 4.08135 -13.4731 1.11614
      vertex 4.07446 -13.5361 0.838055
    endloop
  endfacet
  facet normal 0.905245 -0.418673 0.0724212
    outer loop
      vertex 4.07446 -13.5361 0.838055
      vertex 4.08135 -13.4731 1.11614
      vertex 3.99013 -13.6637 1.15449
    endloop
  endfacet
  facet normal 0.907169 -0.414067 0.0747913
    outer loop
      vertex 4.07446 -13.5361 0.838055
      vertex 3.99013 -13.6637 1.15449
      vertex 3.98511 -13.7266 0.867146
    endloop
  endfacet
  facet normal 0.927971 -0.36709 0.0641446
    outer loop
      vertex 3.98511 -13.7266 0.867146
      vertex 3.99013 -13.6637 1.15449
      vertex 3.94308 -13.7786 1.1776
    endloop
  endfacet
  facet normal 0.929459 -0.363154 0.0650052
    outer loop
      vertex 3.98511 -13.7266 0.867146
      vertex 3.94308 -13.7786 1.1776
      vertex 3.93903 -13.8414 0.884673
    endloop
  endfacet
  facet normal 0.942817 -0.328338 0.0573563
    outer loop
      vertex 3.93903 -13.8414 0.884673
      vertex 3.94308 -13.7786 1.1776
      vertex 3.90101 -13.8953 1.20109
    endloop
  endfacet
  facet normal 0.944056 -0.32462 0.0581384
    outer loop
      vertex 3.93903 -13.8414 0.884673
      vertex 3.90101 -13.8953 1.20109
      vertex 3.89784 -13.958 0.902474
    endloop
  endfacet
  facet normal 0.961365 -0.271278 0.0467543
    outer loop
      vertex 3.89784 -13.958 0.902474
      vertex 3.90101 -13.8953 1.20109
      vertex 3.83526 -14.1205 1.24639
    endloop
  endfacet
  facet normal 0.962158 -0.268165 0.0483692
    outer loop
      vertex 3.89784 -13.958 0.902474
      vertex 3.83526 -14.1205 1.24639
      vertex 3.83346 -14.1828 0.936796
    endloop
  endfacet
  facet normal 0.980226 -0.195019 0.0335448
    outer loop
      vertex 3.83346 -14.1828 0.936796
      vertex 3.83526 -14.1205 1.24639
      vertex 3.788 -14.3501 1.29257
    endloop
  endfacet
  facet normal 0.980649 -0.192673 0.0347019
    outer loop
      vertex 3.83346 -14.1828 0.936796
      vertex 3.788 -14.3501 1.29257
      vertex 3.78719 -14.412 0.971776
    endloop
  endfacet
  facet normal 0.872571 -0.476881 0.105851
    outer loop
      vertex 4.18623 -13.2894 1.07918
      vertex 4.08714 -13.4195 1.30989
      vertex 4.08135 -13.4731 1.11614
    endloop
  endfacet
  facet normal 0.903584 -0.419078 0.0889333
    outer loop
      vertex 4.08135 -13.4731 1.11614
      vertex 4.08714 -13.4195 1.30989
      vertex 3.99435 -13.6101 1.3545
    endloop
  endfacet
  facet normal 0.905273 -0.414738 0.092044
    outer loop
      vertex 4.08135 -13.4731 1.11614
      vertex 3.99435 -13.6101 1.3545
      vertex 3.99013 -13.6637 1.15449
    endloop
  endfacet
  facet normal 0.926745 -0.367316 0.0788824
    outer loop
      vertex 3.99013 -13.6637 1.15449
      vertex 3.99435 -13.6101 1.3545
      vertex 3.94648 -13.7251 1.3814
    endloop
  endfacet
  facet normal 0.927992 -0.3639 0.0800466
    outer loop
      vertex 3.99013 -13.6637 1.15449
      vertex 3.94648 -13.7251 1.3814
      vertex 3.94308 -13.7786 1.1776
    endloop
  endfacet
  facet normal 0.94183 -0.328603 0.0705496
    outer loop
      vertex 3.94308 -13.7786 1.1776
      vertex 3.94648 -13.7251 1.3814
      vertex 3.90368 -13.8419 1.40875
    endloop
  endfacet
  facet normal 0.942835 -0.325482 0.0715755
    outer loop
      vertex 3.94308 -13.7786 1.1776
      vertex 3.90368 -13.8419 1.40875
      vertex 3.90101 -13.8953 1.20109
    endloop
  endfacet
  facet normal 0.96069 -0.271606 0.0574916
    outer loop
      vertex 3.90101 -13.8953 1.20109
      vertex 3.90368 -13.8419 1.40875
      vertex 3.83677 -14.0674 1.4615
    endloop
  endfacet
  facet normal 0.961379 -0.268702 0.0595806
    outer loop
      vertex 3.90101 -13.8953 1.20109
      vertex 3.83677 -14.0674 1.4615
      vertex 3.83526 -14.1205 1.24639
    endloop
  endfacet
  facet normal 0.979882 -0.195254 0.0413201
    outer loop
      vertex 3.83526 -14.1205 1.24639
      vertex 3.83677 -14.0674 1.4615
      vertex 3.78867 -14.2974 1.51532
    endloop
  endfacet
  facet normal 0.980234 -0.193169 0.042753
    outer loop
      vertex 3.83526 -14.1205 1.24639
      vertex 3.78867 -14.2974 1.51532
      vertex 3.788 -14.3501 1.29257
    endloop
  endfacet
  facet normal 0.743914 -0.649143 0.158759
    outer loop
      vertex 4.56328 -12.765 1.15674
      vertex 4.57851 -12.7053 1.32948
      vertex 4.45965 -12.8332 1.36347
    endloop
  endfacet
  facet normal 0.743804 -0.640042 0.192619
    outer loop
      vertex 4.57851 -12.7053 1.32948
      vertex 4.48958 -12.692 1.71708
      vertex 4.45965 -12.8332 1.36347
    endloop
  endfacet
  facet normal 0.77737 -0.604089 0.175421
    outer loop
      vertex 4.45965 -12.8332 1.36347
      vertex 4.48958 -12.692 1.71708
      vertex 4.34897 -12.8573 1.77095
    endloop
  endfacet
  facet normal 0.777375 -0.591567 0.21386
    outer loop
      vertex 4.48958 -12.692 1.71708
      vertex 4.37785 -12.6827 2.14894
      vertex 4.34897 -12.8573 1.77095
    endloop
  endfacet
  facet normal 0.813292 -0.549392 0.191635
    outer loop
      vertex 4.34897 -12.8573 1.77095
      vertex 4.37785 -12.6827 2.14894
      vertex 4.24464 -12.8566 2.21573
    endloop
  endfacet
  facet normal 0.813313 -0.536972 0.224016
    outer loop
      vertex 4.37785 -12.6827 2.14894
      vertex 4.26952 -12.6578 2.60193
      vertex 4.24464 -12.8566 2.21573
    endloop
  endfacet
  facet normal 0.848108 -0.491323 0.198276
    outer loop
      vertex 4.24464 -12.8566 2.21573
      vertex 4.26952 -12.6578 2.60193
      vertex 4.14509 -12.8404 2.68169
    endloop
  endfacet
  facet normal 0.848127 -0.479981 0.224273
    outer loop
      vertex 4.26952 -12.6578 2.60193
      vertex 4.16501 -12.6215 3.07484
      vertex 4.14509 -12.8404 2.68169
    endloop
  endfacet
  facet normal 0.881189 -0.430622 0.195116
    outer loop
      vertex 4.14509 -12.8404 2.68169
      vertex 4.16501 -12.6215 3.07484
      vertex 4.05117 -12.8125 3.16743
    endloop
  endfacet
  facet normal 0.903588 -0.415132 0.105799
    outer loop
      vertex 4.08714 -13.4195 1.30989
      vertex 3.99909 -13.549 1.55376
      vertex 3.99435 -13.6101 1.3545
    endloop
  endfacet
  facet normal 0.926747 -0.364249 0.0919964
    outer loop
      vertex 3.99435 -13.6101 1.3545
      vertex 3.95031 -13.6641 1.58434
      vertex 3.94648 -13.7251 1.3814
    endloop
  endfacet
  facet normal 0.925362 -0.368039 0.0908409
    outer loop
      vertex 3.99435 -13.6101 1.3545
      vertex 3.99909 -13.549 1.55376
      vertex 3.95031 -13.6641 1.58434
    endloop
  endfacet
  facet normal 0.925319 -0.363288 0.108654
    outer loop
      vertex 3.99909 -13.549 1.55376
      vertex 3.95904 -13.5213 1.98745
      vertex 3.95031 -13.6641 1.58434
    endloop
  endfacet
  facet normal 0.941832 -0.325842 0.0823413
    outer loop
      vertex 3.94648 -13.7251 1.3814
      vertex 3.90668 -13.781 1.61543
      vertex 3.90368 -13.8419 1.40875
    endloop
  endfacet
  facet normal 0.940664 -0.329463 0.0812777
    outer loop
      vertex 3.94648 -13.7251 1.3814
      vertex 3.95031 -13.6641 1.58434
      vertex 3.90668 -13.781 1.61543
    endloop
  endfacet
  facet normal 0.94063 -0.325196 0.0972738
    outer loop
      vertex 3.95031 -13.6641 1.58434
      vertex 3.91352 -13.6385 2.02568
      vertex 3.90668 -13.781 1.61543
    endloop
  endfacet
  facet normal 0.93804 -0.332532 0.0974834
    outer loop
      vertex 3.95031 -13.6641 1.58434
      vertex 3.95904 -13.5213 1.98745
      vertex 3.91352 -13.6385 2.02568
    endloop
  endfacet
  facet normal 0.938044 -0.326179 0.116965
    outer loop
      vertex 3.95904 -13.5213 1.98745
      vertex 3.92162 -13.4635 2.44874
      vertex 3.91352 -13.6385 2.02568
    endloop
  endfacet
  facet normal 0.960692 -0.269016 0.0685637
    outer loop
      vertex 3.90368 -13.8419 1.40875
      vertex 3.83847 -14.0068 1.67545
      vertex 3.83677 -14.0674 1.4615
    endloop
  endfacet
  facet normal 0.959912 -0.272344 0.0663152
    outer loop
      vertex 3.90368 -13.8419 1.40875
      vertex 3.90668 -13.781 1.61543
      vertex 3.83847 -14.0068 1.67545
    endloop
  endfacet
  facet normal 0.959888 -0.268456 0.0809146
    outer loop
      vertex 3.90668 -13.781 1.61543
      vertex 3.84235 -13.8651 2.09955
      vertex 3.83847 -14.0068 1.67545
    endloop
  endfacet
  facet normal 0.958148 -0.275001 0.0795465
    outer loop
      vertex 3.90668 -13.781 1.61543
      vertex 3.91352 -13.6385 2.02568
      vertex 3.84235 -13.8651 2.09955
    endloop
  endfacet
  facet normal 0.958152 -0.269216 0.0972981
    outer loop
      vertex 3.91352 -13.6385 2.02568
      vertex 3.84694 -13.691 2.53607
      vertex 3.84235 -13.8651 2.09955
    endloop
  endfacet
  facet normal 0.956067 -0.2769 0.0962356
    outer loop
      vertex 3.91352 -13.6385 2.02568
      vertex 3.92162 -13.4635 2.44874
      vertex 3.84694 -13.691 2.53607
    endloop
  endfacet
  facet normal 0.956075 -0.270507 0.112899
    outer loop
      vertex 3.92162 -13.4635 2.44874
      vertex 3.85194 -13.4935 2.96694
      vertex 3.84694 -13.691 2.53607
    endloop
  endfacet
  facet normal 0.979883 -0.193403 0.0492306
    outer loop
      vertex 3.83677 -14.0674 1.4615
      vertex 3.78943 -14.2372 1.73669
      vertex 3.78867 -14.2974 1.51532
    endloop
  endfacet
  facet normal 0.979483 -0.195807 0.0476784
    outer loop
      vertex 3.83677 -14.0674 1.4615
      vertex 3.83847 -14.0068 1.67545
      vertex 3.78943 -14.2372 1.73669
    endloop
  endfacet
  facet normal 0.97947 -0.193029 0.0581205
    outer loop
      vertex 3.83847 -14.0068 1.67545
      vertex 3.79117 -14.0964 2.17499
      vertex 3.78943 -14.2372 1.73669
    endloop
  endfacet
  facet normal 0.978558 -0.197882 0.0571636
    outer loop
      vertex 3.83847 -14.0068 1.67545
      vertex 3.84235 -13.8651 2.09955
      vertex 3.79117 -14.0964 2.17499
    endloop
  endfacet
  facet normal 0.978562 -0.193723 0.0699174
    outer loop
      vertex 3.84235 -13.8651 2.09955
      vertex 3.79322 -13.9235 2.62536
      vertex 3.79117 -14.0964 2.17499
    endloop
  endfacet
  facet normal 0.977497 -0.199278 0.069201
    outer loop
      vertex 3.84235 -13.8651 2.09955
      vertex 3.84694 -13.691 2.53607
      vertex 3.79322 -13.9235 2.62536
    endloop
  endfacet
  facet normal 0.977502 -0.194696 0.0811344
    outer loop
      vertex 3.84694 -13.691 2.53607
      vertex 3.79545 -13.7274 3.06907
      vertex 3.79322 -13.9235 2.62536
    endloop
  endfacet
  facet normal 0.97635 -0.2006 0.08062
    outer loop
      vertex 3.84694 -13.691 2.53607
      vertex 3.85194 -13.4935 2.96694
      vertex 3.79545 -13.7274 3.06907
    endloop
  endfacet
  facet normal 0.976356 -0.195867 0.0914624
    outer loop
      vertex 3.85194 -13.4935 2.96694
      vertex 3.7978 -13.5116 3.50612
      vertex 3.79545 -13.7274 3.06907
    endloop
  endfacet
  facet normal 0.733055 -0.652919 0.190595
    outer loop
      vertex 4.57851 -12.7053 1.32948
      vertex 4.61317 -12.5653 1.67577
      vertex 4.48958 -12.692 1.71708
    endloop
  endfacet
  facet normal 0.733063 -0.639937 0.230434
    outer loop
      vertex 4.61317 -12.5653 1.67577
      vertex 4.5249 -12.5187 2.08599
      vertex 4.48958 -12.692 1.71708
    endloop
  endfacet
  facet normal 0.766648 -0.606267 0.211402
    outer loop
      vertex 4.48958 -12.692 1.71708
      vertex 4.5249 -12.5187 2.08599
      vertex 4.37785 -12.6827 2.14894
    endloop
  endfacet
  facet normal 0.766668 -0.592509 0.247291
    outer loop
      vertex 4.5249 -12.5187 2.08599
      vertex 4.40915 -12.4847 2.52631
      vertex 4.37785 -12.6827 2.14894
    endloop
  endfacet
  facet normal 0.804042 -0.551336 0.222588
    outer loop
      vertex 4.37785 -12.6827 2.14894
      vertex 4.40915 -12.4847 2.52631
      vertex 4.26952 -12.6578 2.60193
    endloop
  endfacet
  facet normal 0.804062 -0.53859 0.251803
    outer loop
      vertex 4.40915 -12.4847 2.52631
      vertex 4.2955 -12.4392 2.98654
      vertex 4.26952 -12.6578 2.60193
    endloop
  endfacet
  facet normal 0.840582 -0.493366 0.223633
    outer loop
      vertex 4.26952 -12.6578 2.60193
      vertex 4.2955 -12.4392 2.98654
      vertex 4.16501 -12.6215 3.07484
    endloop
  endfacet
  facet normal 0.720422 -0.654508 0.229369
    outer loop
      vertex 4.61317 -12.5653 1.67577
      vertex 4.65405 -12.3934 2.03789
      vertex 4.5249 -12.5187 2.08599
    endloop
  endfacet
  facet normal 0.720441 -0.640361 0.266275
    outer loop
      vertex 4.65405 -12.3934 2.03789
      vertex 4.56315 -12.3221 2.4553
      vertex 4.5249 -12.5187 2.08599
    endloop
  endfacet
  facet normal 0.755081 -0.607958 0.245438
    outer loop
      vertex 4.5249 -12.5187 2.08599
      vertex 4.56315 -12.3221 2.4553
      vertex 4.40915 -12.4847 2.52631
    endloop
  endfacet
  facet normal 0.755102 -0.59389 0.277698
    outer loop
      vertex 4.56315 -12.3221 2.4553
      vertex 4.44181 -12.267 2.90308
      vertex 4.40915 -12.4847 2.52631
    endloop
  endfacet
  facet normal 0.794309 -0.553306 0.25085
    outer loop
      vertex 4.40915 -12.4847 2.52631
      vertex 4.44181 -12.267 2.90308
      vertex 4.2955 -12.4392 2.98654
    endloop
  endfacet
  facet normal 0.706638 -0.655716 0.265892
    outer loop
      vertex 4.65405 -12.3934 2.03789
      vertex 4.69827 -12.1984 2.40126
      vertex 4.56315 -12.3221 2.4553
    endloop
  endfacet
  facet normal 0.706659 -0.641301 0.298942
    outer loop
      vertex 4.69827 -12.1984 2.40126
      vertex 4.60304 -12.1058 2.82502
      vertex 4.56315 -12.3221 2.4553
    endloop
  endfacet
  facet normal 0.743116 -0.609428 0.276362
    outer loop
      vertex 4.56315 -12.3221 2.4553
      vertex 4.60304 -12.1058 2.82502
      vertex 4.44181 -12.267 2.90308
    endloop
  endfacet
  facet normal 0.692313 -0.656738 0.298993
    outer loop
      vertex 4.60304 -12.1058 2.82502
      vertex 4.74086 -12 2.73829
      vertex 4.72555 -12 2.77374
    endloop
  endfacet
  facet normal 0.692327 -0.656683 0.299082
    outer loop
      vertex 4.74086 -12 2.73829
      vertex 4.60304 -12.1058 2.82502
      vertex 4.69827 -12.1984 2.40126
    endloop
  endfacet
  facet normal 0 0 1
    outer loop
      vertex 3.75 -13.9859 3.75
      vertex -3.75 -13.9859 3.75
      vertex 3.75 -63.715 3.75
    endloop
  endfacet
  facet normal 0 0 1
    outer loop
      vertex 3.75538 -13.786 3.75
      vertex -3.75 -13.9859 3.75
      vertex 3.75 -13.9859 3.75
    endloop
  endfacet
  facet normal 0 0 1
    outer loop
      vertex -3.75538 -13.786 3.75
      vertex 3.75538 -13.786 3.75
      vertex 3.77145 -13.5867 3.75
    endloop
  endfacet
  facet normal 0 0 1
    outer loop
      vertex -3.77145 -13.5867 3.75
      vertex 3.77145 -13.5867 3.75
      vertex 3.79808 -13.3886 3.75
    endloop
  endfacet
  facet normal 0 0 1
    outer loop
      vertex -3.79808 -13.3886 3.75
      vertex 3.79808 -13.3886 3.75
      vertex 3.83515 -13.1921 3.75
    endloop
  endfacet
  facet normal 0 0 1
    outer loop
      vertex -3.83515 -13.1921 3.75
      vertex 3.83515 -13.1921 3.75
      vertex 3.88255 -12.9979 3.75
    endloop
  endfacet
  facet normal 0 0 1
    outer loop
      vertex -3.88255 -12.9979 3.75
      vertex 3.88255 -12.9979 3.75
      vertex 3.94015 -12.8066 3.75
    endloop
  endfacet
  facet normal 0 0 1
    outer loop
      vertex -3.94015 -12.8066 3.75
      vertex 3.94015 -12.8066 3.75
      vertex 4.00784 -12.6185 3.75
    endloop
  endfacet
  facet normal 0 0 1
    outer loop
      vertex -4.00784 -12.6185 3.75
      vertex 4.00784 -12.6185 3.75
      vertex 4.08549 -12.4344 3.75
    endloop
  endfacet
  facet normal 0 0 1
    outer loop
      vertex -4.08549 -12.4344 3.75
      vertex 4.08549 -12.4344 3.75
      vertex 4.17299 -12.2548 3.75
    endloop
  endfacet
  facet normal 0 0 1
    outer loop
      vertex -4.17299 -12.2548 3.75
      vertex 4.17299 -12.2548 3.75
      vertex 4.27018 -12.0802 3.75
    endloop
  endfacet
  facet normal 0 0 1
    outer loop
      vertex -4.27018 -12.0802 3.75
      vertex 4.27018 -12.0802 3.75
      vertex 4.32092 -12 3.75
    endloop
  endfacet
  facet normal 0 0 1
    outer loop
      vertex 3.75538 -13.786 3.75
      vertex -3.75538 -13.786 3.75
      vertex -3.75 -13.9859 3.75
    endloop
  endfacet
  facet normal 0 0 1
    outer loop
      vertex 3.77145 -13.5867 3.75
      vertex -3.77145 -13.5867 3.75
      vertex -3.75538 -13.786 3.75
    endloop
  endfacet
  facet normal 0 0 1
    outer loop
      vertex 3.79808 -13.3886 3.75
      vertex -3.79808 -13.3886 3.75
      vertex -3.77145 -13.5867 3.75
    endloop
  endfacet
  facet normal 0 0 1
    outer loop
      vertex 3.83515 -13.1921 3.75
      vertex -3.83515 -13.1921 3.75
      vertex -3.79808 -13.3886 3.75
    endloop
  endfacet
  facet normal 0 0 1
    outer loop
      vertex 3.88255 -12.9979 3.75
      vertex -3.88255 -12.9979 3.75
      vertex -3.83515 -13.1921 3.75
    endloop
  endfacet
  facet normal 0 0 1
    outer loop
      vertex 3.94015 -12.8066 3.75
      vertex -3.94015 -12.8066 3.75
      vertex -3.88255 -12.9979 3.75
    endloop
  endfacet
  facet normal 0 0 1
    outer loop
      vertex 4.00784 -12.6185 3.75
      vertex -4.00784 -12.6185 3.75
      vertex -3.94015 -12.8066 3.75
    endloop
  endfacet
  facet normal 0 0 1
    outer loop
      vertex 4.08549 -12.4344 3.75
      vertex -4.08549 -12.4344 3.75
      vertex -4.00784 -12.6185 3.75
    endloop
  endfacet
  facet normal 0 0 1
    outer loop
      vertex 4.17299 -12.2548 3.75
      vertex -4.17299 -12.2548 3.75
      vertex -4.08549 -12.4344 3.75
    endloop
  endfacet
  facet normal 0 0 1
    outer loop
      vertex 4.27018 -12.0802 3.75
      vertex -4.27018 -12.0802 3.75
      vertex -4.17299 -12.2548 3.75
    endloop
  endfacet
  facet normal 0 -0 1
    outer loop
      vertex -4.27018 -12.0802 3.75
      vertex 4.32092 -12 3.75
      vertex -4.32092 -12 3.75
    endloop
  endfacet
  facet normal 0 0 1
    outer loop
      vertex 3.75 -63.715 3.75
      vertex -3.75 -13.9859 3.75
      vertex -3.75 -63.715 3.75
    endloop
  endfacet
  facet normal -0.999697 -0.0246027 -0.000443205
    outer loop
      vertex -3.75 -14.9532 -0.244248
      vertex -3.75 -14.9576 0
      vertex -3.75363 -14.8101 0
    endloop
  endfacet
  facet normal -0.99934 -0.035817 0.00613232
    outer loop
      vertex -3.75 -14.9532 -0.244248
      vertex -3.75363 -14.8101 0
      vertex -3.75908 -14.7157 -0.336786
    endloop
  endfacet
  facet normal -0.999236 -0.0390251 -0.0021115
    outer loop
      vertex -3.75 -14.94 -0.488213
      vertex -3.75 -14.9532 -0.244248
      vertex -3.75908 -14.7157 -0.336786
    endloop
  endfacet
  facet normal -0.999253 -0.0385412 -0.00282928
    outer loop
      vertex -3.75 -14.94 -0.488213
      vertex -3.75908 -14.7157 -0.336786
      vertex -3.75917 -14.6887 -0.672801
    endloop
  endfacet
  facet normal -0.999231 -0.0390433 -0.00351398
    outer loop
      vertex -3.75 -14.9181 -0.731541
      vertex -3.75 -14.94 -0.488213
      vertex -3.75917 -14.6887 -0.672801
    endloop
  endfacet
  facet normal -0.999239 -0.0387005 -0.00485387
    outer loop
      vertex -3.75 -14.8877 -0.973924
      vertex -3.75 -14.9181 -0.731541
      vertex -3.75917 -14.6887 -0.672801
    endloop
  endfacet
  facet normal -0.999233 -0.0388625 -0.00474664
    outer loop
      vertex -3.75 -14.8877 -0.973924
      vertex -3.75917 -14.6887 -0.672801
      vertex -3.75932 -14.644 -1.0072
    endloop
  endfacet
  facet normal -0.999217 -0.0390697 -0.00626823
    outer loop
      vertex -3.75 -14.849 -1.21514
      vertex -3.75 -14.8877 -0.973924
      vertex -3.75932 -14.644 -1.0072
    endloop
  endfacet
  facet normal -0.999227 -0.0387692 -0.00656487
    outer loop
      vertex -3.75 -14.849 -1.21514
      vertex -3.75932 -14.644 -1.0072
      vertex -3.75952 -14.5826 -1.33936
    endloop
  endfacet
  facet normal -0.9992 -0.0392564 -0.00761163
    outer loop
      vertex -3.75 -14.8025 -1.45496
      vertex -3.75 -14.849 -1.21514
      vertex -3.75952 -14.5826 -1.33936
    endloop
  endfacet
  facet normal -0.999207 -0.0389939 -0.00811141
    outer loop
      vertex -3.75 -14.8025 -1.45496
      vertex -3.75952 -14.5826 -1.33936
      vertex -3.75969 -14.5303 -1.56984
    endloop
  endfacet
  facet normal -0.999186 -0.0393328 -0.00891601
    outer loop
      vertex -3.75 -14.7485 -1.69318
      vertex -3.75 -14.8025 -1.45496
      vertex -3.75969 -14.5303 -1.56984
    endloop
  endfacet
  facet normal -0.999192 -0.0390889 -0.00934799
    outer loop
      vertex -3.75 -14.7485 -1.69318
      vertex -3.75969 -14.5303 -1.56984
      vertex -3.75988 -14.4707 -1.79875
    endloop
  endfacet
  facet normal -0.99917 -0.0394204 -0.0102224
    outer loop
      vertex -3.75 -14.6872 -1.92957
      vertex -3.75 -14.7485 -1.69318
      vertex -3.75988 -14.4707 -1.79875
    endloop
  endfacet
  facet normal -0.999181 -0.038931 -0.0110331
    outer loop
      vertex -3.75 -14.6872 -1.92957
      vertex -3.75988 -14.4707 -1.79875
      vertex -3.76032 -14.3311 -2.25149
    endloop
  endfacet
  facet normal -0.999126 -0.0399749 -0.0121896
    outer loop
      vertex -3.75 -14.5448 -2.39656
      vertex -3.75 -14.6872 -1.92957
      vertex -3.76032 -14.3311 -2.25149
    endloop
  endfacet
  facet normal -0.999143 -0.0391828 -0.0133576
    outer loop
      vertex -3.75 -14.5448 -2.39656
      vertex -3.76032 -14.3311 -2.25149
      vertex -3.76084 -14.1595 -2.71596
    endloop
  endfacet
  facet normal -0.999086 -0.0401789 -0.0145612
    outer loop
      vertex -3.75 -14.3784 -2.85571
      vertex -3.75 -14.5448 -2.39656
      vertex -3.76084 -14.1595 -2.71596
    endloop
  endfacet
  facet normal -0.999097 -0.0395076 -0.0156137
    outer loop
      vertex -3.75 -14.3784 -2.85571
      vertex -3.76084 -14.1595 -2.71596
      vertex -3.7614 -13.9648 -3.17278
    endloop
  endfacet
  facet normal -0.999043 -0.0403923 -0.0167697
    outer loop
      vertex -3.75 -14.1911 -3.30685
      vertex -3.75 -14.3784 -2.85571
      vertex -3.7614 -13.9648 -3.17278
    endloop
  endfacet
  facet normal -0.999049 -0.0398471 -0.0176904
    outer loop
      vertex -3.75 -14.1911 -3.30685
      vertex -3.7614 -13.9648 -3.17278
      vertex -3.76199 -13.7506 -3.62194
    endloop
  endfacet
  facet normal -0.997895 -0.0534388 -0.0367356
    outer loop
      vertex -3.75538 -13.786 -3.75
      vertex -3.75 -14.1911 -3.30685
      vertex -3.76199 -13.7506 -3.62194
    endloop
  endfacet
  facet normal -0.996339 -0.080337 -0.0292197
    outer loop
      vertex -3.75538 -13.786 -3.75
      vertex -3.76199 -13.7506 -3.62194
      vertex -3.77145 -13.5867 -3.75
    endloop
  endfacet
  facet normal -0.990915 -0.11353 -0.0721031
    outer loop
      vertex -3.77145 -13.5867 -3.75
      vertex -3.76199 -13.7506 -3.62194
      vertex -3.7978 -13.5116 -3.50612
    endloop
  endfacet
  facet normal -0.98893 -0.132939 -0.0659119
    outer loop
      vertex -3.77145 -13.5867 -3.75
      vertex -3.7978 -13.5116 -3.50612
      vertex -3.79808 -13.3886 -3.75
    endloop
  endfacet
  facet normal -0.975152 -0.198252 -0.0988679
    outer loop
      vertex -3.79808 -13.3886 -3.75
      vertex -3.7978 -13.5116 -3.50612
      vertex -3.85717 -13.2764 -3.39217
    endloop
  endfacet
  facet normal -0.977381 -0.184384 -0.103584
    outer loop
      vertex -3.83515 -13.1921 -3.75
      vertex -3.79808 -13.3886 -3.75
      vertex -3.85717 -13.2764 -3.39217
    endloop
  endfacet
  facet normal -0.965049 -0.235548 -0.114879
    outer loop
      vertex -3.83515 -13.1921 -3.75
      vertex -3.85717 -13.2764 -3.39217
      vertex -3.88255 -12.9979 -3.75
    endloop
  endfacet
  facet normal -0.951414 -0.272037 -0.144246
    outer loop
      vertex -3.88255 -12.9979 -3.75
      vertex -3.85717 -13.2764 -3.39217
      vertex -3.93965 -13.0469 -3.28097
    endloop
  endfacet
  facet normal -0.945406 -0.291583 -0.145556
    outer loop
      vertex -3.88255 -12.9979 -3.75
      vertex -3.93965 -13.0469 -3.28097
      vertex -3.94908 -12.8119 -3.69048
    endloop
  endfacet
  facet normal -0.928309 -0.331311 -0.168749
    outer loop
      vertex -3.94908 -12.8119 -3.69048
      vertex -3.93965 -13.0469 -3.28097
      vertex -3.99233 -12.9285 -3.22363
    endloop
  endfacet
  facet normal -0.924735 -0.340216 -0.170642
    outer loop
      vertex -3.94908 -12.8119 -3.69048
      vertex -3.99233 -12.9285 -3.22363
      vertex -4.00435 -12.6931 -3.62782
    endloop
  endfacet
  facet normal -0.909668 -0.3701 -0.188494
    outer loop
      vertex -4.00435 -12.6931 -3.62782
      vertex -3.99233 -12.9285 -3.22363
      vertex -4.05117 -12.8125 -3.16743
    endloop
  endfacet
  facet normal -0.905132 -0.380009 -0.190602
    outer loop
      vertex -4.00435 -12.6931 -3.62782
      vertex -4.05117 -12.8125 -3.16743
      vertex -4.06605 -12.5769 -3.56649
    endloop
  endfacet
  facet normal -0.881208 -0.420733 -0.215538
    outer loop
      vertex -4.06605 -12.5769 -3.56649
      vertex -4.05117 -12.8125 -3.16743
      vertex -4.16501 -12.6215 -3.07484
    endloop
  endfacet
  facet normal -0.875453 -0.432621 -0.215458
    outer loop
      vertex -4.06605 -12.5769 -3.56649
      vertex -4.16501 -12.6215 -3.07484
      vertex -4.18536 -12.3857 -3.46562
    endloop
  endfacet
  facet normal -0.840599 -0.482021 -0.247081
    outer loop
      vertex -4.18536 -12.3857 -3.46562
      vertex -4.16501 -12.6215 -3.07484
      vertex -4.2955 -12.4392 -2.98654
    endloop
  endfacet
  facet normal -0.83279 -0.495533 -0.246795
    outer loop
      vertex -4.18536 -12.3857 -3.46562
      vertex -4.2955 -12.4392 -2.98654
      vertex -4.32203 -12.2038 -3.36967
    endloop
  endfacet
  facet normal -0.794332 -0.540585 -0.277138
    outer loop
      vertex -4.32203 -12.2038 -3.36967
      vertex -4.2955 -12.4392 -2.98654
      vertex -4.44181 -12.267 -2.90308
    endloop
  endfacet
  facet normal -0.784425 -0.555146 -0.276568
    outer loop
      vertex -4.32203 -12.2038 -3.36967
      vertex -4.44181 -12.267 -2.90308
      vertex -4.47513 -12.0325 -3.27928
    endloop
  endfacet
  facet normal -0.743135 -0.59542 -0.305329
    outer loop
      vertex -4.47513 -12.0325 -3.27928
      vertex -4.44181 -12.267 -2.90308
      vertex -4.60304 -12.1058 -2.82502
    endloop
  endfacet
  facet normal -0.731118 -0.610453 -0.304655
    outer loop
      vertex -4.47513 -12.0325 -3.27928
      vertex -4.6215 -12 -2.99314
      vertex -4.5094 -12 -3.26216
    endloop
  endfacet
  facet normal -0.730682 -0.611122 -0.304356
    outer loop
      vertex -4.6215 -12 -2.99314
      vertex -4.47513 -12.0325 -3.27928
      vertex -4.60304 -12.1058 -2.82502
    endloop
  endfacet
  facet normal -0.692338 -0.642543 -0.32834
    outer loop
      vertex -4.6215 -12 -2.99314
      vertex -4.60304 -12.1058 -2.82502
      vertex -4.72555 -12 -2.77374
    endloop
  endfacet
  facet normal -0.997273 -0.0736584 -0.00450794
    outer loop
      vertex -3.75908 -14.7157 -0.336786
      vertex -3.75363 -14.8101 0
      vertex -3.76448 -14.6632 0
    endloop
  endfacet
  facet normal -0.993166 -0.116687 0.0022655
    outer loop
      vertex -3.75908 -14.7157 -0.336786
      vertex -3.76448 -14.6632 0
      vertex -3.78624 -14.4843 -0.324844
    endloop
  endfacet
  facet normal -0.993195 -0.116106 -0.00906352
    outer loop
      vertex -3.75917 -14.6887 -0.672801
      vertex -3.75908 -14.7157 -0.336786
      vertex -3.78624 -14.4843 -0.324844
    endloop
  endfacet
  facet normal -0.993126 -0.11673 -0.00869144
    outer loop
      vertex -3.75917 -14.6887 -0.672801
      vertex -3.78624 -14.4843 -0.324844
      vertex -3.7866 -14.4571 -0.649018
    endloop
  endfacet
  facet normal -0.993126 -0.116075 -0.0150706
    outer loop
      vertex -3.75932 -14.644 -1.0072
      vertex -3.75917 -14.6887 -0.672801
      vertex -3.7866 -14.4571 -0.649018
    endloop
  endfacet
  facet normal -0.993017 -0.11707 -0.0145433
    outer loop
      vertex -3.75932 -14.644 -1.0072
      vertex -3.7866 -14.4571 -0.649018
      vertex -3.78719 -14.412 -0.971776
    endloop
  endfacet
  facet normal -0.993018 -0.116105 -0.0208641
    outer loop
      vertex -3.75952 -14.5826 -1.33936
      vertex -3.75932 -14.644 -1.0072
      vertex -3.78719 -14.412 -0.971776
    endloop
  endfacet
  facet normal -0.992861 -0.11756 -0.0201772
    outer loop
      vertex -3.75952 -14.5826 -1.33936
      vertex -3.78719 -14.412 -0.971776
      vertex -3.788 -14.3501 -1.29257
    endloop
  endfacet
  facet normal -0.992864 -0.11645 -0.0256922
    outer loop
      vertex -3.75969 -14.5303 -1.56984
      vertex -3.75952 -14.5826 -1.33936
      vertex -3.788 -14.3501 -1.29257
    endloop
  endfacet
  facet normal -0.992737 -0.117707 -0.0248621
    outer loop
      vertex -3.75969 -14.5303 -1.56984
      vertex -3.788 -14.3501 -1.29257
      vertex -3.78867 -14.2974 -1.51532
    endloop
  endfacet
  facet normal -0.992738 -0.116613 -0.0295378
    outer loop
      vertex -3.75988 -14.4707 -1.79875
      vertex -3.75969 -14.5303 -1.56984
      vertex -3.78867 -14.2974 -1.51532
    endloop
  endfacet
  facet normal -0.9926 -0.117993 -0.0286797
    outer loop
      vertex -3.75988 -14.4707 -1.79875
      vertex -3.78867 -14.2974 -1.51532
      vertex -3.78943 -14.2372 -1.73669
    endloop
  endfacet
  facet normal -0.992596 -0.116338 -0.0349075
    outer loop
      vertex -3.76032 -14.3311 -2.25149
      vertex -3.75988 -14.4707 -1.79875
      vertex -3.78943 -14.2372 -1.73669
    endloop
  endfacet
  facet normal -0.992272 -0.119228 -0.0343619
    outer loop
      vertex -3.76032 -14.3311 -2.25149
      vertex -3.78943 -14.2372 -1.73669
      vertex -3.79117 -14.0964 -2.17499
    endloop
  endfacet
  facet normal -0.992274 -0.116734 -0.0420167
    outer loop
      vertex -3.76084 -14.1595 -2.71596
      vertex -3.76032 -14.3311 -2.25149
      vertex -3.79117 -14.0964 -2.17499
    endloop
  endfacet
  facet normal -0.991887 -0.12012 -0.0416
    outer loop
      vertex -3.76084 -14.1595 -2.71596
      vertex -3.79117 -14.0964 -2.17499
      vertex -3.79322 -13.9235 -2.62536
    endloop
  endfacet
  facet normal -0.99189 -0.117356 -0.0488019
    outer loop
      vertex -3.7614 -13.9648 -3.17278
      vertex -3.76084 -14.1595 -2.71596
      vertex -3.79322 -13.9235 -2.62536
    endloop
  endfacet
  facet normal -0.991465 -0.121017 -0.048501
    outer loop
      vertex -3.7614 -13.9648 -3.17278
      vertex -3.79322 -13.9235 -2.62536
      vertex -3.79545 -13.7274 -3.06907
    endloop
  endfacet
  facet normal -0.991468 -0.118158 -0.055046
    outer loop
      vertex -3.76199 -13.7506 -3.62194
      vertex -3.7614 -13.9648 -3.17278
      vertex -3.79545 -13.7274 -3.06907
    endloop
  endfacet
  facet normal -0.991025 -0.121902 -0.054862
    outer loop
      vertex -3.76199 -13.7506 -3.62194
      vertex -3.79545 -13.7274 -3.06907
      vertex -3.7978 -13.5116 -3.50612
    endloop
  endfacet
  facet normal -0.992469 -0.122495 -0.00097972
    outer loop
      vertex -3.76448 -14.6632 0
      vertex -3.7825 -14.5172 0
      vertex -3.78624 -14.4843 -0.324844
    endloop
  endfacet
  facet normal -0.985243 -0.171057 -0.0059812
    outer loop
      vertex -3.78624 -14.4843 -0.324844
      vertex -3.7825 -14.5172 0
      vertex -3.80764 -14.3724 0
    endloop
  endfacet
  facet normal -0.981083 -0.193576 0.00205005
    outer loop
      vertex -3.78624 -14.4843 -0.324844
      vertex -3.80764 -14.3724 0
      vertex -3.83132 -14.2557 -0.313047
    endloop
  endfacet
  facet normal -0.975707 -0.218939 -0.00781178
    outer loop
      vertex -3.83132 -14.2557 -0.313047
      vertex -3.80764 -14.3724 0
      vertex -3.83984 -14.2289 0
    endloop
  endfacet
  facet normal -0.963759 -0.266751 -0.00339341
    outer loop
      vertex -3.83132 -14.2557 -0.313047
      vertex -3.83984 -14.2289 0
      vertex -3.87906 -14.0872 0
    endloop
  endfacet
  facet normal -0.963091 -0.269168 -0.00199067
    outer loop
      vertex -3.83132 -14.2557 -0.313047
      vertex -3.87906 -14.0872 0
      vertex -3.89406 -14.0313 -0.301466
    endloop
  endfacet
  facet normal -0.949546 -0.313438 -0.0108736
    outer loop
      vertex -3.89406 -14.0313 -0.301466
      vertex -3.87906 -14.0872 0
      vertex -3.92524 -13.9473 0
    endloop
  endfacet
  facet normal -0.945406 -0.32582 -0.00699536
    outer loop
      vertex -3.89406 -14.0313 -0.301466
      vertex -3.92524 -13.9473 0
      vertex -3.93422 -13.9149 -0.295457
    endloop
  endfacet
  facet normal -0.932931 -0.359884 -0.0111099
    outer loop
      vertex -3.93422 -13.9149 -0.295457
      vertex -3.92524 -13.9473 0
      vertex -3.97832 -13.8097 0
    endloop
  endfacet
  facet normal -0.931262 -0.36423 -0.00931332
    outer loop
      vertex -3.93422 -13.9149 -0.295457
      vertex -3.97832 -13.8097 0
      vertex -3.97914 -13.8002 -0.289537
    endloop
  endfacet
  facet normal -0.914236 -0.40504 -0.0107006
    outer loop
      vertex -3.97914 -13.8002 -0.289537
      vertex -3.97832 -13.8097 0
      vertex -4.03813 -13.6747 0
    endloop
  endfacet
  facet normal -0.909585 -0.415486 -0.00522524
    outer loop
      vertex -3.97914 -13.8002 -0.289537
      vertex -4.03813 -13.6747 0
      vertex -4.06626 -13.6096 -0.279705
    endloop
  endfacet
  facet normal -0.892966 -0.449878 -0.0149012
    outer loop
      vertex -4.06626 -13.6096 -0.279705
      vertex -4.03813 -13.6747 0
      vertex -4.10438 -13.5432 0
    endloop
  endfacet
  facet normal -0.878191 -0.47827 -0.00614749
    outer loop
      vertex -4.06626 -13.6096 -0.279705
      vertex -4.10438 -13.5432 0
      vertex -4.16648 -13.4257 -0.27021
    endloop
  endfacet
  facet normal -0.869941 -0.492944 -0.0144242
    outer loop
      vertex -4.16648 -13.4257 -0.27021
      vertex -4.10438 -13.5432 0
      vertex -4.17691 -13.4152 0
    endloop
  endfacet
  facet normal -0.844924 -0.534756 -0.0118338
    outer loop
      vertex -4.16648 -13.4257 -0.27021
      vertex -4.17691 -13.4152 0
      vertex -4.25558 -13.2909 0
    endloop
  endfacet
  facet normal -0.842832 -0.538093 -0.00947924
    outer loop
      vertex -4.16648 -13.4257 -0.27021
      vertex -4.25558 -13.2909 0
      vertex -4.27933 -13.2491 -0.2611
    endloop
  endfacet
  facet normal -0.817437 -0.575742 -0.0178165
    outer loop
      vertex -4.27933 -13.2491 -0.2611
      vertex -4.25558 -13.2909 0
      vertex -4.34024 -13.1707 0
    endloop
  endfacet
  facet normal -0.802965 -0.595968 -0.00836738
    outer loop
      vertex -4.27933 -13.2491 -0.2611
      vertex -4.34024 -13.1707 0
      vertex -4.40426 -13.0809 -0.252419
    endloop
  endfacet
  facet normal -0.788296 -0.615007 -0.0188611
    outer loop
      vertex -4.40426 -13.0809 -0.252419
      vertex -4.34024 -13.1707 0
      vertex -4.43074 -13.0547 0
    endloop
  endfacet
  facet normal -0.763784 -0.645338 -0.0131413
    outer loop
      vertex -4.40426 -13.0809 -0.252419
      vertex -4.43074 -13.0547 0
      vertex -4.5143 -12.9508 -0.245705
    endloop
  endfacet
  facet normal -0.757011 -0.653134 -0.0187412
    outer loop
      vertex -4.5143 -12.9508 -0.245705
      vertex -4.43074 -13.0547 0
      vertex -4.52694 -12.9432 0
    endloop
  endfacet
  facet normal -0.725029 -0.688533 -0.016001
    outer loop
      vertex -4.5143 -12.9508 -0.245705
      vertex -4.52694 -12.9432 0
      vertex -4.63128 -12.828 -0.229327
    endloop
  endfacet
  facet normal -0.724272 -0.689312 -0.0167367
    outer loop
      vertex -4.52694 -12.9432 0
      vertex -4.62868 -12.8363 0
      vertex -4.63128 -12.828 -0.229327
    endloop
  endfacet
  facet normal -0.726444 -0.685472 -0.0490594
    outer loop
      vertex -4.5143 -12.9508 -0.245705
      vertex -4.63128 -12.828 -0.229327
      vertex -4.63899 -12.8034 -0.45888
    endloop
  endfacet
  facet normal -0.721995 -0.68974 -0.0546127
    outer loop
      vertex -4.52159 -12.9237 -0.491593
      vertex -4.5143 -12.9508 -0.245705
      vertex -4.63899 -12.8034 -0.45888
    endloop
  endfacet
  facet normal -0.761663 -0.646146 -0.0486321
    outer loop
      vertex -4.41054 -13.0536 -0.504923
      vertex -4.5143 -12.9508 -0.245705
      vertex -4.52159 -12.9237 -0.491593
    endloop
  endfacet
  facet normal -0.761659 -0.642528 -0.0838623
    outer loop
      vertex -4.42086 -13.0084 -0.757503
      vertex -4.41054 -13.0536 -0.504923
      vertex -4.52159 -12.9237 -0.491593
    endloop
  endfacet
  facet normal -0.798002 -0.598042 -0.0744166
    outer loop
      vertex -4.29287 -13.176 -0.783094
      vertex -4.41054 -13.0536 -0.504923
      vertex -4.42086 -13.0084 -0.757503
    endloop
  endfacet
  facet normal -0.798004 -0.593018 -0.107333
    outer loop
      vertex -4.30425 -13.1135 -1.0438
      vertex -4.29287 -13.176 -0.783094
      vertex -4.42086 -13.0084 -0.757503
    endloop
  endfacet
  facet normal -0.835366 -0.541702 -0.0933999
    outer loop
      vertex -4.18623 -13.2894 -1.07918
      vertex -4.29287 -13.176 -0.783094
      vertex -4.30425 -13.1135 -1.0438
    endloop
  endfacet
  facet normal -0.835411 -0.536541 -0.119212
    outer loop
      vertex -4.1938 -13.2359 -1.26692
      vertex -4.18623 -13.2894 -1.07918
      vertex -4.30425 -13.1135 -1.0438
    endloop
  endfacet
  facet normal -0.870355 -0.481708 -0.102177
    outer loop
      vertex -4.08714 -13.4195 -1.30989
      vertex -4.18623 -13.2894 -1.07918
      vertex -4.1938 -13.2359 -1.26692
    endloop
  endfacet
  facet normal -0.870358 -0.477102 -0.121862
    outer loop
      vertex -4.09364 -13.3583 -1.50307
      vertex -4.08714 -13.4195 -1.30989
      vertex -4.1938 -13.2359 -1.26692
    endloop
  endfacet
  facet normal -0.901783 -0.419821 -0.102658
    outer loop
      vertex -3.99909 -13.549 -1.55376
      vertex -4.08714 -13.4195 -1.30989
      vertex -4.09364 -13.3583 -1.50307
    endloop
  endfacet
  facet normal -0.901724 -0.413908 -0.124794
    outer loop
      vertex -4.00991 -13.406 -1.94987
      vertex -3.99909 -13.549 -1.55376
      vertex -4.09364 -13.3583 -1.50307
    endloop
  endfacet
  facet normal -0.922092 -0.37134 -0.10887
    outer loop
      vertex -3.95904 -13.5213 -1.98745
      vertex -3.99909 -13.549 -1.55376
      vertex -4.00991 -13.406 -1.94987
    endloop
  endfacet
  facet normal -0.922094 -0.36424 -0.130657
    outer loop
      vertex -3.96936 -13.3459 -2.40359
      vertex -3.95904 -13.5213 -1.98745
      vertex -4.00991 -13.406 -1.94987
    endloop
  endfacet
  facet normal -0.935054 -0.33438 -0.11775
    outer loop
      vertex -3.92162 -13.4635 -2.44874
      vertex -3.95904 -13.5213 -1.98745
      vertex -3.96936 -13.3459 -2.40359
    endloop
  endfacet
  facet normal -0.93506 -0.327525 -0.13561
    outer loop
      vertex -3.93043 -13.2651 -2.86717
      vertex -3.92162 -13.4635 -2.44874
      vertex -3.96936 -13.3459 -2.40359
    endloop
  endfacet
  facet normal -0.953784 -0.278797 -0.112111
    outer loop
      vertex -3.85194 -13.4935 -2.96694
      vertex -3.92162 -13.4635 -2.44874
      vertex -3.93043 -13.2651 -2.86717
    endloop
  endfacet
  facet normal -0.953793 -0.272193 -0.127236
    outer loop
      vertex -3.85717 -13.2764 -3.39217
      vertex -3.85194 -13.4935 -2.96694
      vertex -3.93043 -13.2651 -2.86717
    endloop
  endfacet
  facet normal -0.975137 -0.201995 -0.0911344
    outer loop
      vertex -3.7978 -13.5116 -3.50612
      vertex -3.85194 -13.4935 -2.96694
      vertex -3.85717 -13.2764 -3.39217
    endloop
  endfacet
  facet normal -0.724306 -0.684616 -0.0817475
    outer loop
      vertex -4.52159 -12.9237 -0.491593
      vertex -4.63899 -12.8034 -0.45888
      vertex -4.6516 -12.7626 -0.688842
    endloop
  endfacet
  facet normal -0.71774 -0.690369 -0.0907743
    outer loop
      vertex -4.53355 -12.8789 -0.737746
      vertex -4.52159 -12.9237 -0.491593
      vertex -4.6516 -12.7626 -0.688842
    endloop
  endfacet
  facet normal -0.757978 -0.647235 -0.0809687
    outer loop
      vertex -4.42086 -13.0084 -0.757503
      vertex -4.52159 -12.9237 -0.491593
      vertex -4.53355 -12.8789 -0.737746
    endloop
  endfacet
  facet normal -0.757976 -0.641901 -0.115916
    outer loop
      vertex -4.43481 -12.9463 -1.01017
      vertex -4.42086 -13.0084 -0.757503
      vertex -4.53355 -12.8789 -0.737746
    endloop
  endfacet
  facet normal -0.793931 -0.599147 -0.103424
    outer loop
      vertex -4.30425 -13.1135 -1.0438
      vertex -4.42086 -13.0084 -0.757503
      vertex -4.43481 -12.9463 -1.01017
    endloop
  endfacet
  facet normal -0.79398 -0.593406 -0.132157
    outer loop
      vertex -4.31379 -13.0602 -1.22581
      vertex -4.30425 -13.1135 -1.0438
      vertex -4.43481 -12.9463 -1.01017
    endloop
  endfacet
  facet normal -0.832649 -0.54173 -0.114998
    outer loop
      vertex -4.1938 -13.2359 -1.26692
      vertex -4.30425 -13.1135 -1.0438
      vertex -4.31379 -13.0602 -1.22581
    endloop
  endfacet
  facet normal -0.83265 -0.536549 -0.137147
    outer loop
      vertex -4.20231 -13.1748 -1.45429
      vertex -4.1938 -13.2359 -1.26692
      vertex -4.31379 -13.0602 -1.22581
    endloop
  endfacet
  facet normal -0.867863 -0.482598 -0.117955
    outer loop
      vertex -4.09364 -13.3583 -1.50307
      vertex -4.1938 -13.2359 -1.26692
      vertex -4.20231 -13.1748 -1.45429
    endloop
  endfacet
  facet normal -0.86779 -0.475791 -0.1434
    outer loop
      vertex -4.10849 -13.2153 -1.88767
      vertex -4.09364 -13.3583 -1.50307
      vertex -4.20231 -13.1748 -1.45429
    endloop
  endfacet
  facet normal -0.897378 -0.423795 -0.122924
    outer loop
      vertex -4.00991 -13.406 -1.94987
      vertex -4.09364 -13.3583 -1.50307
      vertex -4.10849 -13.2153 -1.88767
    endloop
  endfacet
  facet normal -0.897387 -0.414986 -0.149946
    outer loop
      vertex -4.02271 -13.2304 -2.35925
      vertex -4.00991 -13.406 -1.94987
      vertex -4.10849 -13.2153 -1.88767
    endloop
  endfacet
  facet normal -0.918205 -0.373621 -0.131552
    outer loop
      vertex -3.96936 -13.3459 -2.40359
      vertex -4.00991 -13.406 -1.94987
      vertex -4.02271 -13.2304 -2.35925
    endloop
  endfacet
  facet normal -0.918213 -0.365953 -0.151535
    outer loop
      vertex -3.98059 -13.1471 -2.81564
      vertex -3.96936 -13.3459 -2.40359
      vertex -4.02271 -13.2304 -2.35925
    endloop
  endfacet
  facet normal -0.931754 -0.336307 -0.136863
    outer loop
      vertex -3.93043 -13.2651 -2.86717
      vertex -3.96936 -13.3459 -2.40359
      vertex -3.98059 -13.1471 -2.81564
    endloop
  endfacet
  facet normal -0.931761 -0.329312 -0.152888
    outer loop
      vertex -3.93965 -13.0469 -3.28097
      vertex -3.93043 -13.2651 -2.86717
      vertex -3.98059 -13.1471 -2.81564
    endloop
  endfacet
  facet normal -0.951441 -0.280534 -0.126729
    outer loop
      vertex -3.85717 -13.2764 -3.39217
      vertex -3.93043 -13.2651 -2.86717
      vertex -3.93965 -13.0469 -3.28097
    endloop
  endfacet
  facet normal -0.720649 -0.684064 -0.112791
    outer loop
      vertex -4.53355 -12.8789 -0.737746
      vertex -4.6516 -12.7626 -0.688842
      vertex -4.66868 -12.7066 -0.919347
    endloop
  endfacet
  facet normal -0.712026 -0.690824 -0.125621
    outer loop
      vertex -4.54973 -12.8174 -0.984242
      vertex -4.53355 -12.8789 -0.737746
      vertex -4.66868 -12.7066 -0.919347
    endloop
  endfacet
  facet normal -0.752818 -0.648561 -0.112399
    outer loop
      vertex -4.43481 -12.9463 -1.01017
      vertex -4.53355 -12.8789 -0.737746
      vertex -4.54973 -12.8174 -0.984242
    endloop
  endfacet
  facet normal -0.752875 -0.642611 -0.142233
    outer loop
      vertex -4.44651 -12.8935 -1.18679
      vertex -4.43481 -12.9463 -1.01017
      vertex -4.54973 -12.8174 -0.984242
    endloop
  endfacet
  facet normal -0.790268 -0.599485 -0.126864
    outer loop
      vertex -4.31379 -13.0602 -1.22581
      vertex -4.43481 -12.9463 -1.01017
      vertex -4.44651 -12.8935 -1.18679
    endloop
  endfacet
  facet normal -0.790277 -0.593716 -0.151539
    outer loop
      vertex -4.32452 -12.9995 -1.40767
      vertex -4.31379 -13.0602 -1.22581
      vertex -4.44651 -12.8935 -1.18679
    endloop
  endfacet
  facet normal -0.82928 -0.542948 -0.132293
    outer loop
      vertex -4.20231 -13.1748 -1.45429
      vertex -4.31379 -13.0602 -1.22581
      vertex -4.32452 -12.9995 -1.40767
    endloop
  endfacet
  facet normal -0.829195 -0.535129 -0.16147
    outer loop
      vertex -4.22171 -13.032 -1.82792
      vertex -4.20231 -13.1748 -1.45429
      vertex -4.32452 -12.9995 -1.40767
    endloop
  endfacet
  facet normal -0.862182 -0.486528 -0.141182
    outer loop
      vertex -4.10849 -13.2153 -1.88767
      vertex -4.20231 -13.1748 -1.45429
      vertex -4.22171 -13.032 -1.82792
    endloop
  endfacet
  facet normal -0.862189 -0.476424 -0.172194
    outer loop
      vertex -4.12603 -13.0396 -2.28597
      vertex -4.10849 -13.2153 -1.88767
      vertex -4.22171 -13.032 -1.82792
    endloop
  endfacet
  facet normal -0.892365 -0.426122 -0.148676
    outer loop
      vertex -4.02271 -13.2304 -2.35925
      vertex -4.10849 -13.2153 -1.88767
      vertex -4.12603 -13.0396 -2.28597
    endloop
  endfacet
  facet normal -0.892379 -0.416537 -0.173655
    outer loop
      vertex -4.03662 -13.0314 -2.7651
      vertex -4.02271 -13.2304 -2.35925
      vertex -4.12603 -13.0396 -2.28597
    endloop
  endfacet
  facet normal -0.913989 -0.375808 -0.152944
    outer loop
      vertex -3.98059 -13.1471 -2.81564
      vertex -4.02271 -13.2304 -2.35925
      vertex -4.03662 -13.0314 -2.7651
    endloop
  endfacet
  facet normal -0.913998 -0.367985 -0.170865
    outer loop
      vertex -3.99233 -12.9285 -3.22363
      vertex -3.98059 -13.1471 -2.81564
      vertex -4.03662 -13.0314 -2.7651
    endloop
  endfacet
  facet normal -0.928302 -0.338209 -0.154499
    outer loop
      vertex -3.93965 -13.0469 -3.28097
      vertex -3.98059 -13.1471 -2.81564
      vertex -3.99233 -12.9285 -3.22363
    endloop
  endfacet
  facet normal -0.715292 -0.683975 -0.143302
    outer loop
      vertex -4.54973 -12.8174 -0.984242
      vertex -4.66868 -12.7066 -0.919347
      vertex -4.68978 -12.6361 -1.15052
    endloop
  endfacet
  facet normal -0.708962 -0.688359 -0.153414
    outer loop
      vertex -4.56328 -12.765 -1.15674
      vertex -4.54973 -12.8174 -0.984242
      vertex -4.68978 -12.6361 -1.15052
    endloop
  endfacet
  facet normal -0.748847 -0.648199 -0.138081
    outer loop
      vertex -4.44651 -12.8935 -1.18679
      vertex -4.54973 -12.8174 -0.984242
      vertex -4.56328 -12.765 -1.15674
    endloop
  endfacet
  facet normal -0.748849 -0.642255 -0.163505
    outer loop
      vertex -4.45965 -12.8332 -1.36347
      vertex -4.44651 -12.8935 -1.18679
      vertex -4.56328 -12.765 -1.15674
    endloop
  endfacet
  facet normal -0.786412 -0.60012 -0.146331
    outer loop
      vertex -4.32452 -12.9995 -1.40767
      vertex -4.44651 -12.8935 -1.18679
      vertex -4.45965 -12.8332 -1.36347
    endloop
  endfacet
  facet normal -0.786307 -0.59146 -0.178596
    outer loop
      vertex -4.34897 -12.8573 -1.77095
      vertex -4.32452 -12.9995 -1.40767
      vertex -4.45965 -12.8332 -1.36347
    endloop
  endfacet
  facet normal -0.821955 -0.546972 -0.158783
    outer loop
      vertex -4.22171 -13.032 -1.82792
      vertex -4.32452 -12.9995 -1.40767
      vertex -4.34897 -12.8573 -1.77095
    endloop
  endfacet
  facet normal -0.821963 -0.535609 -0.193647
    outer loop
      vertex -4.24464 -12.8566 -2.21573
      vertex -4.22171 -13.032 -1.82792
      vertex -4.34897 -12.8573 -1.77095
    endloop
  endfacet
  facet normal -0.855453 -0.488983 -0.170578
    outer loop
      vertex -4.12603 -13.0396 -2.28597
      vertex -4.22171 -13.032 -1.82792
      vertex -4.24464 -12.8566 -2.21573
    endloop
  endfacet
  facet normal -0.855467 -0.477936 -0.199383
    outer loop
      vertex -4.14509 -12.8404 -2.68169
      vertex -4.12603 -13.0396 -2.28597
      vertex -4.24464 -12.8566 -2.21573
    endloop
  endfacet
  facet normal -0.886981 -0.428239 -0.172848
    outer loop
      vertex -4.03662 -13.0314 -2.7651
      vertex -4.12603 -13.0396 -2.28597
      vertex -4.14509 -12.8404 -2.68169
    endloop
  endfacet
  facet normal -0.886994 -0.41834 -0.195533
    outer loop
      vertex -4.05117 -12.8125 -3.16743
      vertex -4.03662 -13.0314 -2.7651
      vertex -4.14509 -12.8404 -2.68169
    endloop
  endfacet
  facet normal -0.90966 -0.377775 -0.172643
    outer loop
      vertex -3.99233 -12.9285 -3.22363
      vertex -4.03662 -13.0314 -2.7651
      vertex -4.05117 -12.8125 -3.16743
    endloop
  endfacet
  facet normal -0.706962 -0.685377 -0.174539
    outer loop
      vertex -4.57851 -12.7053 -1.32948
      vertex -4.56328 -12.765 -1.15674
      vertex -4.68978 -12.6361 -1.15052
    endloop
  endfacet
  facet normal -0.706171 -0.686419 -0.173645
    outer loop
      vertex -4.57851 -12.7053 -1.32948
      vertex -4.68978 -12.6361 -1.15052
      vertex -4.71439 -12.5521 -1.38249
    endloop
  endfacet
  facet normal -0.694667 -0.68837 -0.208769
    outer loop
      vertex -4.61317 -12.5653 -1.67577
      vertex -4.57851 -12.7053 -1.32948
      vertex -4.71439 -12.5521 -1.38249
    endloop
  endfacet
  facet normal -0.689137 -0.69456 -0.206582
    outer loop
      vertex -4.61317 -12.5653 -1.67577
      vertex -4.71439 -12.5521 -1.38249
      vertex -4.74194 -12.4555 -1.61537
    endloop
  endfacet
  facet normal -0.691504 -0.685284 -0.22849
    outer loop
      vertex -4.61317 -12.5653 -1.67577
      vertex -4.74194 -12.4555 -1.61537
      vertex -4.77192 -12.3473 -1.84915
    endloop
  endfacet
  facet normal -0.675454 -0.692783 -0.252615
    outer loop
      vertex -4.65405 -12.3934 -2.03789
      vertex -4.61317 -12.5653 -1.67577
      vertex -4.77192 -12.3473 -1.84915
    endloop
  endfacet
  facet normal -0.678642 -0.688543 -0.255641
    outer loop
      vertex -4.65405 -12.3934 -2.03789
      vertex -4.77192 -12.3473 -1.84915
      vertex -4.80384 -12.2287 -2.08385
    endloop
  endfacet
  facet normal -0.667263 -0.68709 -0.28752
    outer loop
      vertex -4.69827 -12.1984 -2.40126
      vertex -4.65405 -12.3934 -2.03789
      vertex -4.80384 -12.2287 -2.08385
    endloop
  endfacet
  facet normal -0.658985 -0.695824 -0.285601
    outer loop
      vertex -4.69827 -12.1984 -2.40126
      vertex -4.80384 -12.2287 -2.08385
      vertex -4.8372 -12.1004 -2.31946
    endloop
  endfacet
  facet normal -0.661652 -0.686736 -0.301017
    outer loop
      vertex -4.8624 -12 -2.49312
      vertex -4.69827 -12.1984 -2.40126
      vertex -4.8372 -12.1004 -2.31946
    endloop
  endfacet
  facet normal -0.661564 -0.686744 -0.30119
    outer loop
      vertex -4.69827 -12.1984 -2.40126
      vertex -4.8624 -12 -2.49312
      vertex -4.84469 -12 -2.53202
    endloop
  endfacet
  facet normal -0.645797 -0.690849 -0.325075
    outer loop
      vertex -4.74086 -12 -2.73829
      vertex -4.69827 -12.1984 -2.40126
      vertex -4.84469 -12 -2.53202
    endloop
  endfacet
  facet normal -0.731126 -0.596868 -0.33046
    outer loop
      vertex -4.47951 -12 -3.32829
      vertex -4.47513 -12.0325 -3.27928
      vertex -4.5094 -12 -3.26216
    endloop
  endfacet
  facet normal -0.775489 -0.555896 -0.299326
    outer loop
      vertex -4.40681 -12 -3.51664
      vertex -4.47513 -12.0325 -3.27928
      vertex -4.47951 -12 -3.32829
    endloop
  endfacet
  facet normal -0.784503 -0.542714 -0.300027
    outer loop
      vertex -4.32203 -12.2038 -3.36967
      vertex -4.40681 -12 -3.51664
      vertex -4.34386 -12 -3.68124
    endloop
  endfacet
  facet normal -0.78445 -0.542748 -0.300105
    outer loop
      vertex -4.40681 -12 -3.51664
      vertex -4.32203 -12.2038 -3.36967
      vertex -4.47513 -12.0325 -3.27928
    endloop
  endfacet
  facet normal -0.814068 -0.510549 -0.276825
    outer loop
      vertex -4.27018 -12.0802 -3.75
      vertex -4.34386 -12 -3.68124
      vertex -4.32682 -12 -3.73135
    endloop
  endfacet
  facet normal -0.814076 -0.510504 -0.276886
    outer loop
      vertex -4.34386 -12 -3.68124
      vertex -4.27018 -12.0802 -3.75
      vertex -4.32203 -12.2038 -3.36967
    endloop
  endfacet
  facet normal -0.832779 -0.483019 -0.270504
    outer loop
      vertex -4.27018 -12.0802 -3.75
      vertex -4.18536 -12.3857 -3.46562
      vertex -4.32203 -12.2038 -3.36967
    endloop
  endfacet
  facet normal -0.845249 -0.470503 -0.253339
    outer loop
      vertex -4.17299 -12.2548 -3.75
      vertex -4.18536 -12.3857 -3.46562
      vertex -4.27018 -12.0802 -3.75
    endloop
  endfacet
  facet normal -0.874021 -0.425818 -0.234022
    outer loop
      vertex -4.17299 -12.2548 -3.75
      vertex -4.08549 -12.4344 -3.75
      vertex -4.18536 -12.3857 -3.46562
    endloop
  endfacet
  facet normal -0.816402 -0.516511 -0.258272
    outer loop
      vertex -4.32092 -12 -3.75
      vertex -4.27018 -12.0802 -3.75
      vertex -4.32682 -12 -3.73135
    endloop
  endfacet
  facet normal -0.875456 -0.42224 -0.235139
    outer loop
      vertex -4.08549 -12.4344 -3.75
      vertex -4.06605 -12.5769 -3.56649
      vertex -4.18536 -12.3857 -3.46562
    endloop
  endfacet
  facet normal -0.902771 -0.380772 -0.200044
    outer loop
      vertex -4.00784 -12.6185 -3.75
      vertex -4.06605 -12.5769 -3.56649
      vertex -4.08549 -12.4344 -3.75
    endloop
  endfacet
  facet normal -0.905158 -0.373806 -0.202381
    outer loop
      vertex -4.00784 -12.6185 -3.75
      vertex -4.00435 -12.6931 -3.62782
      vertex -4.06605 -12.5769 -3.56649
    endloop
  endfacet
  facet normal -0.924762 -0.335969 -0.178719
    outer loop
      vertex -3.94908 -12.8119 -3.69048
      vertex -4.00435 -12.6931 -3.62782
      vertex -4.00784 -12.6185 -3.75
    endloop
  endfacet
  facet normal -0.927417 -0.333742 -0.168862
    outer loop
      vertex -3.94015 -12.8066 -3.75
      vertex -3.94908 -12.8119 -3.69048
      vertex -4.00784 -12.6185 -3.75
    endloop
  endfacet
  facet normal -0.944096 -0.284265 -0.166959
    outer loop
      vertex -3.94015 -12.8066 -3.75
      vertex -3.88255 -12.9979 -3.75
      vertex -3.94908 -12.8119 -3.69048
    endloop
  endfacet
  facet normal -0.99956 -0.0269016 -0.0124568
    outer loop
      vertex -3.75 -13.9859 -3.75
      vertex -3.75 -14.1911 -3.30685
      vertex -3.75538 -13.786 -3.75
    endloop
  endfacet
  facet normal -0.763824 -0.643441 -0.05057
    outer loop
      vertex -4.41054 -13.0536 -0.504923
      vertex -4.40426 -13.0809 -0.252419
      vertex -4.5143 -12.9508 -0.245705
    endloop
  endfacet
  facet normal -0.801191 -0.596744 -0.0445919
    outer loop
      vertex -4.28445 -13.2216 -0.522172
      vertex -4.40426 -13.0809 -0.252419
      vertex -4.41054 -13.0536 -0.504923
    endloop
  endfacet
  facet normal -0.803061 -0.594054 -0.0468255
    outer loop
      vertex -4.28445 -13.2216 -0.522172
      vertex -4.27933 -13.2491 -0.2611
      vertex -4.40426 -13.0809 -0.252419
    endloop
  endfacet
  facet normal -0.84127 -0.539112 -0.0402888
    outer loop
      vertex -4.17054 -13.398 -0.540283
      vertex -4.27933 -13.2491 -0.2611
      vertex -4.28445 -13.2216 -0.522172
    endloop
  endfacet
  facet normal -0.842882 -0.536429 -0.0423478
    outer loop
      vertex -4.17054 -13.398 -0.540283
      vertex -4.16648 -13.4257 -0.27021
      vertex -4.27933 -13.2491 -0.2611
    endloop
  endfacet
  facet normal -0.877133 -0.478901 -0.0359324
    outer loop
      vertex -4.06936 -13.5819 -0.559167
      vertex -4.16648 -13.4257 -0.27021
      vertex -4.17054 -13.398 -0.540283
    endloop
  endfacet
  facet normal -0.878269 -0.476694 -0.037507
    outer loop
      vertex -4.06936 -13.5819 -0.559167
      vertex -4.06626 -13.6096 -0.279705
      vertex -4.16648 -13.4257 -0.27021
    endloop
  endfacet
  facet normal -0.908666 -0.416358 -0.0311894
    outer loop
      vertex -3.9814 -13.7724 -0.578729
      vertex -4.06626 -13.6096 -0.279705
      vertex -4.06936 -13.5819 -0.559167
    endloop
  endfacet
  facet normal -0.909645 -0.414097 -0.0326983
    outer loop
      vertex -3.9814 -13.7724 -0.578729
      vertex -3.97914 -13.8002 -0.289537
      vertex -4.06626 -13.6096 -0.279705
    endloop
  endfacet
  facet normal -0.930645 -0.364865 -0.0278016
    outer loop
      vertex -3.93604 -13.8872 -0.590509
      vertex -3.97914 -13.8002 -0.289537
      vertex -3.9814 -13.7724 -0.578729
    endloop
  endfacet
  facet normal -0.931261 -0.363247 -0.0283578
    outer loop
      vertex -3.93604 -13.8872 -0.590509
      vertex -3.93422 -13.9149 -0.295457
      vertex -3.97914 -13.8002 -0.289537
    endloop
  endfacet
  facet normal -0.944923 -0.326351 -0.0248097
    outer loop
      vertex -3.89549 -14.0037 -0.602471
      vertex -3.93422 -13.9149 -0.295457
      vertex -3.93604 -13.8872 -0.590509
    endloop
  endfacet
  facet normal -0.945417 -0.324879 -0.0252977
    outer loop
      vertex -3.89549 -14.0037 -0.602471
      vertex -3.89406 -14.0313 -0.301466
      vertex -3.93422 -13.9149 -0.295457
    endloop
  endfacet
  facet normal -0.96278 -0.269534 -0.0201404
    outer loop
      vertex -3.83213 -14.2283 -0.625527
      vertex -3.89406 -14.0313 -0.301466
      vertex -3.89549 -14.0037 -0.602471
    endloop
  endfacet
  facet normal -0.963134 -0.268198 -0.0210205
    outer loop
      vertex -3.83213 -14.2283 -0.625527
      vertex -3.83132 -14.2557 -0.313047
      vertex -3.89406 -14.0313 -0.301466
    endloop
  endfacet
  facet normal -0.98095 -0.193721 -0.0144438
    outer loop
      vertex -3.7866 -14.4571 -0.649018
      vertex -3.83132 -14.2557 -0.313047
      vertex -3.83213 -14.2283 -0.625527
    endloop
  endfacet
  facet normal -0.981141 -0.192703 -0.0150793
    outer loop
      vertex -3.7866 -14.4571 -0.649018
      vertex -3.78624 -14.4843 -0.324844
      vertex -3.83132 -14.2557 -0.313047
    endloop
  endfacet
  facet normal -0.801188 -0.593328 -0.0778385
    outer loop
      vertex -4.29287 -13.176 -0.783094
      vertex -4.28445 -13.2216 -0.522172
      vertex -4.41054 -13.0536 -0.504923
    endloop
  endfacet
  facet normal -0.838773 -0.540299 -0.067358
    outer loop
      vertex -4.17721 -13.3522 -0.80999
      vertex -4.28445 -13.2216 -0.522172
      vertex -4.29287 -13.176 -0.783094
    endloop
  endfacet
  facet normal -0.841268 -0.536038 -0.0702217
    outer loop
      vertex -4.17721 -13.3522 -0.80999
      vertex -4.17054 -13.398 -0.540283
      vertex -4.28445 -13.2216 -0.522172
    endloop
  endfacet
  facet normal -0.875276 -0.479907 -0.0598489
    outer loop
      vertex -4.07446 -13.5361 -0.838055
      vertex -4.17054 -13.398 -0.540283
      vertex -4.17721 -13.3522 -0.80999
    endloop
  endfacet
  facet normal -0.877133 -0.476207 -0.0621644
    outer loop
      vertex -4.07446 -13.5361 -0.838055
      vertex -4.06936 -13.5819 -0.559167
      vertex -4.17054 -13.398 -0.540283
    endloop
  endfacet
  facet normal -0.907166 -0.417549 -0.0519822
    outer loop
      vertex -3.98511 -13.7266 -0.867146
      vertex -4.06936 -13.5819 -0.559167
      vertex -4.07446 -13.5361 -0.838055
    endloop
  endfacet
  facet normal -0.908666 -0.41401 -0.0540554
    outer loop
      vertex -3.98511 -13.7266 -0.867146
      vertex -3.9814 -13.7724 -0.578729
      vertex -4.06936 -13.5819 -0.559167
    endloop
  endfacet
  facet normal -0.929457 -0.36603 -0.0461688
    outer loop
      vertex -3.93903 -13.8414 -0.884673
      vertex -3.9814 -13.7724 -0.578729
      vertex -3.98511 -13.7266 -0.867146
    endloop
  endfacet
  facet normal -0.930644 -0.362891 -0.047041
    outer loop
      vertex -3.93903 -13.8414 -0.884673
      vertex -3.93604 -13.8872 -0.590509
      vertex -3.9814 -13.7724 -0.578729
    endloop
  endfacet
  facet normal -0.944056 -0.327184 -0.0413453
    outer loop
      vertex -3.89784 -13.958 -0.902474
      vertex -3.93604 -13.8872 -0.590509
      vertex -3.93903 -13.8414 -0.884673
    endloop
  endfacet
  facet normal -0.944923 -0.324581 -0.0420422
    outer loop
      vertex -3.89784 -13.958 -0.902474
      vertex -3.89549 -14.0037 -0.602471
      vertex -3.93604 -13.8872 -0.590509
    endloop
  endfacet
  facet normal -0.962156 -0.270412 -0.0336555
    outer loop
      vertex -3.83346 -14.1828 -0.936796
      vertex -3.89549 -14.0037 -0.602471
      vertex -3.89784 -13.958 -0.902474
    endloop
  endfacet
  facet normal -0.96278 -0.268002 -0.0350617
    outer loop
      vertex -3.83346 -14.1828 -0.936796
      vertex -3.83213 -14.2283 -0.625527
      vertex -3.89549 -14.0037 -0.602471
    endloop
  endfacet
  facet normal -0.980648 -0.194275 -0.0242081
    outer loop
      vertex -3.78719 -14.412 -0.971776
      vertex -3.83213 -14.2283 -0.625527
      vertex -3.83346 -14.1828 -0.936796
    endloop
  endfacet
  facet normal -0.980951 -0.192625 -0.0251229
    outer loop
      vertex -3.78719 -14.412 -0.971776
      vertex -3.7866 -14.4571 -0.649018
      vertex -3.83213 -14.2283 -0.625527
    endloop
  endfacet
  facet normal -0.838773 -0.535792 -0.0968906
    outer loop
      vertex -4.18623 -13.2894 -1.07918
      vertex -4.17721 -13.3522 -0.80999
      vertex -4.29287 -13.176 -0.783094
    endloop
  endfacet
  facet normal -0.872533 -0.48144 -0.0830796
    outer loop
      vertex -4.08135 -13.4731 -1.11614
      vertex -4.17721 -13.3522 -0.80999
      vertex -4.18623 -13.2894 -1.07918
    endloop
  endfacet
  facet normal -0.875274 -0.475896 -0.0861276
    outer loop
      vertex -4.08135 -13.4731 -1.11614
      vertex -4.07446 -13.5361 -0.838055
      vertex -4.17721 -13.3522 -0.80999
    endloop
  endfacet
  facet normal -0.905245 -0.418673 -0.0724212
    outer loop
      vertex -3.99013 -13.6637 -1.15449
      vertex -4.07446 -13.5361 -0.838055
      vertex -4.08135 -13.4731 -1.11614
    endloop
  endfacet
  facet normal -0.907169 -0.414067 -0.0747913
    outer loop
      vertex -3.99013 -13.6637 -1.15449
      vertex -3.98511 -13.7266 -0.867146
      vertex -4.07446 -13.5361 -0.838055
    endloop
  endfacet
  facet normal -0.927971 -0.36709 -0.0641446
    outer loop
      vertex -3.94308 -13.7786 -1.1776
      vertex -3.98511 -13.7266 -0.867146
      vertex -3.99013 -13.6637 -1.15449
    endloop
  endfacet
  facet normal -0.929459 -0.363154 -0.0650052
    outer loop
      vertex -3.94308 -13.7786 -1.1776
      vertex -3.93903 -13.8414 -0.884673
      vertex -3.98511 -13.7266 -0.867146
    endloop
  endfacet
  facet normal -0.942817 -0.328338 -0.0573563
    outer loop
      vertex -3.90101 -13.8953 -1.20109
      vertex -3.93903 -13.8414 -0.884673
      vertex -3.94308 -13.7786 -1.1776
    endloop
  endfacet
  facet normal -0.944056 -0.32462 -0.0581384
    outer loop
      vertex -3.90101 -13.8953 -1.20109
      vertex -3.89784 -13.958 -0.902474
      vertex -3.93903 -13.8414 -0.884673
    endloop
  endfacet
  facet normal -0.961365 -0.271278 -0.0467543
    outer loop
      vertex -3.83526 -14.1205 -1.24639
      vertex -3.89784 -13.958 -0.902474
      vertex -3.90101 -13.8953 -1.20109
    endloop
  endfacet
  facet normal -0.962158 -0.268165 -0.0483692
    outer loop
      vertex -3.83526 -14.1205 -1.24639
      vertex -3.83346 -14.1828 -0.936796
      vertex -3.89784 -13.958 -0.902474
    endloop
  endfacet
  facet normal -0.980226 -0.195019 -0.0335448
    outer loop
      vertex -3.788 -14.3501 -1.29257
      vertex -3.83346 -14.1828 -0.936796
      vertex -3.83526 -14.1205 -1.24639
    endloop
  endfacet
  facet normal -0.980649 -0.192673 -0.0347019
    outer loop
      vertex -3.788 -14.3501 -1.29257
      vertex -3.78719 -14.412 -0.971776
      vertex -3.83346 -14.1828 -0.936796
    endloop
  endfacet
  facet normal -0.872571 -0.476881 -0.105851
    outer loop
      vertex -4.08714 -13.4195 -1.30989
      vertex -4.08135 -13.4731 -1.11614
      vertex -4.18623 -13.2894 -1.07918
    endloop
  endfacet
  facet normal -0.903584 -0.419078 -0.0889333
    outer loop
      vertex -3.99435 -13.6101 -1.3545
      vertex -4.08135 -13.4731 -1.11614
      vertex -4.08714 -13.4195 -1.30989
    endloop
  endfacet
  facet normal -0.905273 -0.414738 -0.092044
    outer loop
      vertex -3.99435 -13.6101 -1.3545
      vertex -3.99013 -13.6637 -1.15449
      vertex -4.08135 -13.4731 -1.11614
    endloop
  endfacet
  facet normal -0.926745 -0.367316 -0.0788824
    outer loop
      vertex -3.94648 -13.7251 -1.3814
      vertex -3.99013 -13.6637 -1.15449
      vertex -3.99435 -13.6101 -1.3545
    endloop
  endfacet
  facet normal -0.927992 -0.3639 -0.0800466
    outer loop
      vertex -3.94648 -13.7251 -1.3814
      vertex -3.94308 -13.7786 -1.1776
      vertex -3.99013 -13.6637 -1.15449
    endloop
  endfacet
  facet normal -0.94183 -0.328603 -0.0705496
    outer loop
      vertex -3.90368 -13.8419 -1.40875
      vertex -3.94308 -13.7786 -1.1776
      vertex -3.94648 -13.7251 -1.3814
    endloop
  endfacet
  facet normal -0.942835 -0.325482 -0.0715755
    outer loop
      vertex -3.90368 -13.8419 -1.40875
      vertex -3.90101 -13.8953 -1.20109
      vertex -3.94308 -13.7786 -1.1776
    endloop
  endfacet
  facet normal -0.96069 -0.271606 -0.0574916
    outer loop
      vertex -3.83677 -14.0674 -1.4615
      vertex -3.90101 -13.8953 -1.20109
      vertex -3.90368 -13.8419 -1.40875
    endloop
  endfacet
  facet normal -0.961379 -0.268702 -0.0595806
    outer loop
      vertex -3.83677 -14.0674 -1.4615
      vertex -3.83526 -14.1205 -1.24639
      vertex -3.90101 -13.8953 -1.20109
    endloop
  endfacet
  facet normal -0.979882 -0.195254 -0.0413201
    outer loop
      vertex -3.78867 -14.2974 -1.51532
      vertex -3.83526 -14.1205 -1.24639
      vertex -3.83677 -14.0674 -1.4615
    endloop
  endfacet
  facet normal -0.980234 -0.193169 -0.042753
    outer loop
      vertex -3.78867 -14.2974 -1.51532
      vertex -3.788 -14.3501 -1.29257
      vertex -3.83526 -14.1205 -1.24639
    endloop
  endfacet
  facet normal -0.743914 -0.649143 -0.158759
    outer loop
      vertex -4.45965 -12.8332 -1.36347
      vertex -4.56328 -12.765 -1.15674
      vertex -4.57851 -12.7053 -1.32948
    endloop
  endfacet
  facet normal -0.743804 -0.640042 -0.192619
    outer loop
      vertex -4.48958 -12.692 -1.71708
      vertex -4.45965 -12.8332 -1.36347
      vertex -4.57851 -12.7053 -1.32948
    endloop
  endfacet
  facet normal -0.77737 -0.604089 -0.175421
    outer loop
      vertex -4.34897 -12.8573 -1.77095
      vertex -4.45965 -12.8332 -1.36347
      vertex -4.48958 -12.692 -1.71708
    endloop
  endfacet
  facet normal -0.777375 -0.591567 -0.21386
    outer loop
      vertex -4.37785 -12.6827 -2.14894
      vertex -4.34897 -12.8573 -1.77095
      vertex -4.48958 -12.692 -1.71708
    endloop
  endfacet
  facet normal -0.813292 -0.549392 -0.191635
    outer loop
      vertex -4.24464 -12.8566 -2.21573
      vertex -4.34897 -12.8573 -1.77095
      vertex -4.37785 -12.6827 -2.14894
    endloop
  endfacet
  facet normal -0.813313 -0.536972 -0.224016
    outer loop
      vertex -4.26952 -12.6578 -2.60193
      vertex -4.24464 -12.8566 -2.21573
      vertex -4.37785 -12.6827 -2.14894
    endloop
  endfacet
  facet normal -0.848108 -0.491323 -0.198276
    outer loop
      vertex -4.14509 -12.8404 -2.68169
      vertex -4.24464 -12.8566 -2.21573
      vertex -4.26952 -12.6578 -2.60193
    endloop
  endfacet
  facet normal -0.848127 -0.479981 -0.224273
    outer loop
      vertex -4.16501 -12.6215 -3.07484
      vertex -4.14509 -12.8404 -2.68169
      vertex -4.26952 -12.6578 -2.60193
    endloop
  endfacet
  facet normal -0.881189 -0.430622 -0.195116
    outer loop
      vertex -4.05117 -12.8125 -3.16743
      vertex -4.14509 -12.8404 -2.68169
      vertex -4.16501 -12.6215 -3.07484
    endloop
  endfacet
  facet normal -0.903588 -0.415132 -0.105799
    outer loop
      vertex -3.99909 -13.549 -1.55376
      vertex -3.99435 -13.6101 -1.3545
      vertex -4.08714 -13.4195 -1.30989
    endloop
  endfacet
  facet normal -0.926747 -0.364249 -0.0919964
    outer loop
      vertex -3.95031 -13.6641 -1.58434
      vertex -3.94648 -13.7251 -1.3814
      vertex -3.99435 -13.6101 -1.3545
    endloop
  endfacet
  facet normal -0.925362 -0.368039 -0.0908409
    outer loop
      vertex -3.95031 -13.6641 -1.58434
      vertex -3.99435 -13.6101 -1.3545
      vertex -3.99909 -13.549 -1.55376
    endloop
  endfacet
  facet normal -0.925319 -0.363288 -0.108654
    outer loop
      vertex -3.95904 -13.5213 -1.98745
      vertex -3.95031 -13.6641 -1.58434
      vertex -3.99909 -13.549 -1.55376
    endloop
  endfacet
  facet normal -0.941832 -0.325842 -0.0823413
    outer loop
      vertex -3.90668 -13.781 -1.61543
      vertex -3.90368 -13.8419 -1.40875
      vertex -3.94648 -13.7251 -1.3814
    endloop
  endfacet
  facet normal -0.940664 -0.329463 -0.0812777
    outer loop
      vertex -3.90668 -13.781 -1.61543
      vertex -3.94648 -13.7251 -1.3814
      vertex -3.95031 -13.6641 -1.58434
    endloop
  endfacet
  facet normal -0.94063 -0.325196 -0.0972738
    outer loop
      vertex -3.91352 -13.6385 -2.02568
      vertex -3.90668 -13.781 -1.61543
      vertex -3.95031 -13.6641 -1.58434
    endloop
  endfacet
  facet normal -0.93804 -0.332532 -0.0974834
    outer loop
      vertex -3.91352 -13.6385 -2.02568
      vertex -3.95031 -13.6641 -1.58434
      vertex -3.95904 -13.5213 -1.98745
    endloop
  endfacet
  facet normal -0.938044 -0.326179 -0.116965
    outer loop
      vertex -3.92162 -13.4635 -2.44874
      vertex -3.91352 -13.6385 -2.02568
      vertex -3.95904 -13.5213 -1.98745
    endloop
  endfacet
  facet normal -0.960692 -0.269016 -0.0685637
    outer loop
      vertex -3.83847 -14.0068 -1.67545
      vertex -3.83677 -14.0674 -1.4615
      vertex -3.90368 -13.8419 -1.40875
    endloop
  endfacet
  facet normal -0.959912 -0.272344 -0.0663152
    outer loop
      vertex -3.83847 -14.0068 -1.67545
      vertex -3.90368 -13.8419 -1.40875
      vertex -3.90668 -13.781 -1.61543
    endloop
  endfacet
  facet normal -0.959888 -0.268456 -0.0809146
    outer loop
      vertex -3.84235 -13.8651 -2.09955
      vertex -3.83847 -14.0068 -1.67545
      vertex -3.90668 -13.781 -1.61543
    endloop
  endfacet
  facet normal -0.958148 -0.275001 -0.0795465
    outer loop
      vertex -3.84235 -13.8651 -2.09955
      vertex -3.90668 -13.781 -1.61543
      vertex -3.91352 -13.6385 -2.02568
    endloop
  endfacet
  facet normal -0.958152 -0.269216 -0.0972981
    outer loop
      vertex -3.84694 -13.691 -2.53607
      vertex -3.84235 -13.8651 -2.09955
      vertex -3.91352 -13.6385 -2.02568
    endloop
  endfacet
  facet normal -0.956067 -0.2769 -0.0962356
    outer loop
      vertex -3.84694 -13.691 -2.53607
      vertex -3.91352 -13.6385 -2.02568
      vertex -3.92162 -13.4635 -2.44874
    endloop
  endfacet
  facet normal -0.956075 -0.270507 -0.112899
    outer loop
      vertex -3.85194 -13.4935 -2.96694
      vertex -3.84694 -13.691 -2.53607
      vertex -3.92162 -13.4635 -2.44874
    endloop
  endfacet
  facet normal -0.979883 -0.193403 -0.0492306
    outer loop
      vertex -3.78943 -14.2372 -1.73669
      vertex -3.78867 -14.2974 -1.51532
      vertex -3.83677 -14.0674 -1.4615
    endloop
  endfacet
  facet normal -0.979483 -0.195807 -0.0476784
    outer loop
      vertex -3.78943 -14.2372 -1.73669
      vertex -3.83677 -14.0674 -1.4615
      vertex -3.83847 -14.0068 -1.67545
    endloop
  endfacet
  facet normal -0.97947 -0.193029 -0.0581205
    outer loop
      vertex -3.79117 -14.0964 -2.17499
      vertex -3.78943 -14.2372 -1.73669
      vertex -3.83847 -14.0068 -1.67545
    endloop
  endfacet
  facet normal -0.978558 -0.197882 -0.0571636
    outer loop
      vertex -3.79117 -14.0964 -2.17499
      vertex -3.83847 -14.0068 -1.67545
      vertex -3.84235 -13.8651 -2.09955
    endloop
  endfacet
  facet normal -0.978562 -0.193723 -0.0699174
    outer loop
      vertex -3.79322 -13.9235 -2.62536
      vertex -3.79117 -14.0964 -2.17499
      vertex -3.84235 -13.8651 -2.09955
    endloop
  endfacet
  facet normal -0.977497 -0.199278 -0.069201
    outer loop
      vertex -3.79322 -13.9235 -2.62536
      vertex -3.84235 -13.8651 -2.09955
      vertex -3.84694 -13.691 -2.53607
    endloop
  endfacet
  facet normal -0.977502 -0.194696 -0.0811344
    outer loop
      vertex -3.79545 -13.7274 -3.06907
      vertex -3.79322 -13.9235 -2.62536
      vertex -3.84694 -13.691 -2.53607
    endloop
  endfacet
  facet normal -0.97635 -0.2006 -0.08062
    outer loop
      vertex -3.79545 -13.7274 -3.06907
      vertex -3.84694 -13.691 -2.53607
      vertex -3.85194 -13.4935 -2.96694
    endloop
  endfacet
  facet normal -0.976356 -0.195867 -0.0914624
    outer loop
      vertex -3.7978 -13.5116 -3.50612
      vertex -3.79545 -13.7274 -3.06907
      vertex -3.85194 -13.4935 -2.96694
    endloop
  endfacet
  facet normal -0.733055 -0.652919 -0.190595
    outer loop
      vertex -4.48958 -12.692 -1.71708
      vertex -4.57851 -12.7053 -1.32948
      vertex -4.61317 -12.5653 -1.67577
    endloop
  endfacet
  facet normal -0.733063 -0.639937 -0.230434
    outer loop
      vertex -4.5249 -12.5187 -2.08599
      vertex -4.48958 -12.692 -1.71708
      vertex -4.61317 -12.5653 -1.67577
    endloop
  endfacet
  facet normal -0.766648 -0.606267 -0.211402
    outer loop
      vertex -4.37785 -12.6827 -2.14894
      vertex -4.48958 -12.692 -1.71708
      vertex -4.5249 -12.5187 -2.08599
    endloop
  endfacet
  facet normal -0.766668 -0.592509 -0.247291
    outer loop
      vertex -4.40915 -12.4847 -2.52631
      vertex -4.37785 -12.6827 -2.14894
      vertex -4.5249 -12.5187 -2.08599
    endloop
  endfacet
  facet normal -0.804042 -0.551336 -0.222588
    outer loop
      vertex -4.26952 -12.6578 -2.60193
      vertex -4.37785 -12.6827 -2.14894
      vertex -4.40915 -12.4847 -2.52631
    endloop
  endfacet
  facet normal -0.804062 -0.53859 -0.251803
    outer loop
      vertex -4.2955 -12.4392 -2.98654
      vertex -4.26952 -12.6578 -2.60193
      vertex -4.40915 -12.4847 -2.52631
    endloop
  endfacet
  facet normal -0.840582 -0.493366 -0.223633
    outer loop
      vertex -4.16501 -12.6215 -3.07484
      vertex -4.26952 -12.6578 -2.60193
      vertex -4.2955 -12.4392 -2.98654
    endloop
  endfacet
  facet normal -0.720422 -0.654508 -0.229369
    outer loop
      vertex -4.5249 -12.5187 -2.08599
      vertex -4.61317 -12.5653 -1.67577
      vertex -4.65405 -12.3934 -2.03789
    endloop
  endfacet
  facet normal -0.720441 -0.640361 -0.266275
    outer loop
      vertex -4.56315 -12.3221 -2.4553
      vertex -4.5249 -12.5187 -2.08599
      vertex -4.65405 -12.3934 -2.03789
    endloop
  endfacet
  facet normal -0.755081 -0.607958 -0.245438
    outer loop
      vertex -4.40915 -12.4847 -2.52631
      vertex -4.5249 -12.5187 -2.08599
      vertex -4.56315 -12.3221 -2.4553
    endloop
  endfacet
  facet normal -0.755102 -0.59389 -0.277698
    outer loop
      vertex -4.44181 -12.267 -2.90308
      vertex -4.40915 -12.4847 -2.52631
      vertex -4.56315 -12.3221 -2.4553
    endloop
  endfacet
  facet normal -0.794309 -0.553306 -0.25085
    outer loop
      vertex -4.2955 -12.4392 -2.98654
      vertex -4.40915 -12.4847 -2.52631
      vertex -4.44181 -12.267 -2.90308
    endloop
  endfacet
  facet normal -0.706638 -0.655716 -0.265892
    outer loop
      vertex -4.56315 -12.3221 -2.4553
      vertex -4.65405 -12.3934 -2.03789
      vertex -4.69827 -12.1984 -2.40126
    endloop
  endfacet
  facet normal -0.706659 -0.641301 -0.298942
    outer loop
      vertex -4.60304 -12.1058 -2.82502
      vertex -4.56315 -12.3221 -2.4553
      vertex -4.69827 -12.1984 -2.40126
    endloop
  endfacet
  facet normal -0.743116 -0.609428 -0.276362
    outer loop
      vertex -4.44181 -12.267 -2.90308
      vertex -4.56315 -12.3221 -2.4553
      vertex -4.60304 -12.1058 -2.82502
    endloop
  endfacet
  facet normal -0.692313 -0.656738 -0.298993
    outer loop
      vertex -4.60304 -12.1058 -2.82502
      vertex -4.74086 -12 -2.73829
      vertex -4.72555 -12 -2.77374
    endloop
  endfacet
  facet normal -0.692327 -0.656683 -0.299082
    outer loop
      vertex -4.74086 -12 -2.73829
      vertex -4.60304 -12.1058 -2.82502
      vertex -4.69827 -12.1984 -2.40126
    endloop
  endfacet
  facet normal -1 -0 0
    outer loop
      vertex -3.75 -14.9532 -0.244248
      vertex -3.75 -63.715 -3.75
      vertex -3.75 -14.9576 0
    endloop
  endfacet
  facet normal -1 -0 0
    outer loop
      vertex -3.75 -14.94 -0.488213
      vertex -3.75 -63.715 -3.75
      vertex -3.75 -14.9532 -0.244248
    endloop
  endfacet
  facet normal -1 -0 0
    outer loop
      vertex -3.75 -14.9181 -0.731541
      vertex -3.75 -63.715 -3.75
      vertex -3.75 -14.94 -0.488213
    endloop
  endfacet
  facet normal -1 -0 0
    outer loop
      vertex -3.75 -14.8877 -0.973924
      vertex -3.75 -63.715 -3.75
      vertex -3.75 -14.9181 -0.731541
    endloop
  endfacet
  facet normal -1 -0 0
    outer loop
      vertex -3.75 -14.849 -1.21514
      vertex -3.75 -63.715 -3.75
      vertex -3.75 -14.8877 -0.973924
    endloop
  endfacet
  facet normal -1 -0 0
    outer loop
      vertex -3.75 -14.8025 -1.45496
      vertex -3.75 -63.715 -3.75
      vertex -3.75 -14.849 -1.21514
    endloop
  endfacet
  facet normal -1 -0 0
    outer loop
      vertex -3.75 -14.7485 -1.69318
      vertex -3.75 -63.715 -3.75
      vertex -3.75 -14.8025 -1.45496
    endloop
  endfacet
  facet normal -1 -0 0
    outer loop
      vertex -3.75 -14.6872 -1.92957
      vertex -3.75 -63.715 -3.75
      vertex -3.75 -14.7485 -1.69318
    endloop
  endfacet
  facet normal -1 -0 0
    outer loop
      vertex -3.75 -14.5448 -2.39656
      vertex -3.75 -63.715 -3.75
      vertex -3.75 -14.6872 -1.92957
    endloop
  endfacet
  facet normal -1 -0 0
    outer loop
      vertex -3.75 -14.3784 -2.85571
      vertex -3.75 -63.715 -3.75
      vertex -3.75 -14.5448 -2.39656
    endloop
  endfacet
  facet normal -1 -0 0
    outer loop
      vertex -3.75 -14.1911 -3.30685
      vertex -3.75 -63.715 -3.75
      vertex -3.75 -14.3784 -2.85571
    endloop
  endfacet
  facet normal -1 0 0
    outer loop
      vertex -3.75 -63.715 -3.75
      vertex -3.75 -14.1911 -3.30685
      vertex -3.75 -13.9859 -3.75
    endloop
  endfacet
  facet normal -1 0 0
    outer loop
      vertex -3.75 -63.715 3.75
      vertex -3.75 -14.9576 0
      vertex -3.75 -63.715 -3.75
    endloop
  endfacet
  facet normal -1 0 0
    outer loop
      vertex -3.75 -14.9576 0
      vertex -3.75 -63.715 3.75
      vertex -3.75 -14.9532 0.244248
    endloop
  endfacet
  facet normal -1 0 0
    outer loop
      vertex -3.75 -14.9532 0.244248
      vertex -3.75 -63.715 3.75
      vertex -3.75 -14.94 0.488213
    endloop
  endfacet
  facet normal -1 0 0
    outer loop
      vertex -3.75 -14.94 0.488213
      vertex -3.75 -63.715 3.75
      vertex -3.75 -14.9181 0.731541
    endloop
  endfacet
  facet normal -1 0 0
    outer loop
      vertex -3.75 -14.9181 0.731541
      vertex -3.75 -63.715 3.75
      vertex -3.75 -14.8877 0.973924
    endloop
  endfacet
  facet normal -1 0 0
    outer loop
      vertex -3.75 -14.8877 0.973924
      vertex -3.75 -63.715 3.75
      vertex -3.75 -14.849 1.21514
    endloop
  endfacet
  facet normal -1 0 0
    outer loop
      vertex -3.75 -14.849 1.21514
      vertex -3.75 -63.715 3.75
      vertex -3.75 -14.8025 1.45496
    endloop
  endfacet
  facet normal -1 0 0
    outer loop
      vertex -3.75 -14.8025 1.45496
      vertex -3.75 -63.715 3.75
      vertex -3.75 -14.7485 1.69318
    endloop
  endfacet
  facet normal -1 0 0
    outer loop
      vertex -3.75 -14.7485 1.69318
      vertex -3.75 -63.715 3.75
      vertex -3.75 -14.6872 1.92957
    endloop
  endfacet
  facet normal -1 0 0
    outer loop
      vertex -3.75 -14.6872 1.92957
      vertex -3.75 -63.715 3.75
      vertex -3.75 -14.5448 2.39656
    endloop
  endfacet
  facet normal -1 0 0
    outer loop
      vertex -3.75 -14.5448 2.39656
      vertex -3.75 -63.715 3.75
      vertex -3.75 -14.3784 2.85571
    endloop
  endfacet
  facet normal -1 0 0
    outer loop
      vertex -3.75 -14.3784 2.85571
      vertex -3.75 -63.715 3.75
      vertex -3.75 -14.1911 3.30685
    endloop
  endfacet
  facet normal -1 0 0
    outer loop
      vertex -3.75 -14.1911 3.30685
      vertex -3.75 -63.715 3.75
      vertex -3.75 -13.9859 3.75
    endloop
  endfacet
  facet normal -0.631674 -0.707335 -0.317277
    outer loop
      vertex -4.8624 -12 -2.49312
      vertex -4.8372 -12.1004 -2.31946
      vertex -4.92522 -12 -2.36805
    endloop
  endfacet
  facet normal -0.639955 -0.706871 -0.301316
    outer loop
      vertex -4.92522 -12 -2.36805
      vertex -4.8372 -12.1004 -2.31946
      vertex -4.93184 -12 -2.35399
    endloop
  endfacet
  facet normal -0.643205 -0.707028 -0.293936
    outer loop
      vertex -5.01282 -12 -2.17666
      vertex -4.8372 -12.1004 -2.31946
      vertex -4.80384 -12.2287 -2.08385
    endloop
  endfacet
  facet normal -0.64311 -0.707219 -0.293684
    outer loop
      vertex -4.8372 -12.1004 -2.31946
      vertex -5.01282 -12 -2.17666
      vertex -4.93184 -12 -2.35399
    endloop
  endfacet
  facet normal -0.654373 -0.706987 -0.268262
    outer loop
      vertex -5.08106 -12 -2.01035
      vertex -4.80384 -12.2287 -2.08385
      vertex -4.77192 -12.3473 -1.84915
    endloop
  endfacet
  facet normal -0.654367 -0.706904 -0.268498
    outer loop
      vertex -4.80384 -12.2287 -2.08385
      vertex -5.08106 -12 -2.01035
      vertex -5.01282 -12 -2.17666
    endloop
  endfacet
  facet normal -0.655593 -0.706851 -0.26563
    outer loop
      vertex -5.08106 -12 -2.01035
      vertex -4.77192 -12.3473 -1.84915
      vertex -5.09969 -12 -1.96437
    endloop
  endfacet
  facet normal -0.664303 -0.707168 -0.242107
    outer loop
      vertex -5.16185 -12 -1.79367
      vertex -4.77192 -12.3473 -1.84915
      vertex -4.74194 -12.4555 -1.61537
    endloop
  endfacet
  facet normal -0.66432 -0.707219 -0.241911
    outer loop
      vertex -4.77192 -12.3473 -1.84915
      vertex -5.16185 -12 -1.79367
      vertex -5.09969 -12 -1.96437
    endloop
  endfacet
  facet normal -0.669313 -0.70674 -0.229212
    outer loop
      vertex -5.16185 -12 -1.79367
      vertex -4.74194 -12.4555 -1.61537
      vertex -5.18224 -12 -1.73413
    endloop
  endfacet
  facet normal -0.673977 -0.707194 -0.213616
    outer loop
      vertex -5.23741 -12 -1.56009
      vertex -4.74194 -12.4555 -1.61537
      vertex -4.71439 -12.5521 -1.38249
    endloop
  endfacet
  facet normal -0.673974 -0.707187 -0.213647
    outer loop
      vertex -4.74194 -12.4555 -1.61537
      vertex -5.23741 -12 -1.56009
      vertex -5.18224 -12 -1.73413
    endloop
  endfacet
  facet normal -0.680845 -0.706783 -0.192114
    outer loop
      vertex -5.23741 -12 -1.56009
      vertex -4.71439 -12.5521 -1.38249
      vertex -5.25754 -12 -1.48875
    endloop
  endfacet
  facet normal -0.682803 -0.707149 -0.18363
    outer loop
      vertex -5.30506 -12 -1.31227
      vertex -4.71439 -12.5521 -1.38249
      vertex -4.68978 -12.6361 -1.15052
    endloop
  endfacet
  facet normal -0.682789 -0.707105 -0.183852
    outer loop
      vertex -4.71439 -12.5521 -1.38249
      vertex -5.30506 -12 -1.31227
      vertex -5.25754 -12 -1.48875
    endloop
  endfacet
  facet normal -0.690257 -0.706911 -0.154343
    outer loop
      vertex -5.30506 -12 -1.31227
      vertex -4.68978 -12.6361 -1.15052
      vertex -5.32325 -12 -1.23092
    endloop
  endfacet
  facet normal -0.690574 -0.706985 -0.152576
    outer loop
      vertex -5.3626 -12 -1.05274
      vertex -4.68978 -12.6361 -1.15052
      vertex -4.66868 -12.7066 -0.919347
    endloop
  endfacet
  facet normal -0.690576 -0.706997 -0.15251
    outer loop
      vertex -4.68978 -12.6361 -1.15052
      vertex -5.3626 -12 -1.05274
      vertex -5.32325 -12 -1.23092
    endloop
  endfacet
  facet normal -0.696877 -0.707056 -0.120138
    outer loop
      vertex -5.39253 -12 -0.879156
      vertex -4.66868 -12.7066 -0.919347
      vertex -4.6516 -12.7626 -0.688842
    endloop
  endfacet
  facet normal -0.696876 -0.707054 -0.120158
    outer loop
      vertex -4.66868 -12.7066 -0.919347
      vertex -5.39253 -12 -0.879156
      vertex -5.3626 -12 -1.05274
    endloop
  endfacet
  facet normal -0.697719 -0.706887 -0.116185
    outer loop
      vertex -5.39253 -12 -0.879156
      vertex -4.6516 -12.7626 -0.688842
      vertex -5.40837 -12 -0.784033
    endloop
  endfacet
  facet normal -0.701701 -0.707142 -0.0869837
    outer loop
      vertex -5.43007 -12 -0.608519
      vertex -4.6516 -12.7626 -0.688842
      vertex -4.63899 -12.8034 -0.45888
    endloop
  endfacet
  facet normal -0.701703 -0.707168 -0.0867564
    outer loop
      vertex -4.6516 -12.7626 -0.688842
      vertex -5.43007 -12 -0.608519
      vertex -5.40837 -12 -0.784033
    endloop
  endfacet
  facet normal -0.703125 -0.706811 -0.0776759
    outer loop
      vertex -5.43007 -12 -0.608519
      vertex -4.63899 -12.8034 -0.45888
      vertex -5.4411 -12 -0.508675
    endloop
  endfacet
  facet normal -0.705072 -0.707218 -0.0521076
    outer loop
      vertex -5.45422 -12 -0.331897
      vertex -4.63899 -12.8034 -0.45888
      vertex -4.63128 -12.828 -0.229327
    endloop
  endfacet
  facet normal -0.705082 -0.707193 -0.0523293
    outer loop
      vertex -4.63899 -12.8034 -0.45888
      vertex -5.45422 -12 -0.331897
      vertex -5.4411 -12 -0.508675
    endloop
  endfacet
  facet normal -0.706324 -0.706821 -0.038863
    outer loop
      vertex -5.45422 -12 -0.331897
      vertex -4.63128 -12.828 -0.229327
      vertex -5.45987 -12 -0.22921
    endloop
  endfacet
  facet normal -0.706748 -0.707249 -0.0175301
    outer loop
      vertex -4.63128 -12.828 -0.229327
      vertex -5.46427 -12 -0.051819
      vertex -5.45987 -12 -0.22921
    endloop
  endfacet
  facet normal -0.706753 -0.707242 -0.0175843
    outer loop
      vertex -5.46427 -12 -0.051819
      vertex -4.63128 -12.828 -0.229327
      vertex -4.62868 -12.8363 0
    endloop
  endfacet
  facet normal -0.707407 -0.706806 0
    outer loop
      vertex -4.62868 -12.8363 0
      vertex -5.46427 -12 0.051819
      vertex -5.46427 -12 -0.051819
    endloop
  endfacet
  facet normal -0.706748 -0.707249 0.0175301
    outer loop
      vertex -5.46427 -12 0.051819
      vertex -4.63128 -12.828 0.229327
      vertex -5.45987 -12 0.22921
    endloop
  endfacet
  facet normal -0.706753 -0.707242 0.0175843
    outer loop
      vertex -4.63128 -12.828 0.229327
      vertex -5.46427 -12 0.051819
      vertex -4.62868 -12.8363 0
    endloop
  endfacet
  facet normal -0.706324 -0.706821 0.038863
    outer loop
      vertex -4.63128 -12.828 0.229327
      vertex -5.45422 -12 0.331897
      vertex -5.45987 -12 0.22921
    endloop
  endfacet
  facet normal -0.705082 -0.707193 0.0523293
    outer loop
      vertex -5.45422 -12 0.331897
      vertex -4.63899 -12.8034 0.45888
      vertex -5.4411 -12 0.508675
    endloop
  endfacet
  facet normal -0.705072 -0.707218 0.0521076
    outer loop
      vertex -4.63899 -12.8034 0.45888
      vertex -5.45422 -12 0.331897
      vertex -4.63128 -12.828 0.229327
    endloop
  endfacet
  facet normal -0.703125 -0.706811 0.0776759
    outer loop
      vertex -4.63899 -12.8034 0.45888
      vertex -5.43007 -12 0.608519
      vertex -5.4411 -12 0.508675
    endloop
  endfacet
  facet normal -0.701703 -0.707168 0.0867564
    outer loop
      vertex -5.43007 -12 0.608519
      vertex -4.6516 -12.7626 0.688842
      vertex -5.40837 -12 0.784033
    endloop
  endfacet
  facet normal -0.701701 -0.707142 0.0869837
    outer loop
      vertex -4.6516 -12.7626 0.688842
      vertex -5.43007 -12 0.608519
      vertex -4.63899 -12.8034 0.45888
    endloop
  endfacet
  facet normal -0.697719 -0.706887 0.116185
    outer loop
      vertex -4.6516 -12.7626 0.688842
      vertex -5.39253 -12 0.879156
      vertex -5.40837 -12 0.784033
    endloop
  endfacet
  facet normal -0.696876 -0.707054 0.120158
    outer loop
      vertex -5.39253 -12 0.879156
      vertex -4.66868 -12.7066 0.919347
      vertex -5.3626 -12 1.05274
    endloop
  endfacet
  facet normal -0.696877 -0.707056 0.120138
    outer loop
      vertex -4.66868 -12.7066 0.919347
      vertex -5.39253 -12 0.879156
      vertex -4.6516 -12.7626 0.688842
    endloop
  endfacet
  facet normal -0.690576 -0.706997 0.15251
    outer loop
      vertex -5.3626 -12 1.05274
      vertex -4.68978 -12.6361 1.15052
      vertex -5.32325 -12 1.23092
    endloop
  endfacet
  facet normal -0.690574 -0.706985 0.152576
    outer loop
      vertex -4.68978 -12.6361 1.15052
      vertex -5.3626 -12 1.05274
      vertex -4.66868 -12.7066 0.919347
    endloop
  endfacet
  facet normal -0.690257 -0.706911 0.154343
    outer loop
      vertex -4.68978 -12.6361 1.15052
      vertex -5.30506 -12 1.31227
      vertex -5.32325 -12 1.23092
    endloop
  endfacet
  facet normal -0.682789 -0.707105 0.183852
    outer loop
      vertex -5.30506 -12 1.31227
      vertex -4.71439 -12.5521 1.38249
      vertex -5.25754 -12 1.48875
    endloop
  endfacet
  facet normal -0.682803 -0.707149 0.18363
    outer loop
      vertex -4.71439 -12.5521 1.38249
      vertex -5.30506 -12 1.31227
      vertex -4.68978 -12.6361 1.15052
    endloop
  endfacet
  facet normal -0.680845 -0.706783 0.192114
    outer loop
      vertex -4.71439 -12.5521 1.38249
      vertex -5.23741 -12 1.56009
      vertex -5.25754 -12 1.48875
    endloop
  endfacet
  facet normal -0.673974 -0.707187 0.213647
    outer loop
      vertex -5.23741 -12 1.56009
      vertex -4.74194 -12.4555 1.61537
      vertex -5.18224 -12 1.73413
    endloop
  endfacet
  facet normal -0.673977 -0.707194 0.213616
    outer loop
      vertex -4.74194 -12.4555 1.61537
      vertex -5.23741 -12 1.56009
      vertex -4.71439 -12.5521 1.38249
    endloop
  endfacet
  facet normal -0.669313 -0.70674 0.229212
    outer loop
      vertex -4.74194 -12.4555 1.61537
      vertex -5.16185 -12 1.79367
      vertex -5.18224 -12 1.73413
    endloop
  endfacet
  facet normal -0.66432 -0.707219 0.241911
    outer loop
      vertex -5.16185 -12 1.79367
      vertex -4.77192 -12.3473 1.84915
      vertex -5.09969 -12 1.96437
    endloop
  endfacet
  facet normal -0.664303 -0.707168 0.242107
    outer loop
      vertex -4.77192 -12.3473 1.84915
      vertex -5.16185 -12 1.79367
      vertex -4.74194 -12.4555 1.61537
    endloop
  endfacet
  facet normal -0.655593 -0.706851 0.26563
    outer loop
      vertex -4.77192 -12.3473 1.84915
      vertex -5.08106 -12 2.01035
      vertex -5.09969 -12 1.96437
    endloop
  endfacet
  facet normal -0.654367 -0.706904 0.268498
    outer loop
      vertex -5.08106 -12 2.01035
      vertex -4.80384 -12.2287 2.08385
      vertex -5.01282 -12 2.17666
    endloop
  endfacet
  facet normal -0.654373 -0.706987 0.268262
    outer loop
      vertex -4.80384 -12.2287 2.08385
      vertex -5.08106 -12 2.01035
      vertex -4.77192 -12.3473 1.84915
    endloop
  endfacet
  facet normal -0.64311 -0.707219 0.293684
    outer loop
      vertex -5.01282 -12 2.17666
      vertex -4.8372 -12.1004 2.31946
      vertex -4.93184 -12 2.35399
    endloop
  endfacet
  facet normal -0.643205 -0.707028 0.293936
    outer loop
      vertex -4.8372 -12.1004 2.31946
      vertex -5.01282 -12 2.17666
      vertex -4.80384 -12.2287 2.08385
    endloop
  endfacet
  facet normal -0.639955 -0.706871 0.301316
    outer loop
      vertex -4.8372 -12.1004 2.31946
      vertex -4.92522 -12 2.36805
      vertex -4.93184 -12 2.35399
    endloop
  endfacet
  facet normal -0.631674 -0.707335 0.317277
    outer loop
      vertex -4.8372 -12.1004 2.31946
      vertex -4.8624 -12 2.49312
      vertex -4.92522 -12 2.36805
    endloop
  endfacet
  facet normal 0 0 -1
    outer loop
      vertex 3.75 -63.715 -3.75
      vertex -3.75 -63.715 -3.75
      vertex 3.75 -13.9859 -3.75
    endloop
  endfacet
  facet normal 0 0 -1
    outer loop
      vertex -3.75 -13.9859 -3.75
      vertex 3.75 -13.9859 -3.75
      vertex -3.75 -63.715 -3.75
    endloop
  endfacet
  facet normal 0 0 -1
    outer loop
      vertex 3.75 -13.9859 -3.75
      vertex -3.75 -13.9859 -3.75
      vertex 3.75538 -13.786 -3.75
    endloop
  endfacet
  facet normal 0 0 -1
    outer loop
      vertex -3.75538 -13.786 -3.75
      vertex 3.75538 -13.786 -3.75
      vertex -3.75 -13.9859 -3.75
    endloop
  endfacet
  facet normal 0 0 -1
    outer loop
      vertex 3.75538 -13.786 -3.75
      vertex -3.75538 -13.786 -3.75
      vertex 3.77145 -13.5867 -3.75
    endloop
  endfacet
  facet normal 0 0 -1
    outer loop
      vertex -3.77145 -13.5867 -3.75
      vertex 3.77145 -13.5867 -3.75
      vertex -3.75538 -13.786 -3.75
    endloop
  endfacet
  facet normal 0 0 -1
    outer loop
      vertex 3.77145 -13.5867 -3.75
      vertex -3.77145 -13.5867 -3.75
      vertex 3.79808 -13.3886 -3.75
    endloop
  endfacet
  facet normal 0 0 -1
    outer loop
      vertex -3.79808 -13.3886 -3.75
      vertex 3.79808 -13.3886 -3.75
      vertex -3.77145 -13.5867 -3.75
    endloop
  endfacet
  facet normal 0 0 -1
    outer loop
      vertex 3.79808 -13.3886 -3.75
      vertex -3.79808 -13.3886 -3.75
      vertex 3.83515 -13.1921 -3.75
    endloop
  endfacet
  facet normal 0 0 -1
    outer loop
      vertex -3.83515 -13.1921 -3.75
      vertex 3.83515 -13.1921 -3.75
      vertex -3.79808 -13.3886 -3.75
    endloop
  endfacet
  facet normal 0 0 -1
    outer loop
      vertex 3.83515 -13.1921 -3.75
      vertex -3.83515 -13.1921 -3.75
      vertex 3.88255 -12.9979 -3.75
    endloop
  endfacet
  facet normal 0 0 -1
    outer loop
      vertex -3.88255 -12.9979 -3.75
      vertex 3.88255 -12.9979 -3.75
      vertex -3.83515 -13.1921 -3.75
    endloop
  endfacet
  facet normal 0 0 -1
    outer loop
      vertex 3.88255 -12.9979 -3.75
      vertex -3.88255 -12.9979 -3.75
      vertex 3.94015 -12.8066 -3.75
    endloop
  endfacet
  facet normal 0 0 -1
    outer loop
      vertex -3.94015 -12.8066 -3.75
      vertex 3.94015 -12.8066 -3.75
      vertex -3.88255 -12.9979 -3.75
    endloop
  endfacet
  facet normal 0 0 -1
    outer loop
      vertex 3.94015 -12.8066 -3.75
      vertex -3.94015 -12.8066 -3.75
      vertex 4.00784 -12.6185 -3.75
    endloop
  endfacet
  facet normal 0 0 -1
    outer loop
      vertex -4.00784 -12.6185 -3.75
      vertex 4.00784 -12.6185 -3.75
      vertex -3.94015 -12.8066 -3.75
    endloop
  endfacet
  facet normal 0 0 -1
    outer loop
      vertex 4.00784 -12.6185 -3.75
      vertex -4.00784 -12.6185 -3.75
      vertex 4.08549 -12.4344 -3.75
    endloop
  endfacet
  facet normal 0 0 -1
    outer loop
      vertex -4.08549 -12.4344 -3.75
      vertex 4.08549 -12.4344 -3.75
      vertex -4.00784 -12.6185 -3.75
    endloop
  endfacet
  facet normal 0 0 -1
    outer loop
      vertex 4.08549 -12.4344 -3.75
      vertex -4.08549 -12.4344 -3.75
      vertex 4.17299 -12.2548 -3.75
    endloop
  endfacet
  facet normal 0 0 -1
    outer loop
      vertex -4.17299 -12.2548 -3.75
      vertex 4.17299 -12.2548 -3.75
      vertex -4.08549 -12.4344 -3.75
    endloop
  endfacet
  facet normal 0 0 -1
    outer loop
      vertex 4.17299 -12.2548 -3.75
      vertex -4.17299 -12.2548 -3.75
      vertex 4.27018 -12.0802 -3.75
    endloop
  endfacet
  facet normal 0 0 -1
    outer loop
      vertex -4.27018 -12.0802 -3.75
      vertex 4.27018 -12.0802 -3.75
      vertex -4.17299 -12.2548 -3.75
    endloop
  endfacet
  facet normal 0 0 -1
    outer loop
      vertex 4.27018 -12.0802 -3.75
      vertex -4.27018 -12.0802 -3.75
      vertex 4.32092 -12 -3.75
    endloop
  endfacet
  facet normal -0 0 -1
    outer loop
      vertex 4.32092 -12 -3.75
      vertex -4.27018 -12.0802 -3.75
      vertex -4.32092 -12 -3.75
    endloop
  endfacet
  facet normal 0.724272 -0.689312 -0.0167367
    outer loop
      vertex 4.63128 -12.828 -0.229327
      vertex 4.62868 -12.8363 0
      vertex 4.52694 -12.9432 0
    endloop
  endfacet
  facet normal 0.725029 -0.688533 -0.016001
    outer loop
      vertex 4.63128 -12.828 -0.229327
      vertex 4.52694 -12.9432 0
      vertex 4.5143 -12.9508 -0.245705
    endloop
  endfacet
  facet normal 0.726444 -0.685472 -0.0490594
    outer loop
      vertex 4.63899 -12.8034 -0.45888
      vertex 4.63128 -12.828 -0.229327
      vertex 4.5143 -12.9508 -0.245705
    endloop
  endfacet
  facet normal 0.721995 -0.68974 -0.0546127
    outer loop
      vertex 4.52159 -12.9237 -0.491593
      vertex 4.63899 -12.8034 -0.45888
      vertex 4.5143 -12.9508 -0.245705
    endloop
  endfacet
  facet normal 0.724306 -0.684616 -0.0817475
    outer loop
      vertex 4.6516 -12.7626 -0.688842
      vertex 4.63899 -12.8034 -0.45888
      vertex 4.52159 -12.9237 -0.491593
    endloop
  endfacet
  facet normal 0.71774 -0.690369 -0.0907743
    outer loop
      vertex 4.53355 -12.8789 -0.737746
      vertex 4.6516 -12.7626 -0.688842
      vertex 4.52159 -12.9237 -0.491593
    endloop
  endfacet
  facet normal 0.720649 -0.684064 -0.112791
    outer loop
      vertex 4.66868 -12.7066 -0.919347
      vertex 4.6516 -12.7626 -0.688842
      vertex 4.53355 -12.8789 -0.737746
    endloop
  endfacet
  facet normal 0.712026 -0.690824 -0.125621
    outer loop
      vertex 4.54973 -12.8174 -0.984242
      vertex 4.66868 -12.7066 -0.919347
      vertex 4.53355 -12.8789 -0.737746
    endloop
  endfacet
  facet normal 0.716566 -0.681067 -0.150601
    outer loop
      vertex 4.56328 -12.765 -1.15674
      vertex 4.66868 -12.7066 -0.919347
      vertex 4.54973 -12.8174 -0.984242
    endloop
  endfacet
  facet normal 0.752918 -0.643817 -0.13643
    outer loop
      vertex 4.56328 -12.765 -1.15674
      vertex 4.54973 -12.8174 -0.984242
      vertex 4.43481 -12.9463 -1.01017
    endloop
  endfacet
  facet normal 0.748892 -0.646906 -0.143781
    outer loop
      vertex 4.44651 -12.8935 -1.18679
      vertex 4.56328 -12.765 -1.15674
      vertex 4.43481 -12.9463 -1.01017
    endloop
  endfacet
  facet normal 0.79403 -0.59484 -0.125226
    outer loop
      vertex 4.44651 -12.8935 -1.18679
      vertex 4.43481 -12.9463 -1.01017
      vertex 4.30425 -13.1135 -1.0438
    endloop
  endfacet
  facet normal 0.790321 -0.597933 -0.133675
    outer loop
      vertex 4.31379 -13.0602 -1.22581
      vertex 4.44651 -12.8935 -1.18679
      vertex 4.30425 -13.1135 -1.0438
    endloop
  endfacet
  facet normal 0.83545 -0.537683 -0.113666
    outer loop
      vertex 4.31379 -13.0602 -1.22581
      vertex 4.30425 -13.1135 -1.0438
      vertex 4.18623 -13.2894 -1.07918
    endloop
  endfacet
  facet normal 0.832689 -0.540483 -0.120445
    outer loop
      vertex 4.1938 -13.2359 -1.26692
      vertex 4.31379 -13.0602 -1.22581
      vertex 4.18623 -13.2894 -1.07918
    endloop
  endfacet
  facet normal 0.872602 -0.477876 -0.100995
    outer loop
      vertex 4.1938 -13.2359 -1.26692
      vertex 4.18623 -13.2894 -1.07918
      vertex 4.08135 -13.4731 -1.11614
    endloop
  endfacet
  facet normal 0.870388 -0.48061 -0.106948
    outer loop
      vertex 4.08714 -13.4195 -1.30989
      vertex 4.1938 -13.2359 -1.26692
      vertex 4.08135 -13.4731 -1.11614
    endloop
  endfacet
  facet normal 0.905298 -0.415581 -0.0879146
    outer loop
      vertex 4.08714 -13.4195 -1.30989
      vertex 4.08135 -13.4731 -1.11614
      vertex 3.99013 -13.6637 -1.15449
    endloop
  endfacet
  facet normal 0.90361 -0.418141 -0.0929909
    outer loop
      vertex 3.99435 -13.6101 -1.3545
      vertex 4.08714 -13.4195 -1.30989
      vertex 3.99013 -13.6637 -1.15449
    endloop
  endfacet
  facet normal 0.928003 -0.364306 -0.0780494
    outer loop
      vertex 3.99435 -13.6101 -1.3545
      vertex 3.99013 -13.6637 -1.15449
      vertex 3.94308 -13.7786 -1.1776
    endloop
  endfacet
  facet normal 0.926756 -0.366862 -0.0808446
    outer loop
      vertex 3.94648 -13.7251 -1.3814
      vertex 3.99435 -13.6101 -1.3545
      vertex 3.94308 -13.7786 -1.1776
    endloop
  endfacet
  facet normal 0.942844 -0.325841 -0.0698078
    outer loop
      vertex 3.94648 -13.7251 -1.3814
      vertex 3.94308 -13.7786 -1.1776
      vertex 3.90101 -13.8953 -1.20109
    endloop
  endfacet
  facet normal 0.941839 -0.328199 -0.072287
    outer loop
      vertex 3.90368 -13.8419 -1.40875
      vertex 3.94648 -13.7251 -1.3814
      vertex 3.90101 -13.8953 -1.20109
    endloop
  endfacet
  facet normal 0.96139 -0.269249 -0.0568765
    outer loop
      vertex 3.90368 -13.8419 -1.40875
      vertex 3.90101 -13.8953 -1.20109
      vertex 3.83526 -14.1205 -1.24639
    endloop
  endfacet
  facet normal 0.960702 -0.270987 -0.0601496
    outer loop
      vertex 3.83677 -14.0674 -1.4615
      vertex 3.90368 -13.8419 -1.40875
      vertex 3.83526 -14.1205 -1.24639
    endloop
  endfacet
  facet normal 0.980239 -0.193543 -0.0408953
    outer loop
      vertex 3.83677 -14.0674 -1.4615
      vertex 3.83526 -14.1205 -1.24639
      vertex 3.788 -14.3501 -1.29257
    endloop
  endfacet
  facet normal 0.979888 -0.194828 -0.0431466
    outer loop
      vertex 3.78867 -14.2974 -1.51532
      vertex 3.83677 -14.0674 -1.4615
      vertex 3.788 -14.3501 -1.29257
    endloop
  endfacet
  facet normal 0.992866 -0.116667 -0.0246156
    outer loop
      vertex 3.78867 -14.2974 -1.51532
      vertex 3.788 -14.3501 -1.29257
      vertex 3.75952 -14.5826 -1.33936
    endloop
  endfacet
  facet normal 0.992739 -0.11746 -0.0259214
    outer loop
      vertex 3.75969 -14.5303 -1.56984
      vertex 3.78867 -14.2974 -1.51532
      vertex 3.75952 -14.5826 -1.33936
    endloop
  endfacet
  facet normal 0.999207 -0.0389939 -0.00811141
    outer loop
      vertex 3.75969 -14.5303 -1.56984
      vertex 3.75952 -14.5826 -1.33936
      vertex 3.75 -14.8025 -1.45496
    endloop
  endfacet
  facet normal 0.999186 -0.0393328 -0.00891601
    outer loop
      vertex 3.75 -14.7485 -1.69318
      vertex 3.75969 -14.5303 -1.56984
      vertex 3.75 -14.8025 -1.45496
    endloop
  endfacet
  facet normal 0.757011 -0.653134 -0.0187412
    outer loop
      vertex 4.5143 -12.9508 -0.245705
      vertex 4.52694 -12.9432 0
      vertex 4.43074 -13.0547 0
    endloop
  endfacet
  facet normal 0.763784 -0.645338 -0.0131413
    outer loop
      vertex 4.5143 -12.9508 -0.245705
      vertex 4.43074 -13.0547 0
      vertex 4.40426 -13.0809 -0.252419
    endloop
  endfacet
  facet normal 0.763852 -0.643583 -0.0482846
    outer loop
      vertex 4.52159 -12.9237 -0.491593
      vertex 4.5143 -12.9508 -0.245705
      vertex 4.40426 -13.0809 -0.252419
    endloop
  endfacet
  facet normal 0.761691 -0.645938 -0.050893
    outer loop
      vertex 4.41054 -13.0536 -0.504923
      vertex 4.52159 -12.9237 -0.491593
      vertex 4.40426 -13.0809 -0.252419
    endloop
  endfacet
  facet normal 0.761706 -0.642963 -0.0800102
    outer loop
      vertex 4.53355 -12.8789 -0.737746
      vertex 4.52159 -12.9237 -0.491593
      vertex 4.41054 -13.0536 -0.504923
    endloop
  endfacet
  facet normal 0.758024 -0.646696 -0.0847568
    outer loop
      vertex 4.42086 -13.0084 -0.757503
      vertex 4.53355 -12.8789 -0.737746
      vertex 4.41054 -13.0536 -0.504923
    endloop
  endfacet
  facet normal 0.758037 -0.642764 -0.11061
    outer loop
      vertex 4.54973 -12.8174 -0.984242
      vertex 4.53355 -12.8789 -0.737746
      vertex 4.42086 -13.0084 -0.757503
    endloop
  endfacet
  facet normal 0.752878 -0.64757 -0.117591
    outer loop
      vertex 4.43481 -12.9463 -1.01017
      vertex 4.54973 -12.8174 -0.984242
      vertex 4.42086 -13.0084 -0.757503
    endloop
  endfacet
  facet normal 0.788296 -0.615007 -0.0188611
    outer loop
      vertex 4.40426 -13.0809 -0.252419
      vertex 4.43074 -13.0547 0
      vertex 4.34024 -13.1707 0
    endloop
  endfacet
  facet normal 0.802965 -0.595968 -0.00836738
    outer loop
      vertex 4.40426 -13.0809 -0.252419
      vertex 4.34024 -13.1707 0
      vertex 4.27933 -13.2491 -0.2611
    endloop
  endfacet
  facet normal 0.803092 -0.594209 -0.0442705
    outer loop
      vertex 4.41054 -13.0536 -0.504923
      vertex 4.40426 -13.0809 -0.252419
      vertex 4.27933 -13.2491 -0.2611
    endloop
  endfacet
  facet normal 0.801223 -0.596508 -0.04712
    outer loop
      vertex 4.28445 -13.2216 -0.522172
      vertex 4.41054 -13.0536 -0.504923
      vertex 4.27933 -13.2491 -0.2611
    endloop
  endfacet
  facet normal 0.801239 -0.593809 -0.0735268
    outer loop
      vertex 4.42086 -13.0084 -0.757503
      vertex 4.41054 -13.0536 -0.504923
      vertex 4.28445 -13.2216 -0.522172
    endloop
  endfacet
  facet normal 0.798052 -0.597433 -0.078657
    outer loop
      vertex 4.29287 -13.176 -0.783094
      vertex 4.42086 -13.0084 -0.757503
      vertex 4.28445 -13.2216 -0.522172
    endloop
  endfacet
  facet normal 0.798064 -0.593893 -0.101904
    outer loop
      vertex 4.43481 -12.9463 -1.01017
      vertex 4.42086 -13.0084 -0.757503
      vertex 4.29287 -13.176 -0.783094
    endloop
  endfacet
  facet normal 0.793991 -0.598127 -0.108733
    outer loop
      vertex 4.30425 -13.1135 -1.0438
      vertex 4.43481 -12.9463 -1.01017
      vertex 4.29287 -13.176 -0.783094
    endloop
  endfacet
  facet normal 0.817437 -0.575742 -0.0178165
    outer loop
      vertex 4.27933 -13.2491 -0.2611
      vertex 4.34024 -13.1707 0
      vertex 4.25558 -13.2909 0
    endloop
  endfacet
  facet normal 0.842832 -0.538093 -0.00947924
    outer loop
      vertex 4.27933 -13.2491 -0.2611
      vertex 4.25558 -13.2909 0
      vertex 4.16648 -13.4257 -0.27021
    endloop
  endfacet
  facet normal 0.842909 -0.536568 -0.0399887
    outer loop
      vertex 4.28445 -13.2216 -0.522172
      vertex 4.27933 -13.2491 -0.2611
      vertex 4.16648 -13.4257 -0.27021
    endloop
  endfacet
  facet normal 0.841297 -0.53889 -0.042624
    outer loop
      vertex 4.17054 -13.398 -0.540283
      vertex 4.28445 -13.2216 -0.522172
      vertex 4.16648 -13.4257 -0.27021
    endloop
  endfacet
  facet normal 0.841309 -0.536436 -0.066601
    outer loop
      vertex 4.29287 -13.176 -0.783094
      vertex 4.28445 -13.2216 -0.522172
      vertex 4.17054 -13.398 -0.540283
    endloop
  endfacet
  facet normal 0.838812 -0.539782 -0.0709182
    outer loop
      vertex 4.17721 -13.3522 -0.80999
      vertex 4.29287 -13.176 -0.783094
      vertex 4.17054 -13.398 -0.540283
    endloop
  endfacet
  facet normal 0.838824 -0.536569 -0.0920184
    outer loop
      vertex 4.30425 -13.1135 -1.0438
      vertex 4.29287 -13.176 -0.783094
      vertex 4.17721 -13.3522 -0.80999
    endloop
  endfacet
  facet normal 0.835418 -0.540778 -0.0981663
    outer loop
      vertex 4.18623 -13.2894 -1.07918
      vertex 4.30425 -13.1135 -1.0438
      vertex 4.17721 -13.3522 -0.80999
    endloop
  endfacet
  facet normal 0.844924 -0.534756 -0.0118338
    outer loop
      vertex 4.25558 -13.2909 0
      vertex 4.17691 -13.4152 0
      vertex 4.16648 -13.4257 -0.27021
    endloop
  endfacet
  facet normal 0.869941 -0.492944 -0.0144242
    outer loop
      vertex 4.16648 -13.4257 -0.27021
      vertex 4.17691 -13.4152 0
      vertex 4.10438 -13.5432 0
    endloop
  endfacet
  facet normal 0.878191 -0.47827 -0.00614749
    outer loop
      vertex 4.16648 -13.4257 -0.27021
      vertex 4.10438 -13.5432 0
      vertex 4.06626 -13.6096 -0.279705
    endloop
  endfacet
  facet normal 0.892966 -0.449878 -0.0149012
    outer loop
      vertex 4.06626 -13.6096 -0.279705
      vertex 4.10438 -13.5432 0
      vertex 4.03813 -13.6747 0
    endloop
  endfacet
  facet normal 0.909585 -0.415486 -0.00522524
    outer loop
      vertex 4.06626 -13.6096 -0.279705
      vertex 4.03813 -13.6747 0
      vertex 3.97914 -13.8002 -0.289537
    endloop
  endfacet
  facet normal 0.914236 -0.40504 -0.0107006
    outer loop
      vertex 3.97914 -13.8002 -0.289537
      vertex 4.03813 -13.6747 0
      vertex 3.97832 -13.8097 0
    endloop
  endfacet
  facet normal 0.931262 -0.36423 -0.00931332
    outer loop
      vertex 3.97914 -13.8002 -0.289537
      vertex 3.97832 -13.8097 0
      vertex 3.93422 -13.9149 -0.295457
    endloop
  endfacet
  facet normal 0.932931 -0.359884 -0.0111099
    outer loop
      vertex 3.93422 -13.9149 -0.295457
      vertex 3.97832 -13.8097 0
      vertex 3.92524 -13.9473 0
    endloop
  endfacet
  facet normal 0.945406 -0.32582 -0.00699536
    outer loop
      vertex 3.93422 -13.9149 -0.295457
      vertex 3.92524 -13.9473 0
      vertex 3.89406 -14.0313 -0.301466
    endloop
  endfacet
  facet normal 0.949546 -0.313438 -0.0108736
    outer loop
      vertex 3.89406 -14.0313 -0.301466
      vertex 3.92524 -13.9473 0
      vertex 3.87906 -14.0872 0
    endloop
  endfacet
  facet normal 0.963091 -0.269168 -0.00199067
    outer loop
      vertex 3.89406 -14.0313 -0.301466
      vertex 3.87906 -14.0872 0
      vertex 3.83132 -14.2557 -0.313047
    endloop
  endfacet
  facet normal 0.963759 -0.266751 -0.00339341
    outer loop
      vertex 3.87906 -14.0872 0
      vertex 3.83984 -14.2289 0
      vertex 3.83132 -14.2557 -0.313047
    endloop
  endfacet
  facet normal 0.975707 -0.218939 -0.00781178
    outer loop
      vertex 3.83132 -14.2557 -0.313047
      vertex 3.83984 -14.2289 0
      vertex 3.80764 -14.3724 0
    endloop
  endfacet
  facet normal 0.981083 -0.193576 0.00205005
    outer loop
      vertex 3.83132 -14.2557 -0.313047
      vertex 3.80764 -14.3724 0
      vertex 3.78624 -14.4843 -0.324844
    endloop
  endfacet
  facet normal 0.985243 -0.171057 -0.0059812
    outer loop
      vertex 3.78624 -14.4843 -0.324844
      vertex 3.80764 -14.3724 0
      vertex 3.7825 -14.5172 0
    endloop
  endfacet
  facet normal 0.992469 -0.122495 -0.00097972
    outer loop
      vertex 3.78624 -14.4843 -0.324844
      vertex 3.7825 -14.5172 0
      vertex 3.76448 -14.6632 0
    endloop
  endfacet
  facet normal 0.993166 -0.116687 0.0022655
    outer loop
      vertex 3.78624 -14.4843 -0.324844
      vertex 3.76448 -14.6632 0
      vertex 3.75908 -14.7157 -0.336786
    endloop
  endfacet
  facet normal 0.997273 -0.0736584 -0.00450794
    outer loop
      vertex 3.75908 -14.7157 -0.336786
      vertex 3.76448 -14.6632 0
      vertex 3.75363 -14.8101 0
    endloop
  endfacet
  facet normal 0.99934 -0.035817 0.00613232
    outer loop
      vertex 3.75908 -14.7157 -0.336786
      vertex 3.75363 -14.8101 0
      vertex 3.75 -14.9532 -0.244248
    endloop
  endfacet
  facet normal 0.999697 -0.0246027 -0.000443205
    outer loop
      vertex 3.75 -14.9532 -0.244248
      vertex 3.75363 -14.8101 0
      vertex 3.75 -14.9576 0
    endloop
  endfacet
  facet normal 0.999236 -0.0390251 -0.0021115
    outer loop
      vertex 3.75 -14.94 -0.488213
      vertex 3.75908 -14.7157 -0.336786
      vertex 3.75 -14.9532 -0.244248
    endloop
  endfacet
  facet normal 0.999253 -0.0385412 -0.00282928
    outer loop
      vertex 3.75917 -14.6887 -0.672801
      vertex 3.75908 -14.7157 -0.336786
      vertex 3.75 -14.94 -0.488213
    endloop
  endfacet
  facet normal 0.993127 -0.116687 -0.00911024
    outer loop
      vertex 3.75917 -14.6887 -0.672801
      vertex 3.7866 -14.4571 -0.649018
      vertex 3.75908 -14.7157 -0.336786
    endloop
  endfacet
  facet normal 0.993128 -0.116143 -0.0144136
    outer loop
      vertex 3.78719 -14.412 -0.971776
      vertex 3.7866 -14.4571 -0.649018
      vertex 3.75917 -14.6887 -0.672801
    endloop
  endfacet
  facet normal 0.980654 -0.194105 -0.0253302
    outer loop
      vertex 3.78719 -14.412 -0.971776
      vertex 3.83346 -14.1828 -0.936796
      vertex 3.7866 -14.4571 -0.649018
    endloop
  endfacet
  facet normal 0.980656 -0.192916 -0.0331192
    outer loop
      vertex 3.83526 -14.1205 -1.24639
      vertex 3.83346 -14.1828 -0.936796
      vertex 3.78719 -14.412 -0.971776
    endloop
  endfacet
  facet normal 0.961379 -0.270848 -0.0489135
    outer loop
      vertex 3.83526 -14.1205 -1.24639
      vertex 3.90101 -13.8953 -1.20109
      vertex 3.83346 -14.1828 -0.936796
    endloop
  endfacet
  facet normal 0.999231 -0.0390433 -0.00351398
    outer loop
      vertex 3.75 -14.9181 -0.731541
      vertex 3.75917 -14.6887 -0.672801
      vertex 3.75 -14.94 -0.488213
    endloop
  endfacet
  facet normal 0.999239 -0.0387005 -0.00485387
    outer loop
      vertex 3.75 -14.8877 -0.973924
      vertex 3.75917 -14.6887 -0.672801
      vertex 3.75 -14.9181 -0.731541
    endloop
  endfacet
  facet normal 0.999233 -0.0388625 -0.00474664
    outer loop
      vertex 3.75932 -14.644 -1.0072
      vertex 3.75917 -14.6887 -0.672801
      vertex 3.75 -14.8877 -0.973924
    endloop
  endfacet
  facet normal 0.999217 -0.0390697 -0.00626823
    outer loop
      vertex 3.75 -14.849 -1.21514
      vertex 3.75932 -14.644 -1.0072
      vertex 3.75 -14.8877 -0.973924
    endloop
  endfacet
  facet normal 0.999227 -0.0387692 -0.00656487
    outer loop
      vertex 3.75952 -14.5826 -1.33936
      vertex 3.75932 -14.644 -1.0072
      vertex 3.75 -14.849 -1.21514
    endloop
  endfacet
  facet normal 0.9992 -0.0392564 -0.00761163
    outer loop
      vertex 3.75 -14.8025 -1.45496
      vertex 3.75952 -14.5826 -1.33936
      vertex 3.75 -14.849 -1.21514
    endloop
  endfacet
  facet normal 0.999192 -0.0390889 -0.00934799
    outer loop
      vertex 3.75988 -14.4707 -1.79875
      vertex 3.75969 -14.5303 -1.56984
      vertex 3.75 -14.7485 -1.69318
    endloop
  endfacet
  facet normal 0.99917 -0.0394204 -0.0102224
    outer loop
      vertex 3.75 -14.6872 -1.92957
      vertex 3.75988 -14.4707 -1.79875
      vertex 3.75 -14.7485 -1.69318
    endloop
  endfacet
  facet normal 0.999181 -0.038931 -0.0110331
    outer loop
      vertex 3.76032 -14.3311 -2.25149
      vertex 3.75988 -14.4707 -1.79875
      vertex 3.75 -14.6872 -1.92957
    endloop
  endfacet
  facet normal 0.999126 -0.0399749 -0.0121896
    outer loop
      vertex 3.75 -14.5448 -2.39656
      vertex 3.76032 -14.3311 -2.25149
      vertex 3.75 -14.6872 -1.92957
    endloop
  endfacet
  facet normal 0.999143 -0.0391828 -0.0133576
    outer loop
      vertex 3.76084 -14.1595 -2.71596
      vertex 3.76032 -14.3311 -2.25149
      vertex 3.75 -14.5448 -2.39656
    endloop
  endfacet
  facet normal 0.999086 -0.0401789 -0.0145612
    outer loop
      vertex 3.75 -14.3784 -2.85571
      vertex 3.76084 -14.1595 -2.71596
      vertex 3.75 -14.5448 -2.39656
    endloop
  endfacet
  facet normal 0.999097 -0.0395076 -0.0156137
    outer loop
      vertex 3.7614 -13.9648 -3.17278
      vertex 3.76084 -14.1595 -2.71596
      vertex 3.75 -14.3784 -2.85571
    endloop
  endfacet
  facet normal 0.999043 -0.0403923 -0.0167697
    outer loop
      vertex 3.75 -14.1911 -3.30685
      vertex 3.7614 -13.9648 -3.17278
      vertex 3.75 -14.3784 -2.85571
    endloop
  endfacet
  facet normal 0.999049 -0.0398471 -0.0176904
    outer loop
      vertex 3.76199 -13.7506 -3.62194
      vertex 3.7614 -13.9648 -3.17278
      vertex 3.75 -14.1911 -3.30685
    endloop
  endfacet
  facet normal 0.997895 -0.0534388 -0.0367356
    outer loop
      vertex 3.75538 -13.786 -3.75
      vertex 3.76199 -13.7506 -3.62194
      vertex 3.75 -14.1911 -3.30685
    endloop
  endfacet
  facet normal 0.996339 -0.080337 -0.0292197
    outer loop
      vertex 3.77145 -13.5867 -3.75
      vertex 3.76199 -13.7506 -3.62194
      vertex 3.75538 -13.786 -3.75
    endloop
  endfacet
  facet normal 0.99956 -0.0269016 -0.0124568
    outer loop
      vertex 3.75 -13.9859 -3.75
      vertex 3.75538 -13.786 -3.75
      vertex 3.75 -14.1911 -3.30685
    endloop
  endfacet
  facet normal 0.990915 -0.11353 -0.0721031
    outer loop
      vertex 3.77145 -13.5867 -3.75
      vertex 3.7978 -13.5116 -3.50612
      vertex 3.76199 -13.7506 -3.62194
    endloop
  endfacet
  facet normal 0.98893 -0.132939 -0.0659119
    outer loop
      vertex 3.79808 -13.3886 -3.75
      vertex 3.7978 -13.5116 -3.50612
      vertex 3.77145 -13.5867 -3.75
    endloop
  endfacet
  facet normal 0.978501 -0.184596 -0.0919767
    outer loop
      vertex 3.79808 -13.3886 -3.75
      vertex 3.83515 -13.1921 -3.75
      vertex 3.7978 -13.5116 -3.50612
    endloop
  endfacet
  facet normal 0.975103 -0.19483 -0.105905
    outer loop
      vertex 3.83515 -13.1921 -3.75
      vertex 3.85717 -13.2764 -3.39217
      vertex 3.7978 -13.5116 -3.50612
    endloop
  endfacet
  facet normal 0.965049 -0.235548 -0.114879
    outer loop
      vertex 3.88255 -12.9979 -3.75
      vertex 3.85717 -13.2764 -3.39217
      vertex 3.83515 -13.1921 -3.75
    endloop
  endfacet
  facet normal 0.951414 -0.272037 -0.144246
    outer loop
      vertex 3.88255 -12.9979 -3.75
      vertex 3.93965 -13.0469 -3.28097
      vertex 3.85717 -13.2764 -3.39217
    endloop
  endfacet
  facet normal 0.945406 -0.291583 -0.145556
    outer loop
      vertex 3.94908 -12.8119 -3.69048
      vertex 3.93965 -13.0469 -3.28097
      vertex 3.88255 -12.9979 -3.75
    endloop
  endfacet
  facet normal 0.924752 -0.338887 -0.173178
    outer loop
      vertex 3.94908 -12.8119 -3.69048
      vertex 4.00435 -12.6931 -3.62782
      vertex 3.93965 -13.0469 -3.28097
    endloop
  endfacet
  facet normal 0.924762 -0.335969 -0.178719
    outer loop
      vertex 4.00784 -12.6185 -3.75
      vertex 4.00435 -12.6931 -3.62782
      vertex 3.94908 -12.8119 -3.69048
    endloop
  endfacet
  facet normal 0.905158 -0.373806 -0.202381
    outer loop
      vertex 4.00784 -12.6185 -3.75
      vertex 4.06605 -12.5769 -3.56649
      vertex 4.00435 -12.6931 -3.62782
    endloop
  endfacet
  facet normal 0.902771 -0.380772 -0.200044
    outer loop
      vertex 4.08549 -12.4344 -3.75
      vertex 4.06605 -12.5769 -3.56649
      vertex 4.00784 -12.6185 -3.75
    endloop
  endfacet
  facet normal 0.875456 -0.42224 -0.235139
    outer loop
      vertex 4.08549 -12.4344 -3.75
      vertex 4.18536 -12.3857 -3.46562
      vertex 4.06605 -12.5769 -3.56649
    endloop
  endfacet
  facet normal 0.874021 -0.425818 -0.234022
    outer loop
      vertex 4.17299 -12.2548 -3.75
      vertex 4.18536 -12.3857 -3.46562
      vertex 4.08549 -12.4344 -3.75
    endloop
  endfacet
  facet normal 0.845249 -0.470503 -0.253339
    outer loop
      vertex 4.27018 -12.0802 -3.75
      vertex 4.18536 -12.3857 -3.46562
      vertex 4.17299 -12.2548 -3.75
    endloop
  endfacet
  facet normal 0.944096 -0.284265 -0.166959
    outer loop
      vertex 3.94015 -12.8066 -3.75
      vertex 3.94908 -12.8119 -3.69048
      vertex 3.88255 -12.9979 -3.75
    endloop
  endfacet
  facet normal 0.927417 -0.333742 -0.168862
    outer loop
      vertex 4.00784 -12.6185 -3.75
      vertex 3.94908 -12.8119 -3.69048
      vertex 3.94015 -12.8066 -3.75
    endloop
  endfacet
  facet normal 0.816402 -0.516511 -0.258272
    outer loop
      vertex 4.32092 -12 -3.75
      vertex 4.32682 -12 -3.73135
      vertex 4.27018 -12.0802 -3.75
    endloop
  endfacet
  facet normal 0.814068 -0.510549 -0.276825
    outer loop
      vertex 4.34386 -12 -3.68124
      vertex 4.27018 -12.0802 -3.75
      vertex 4.32682 -12 -3.73135
    endloop
  endfacet
  facet normal 0.814076 -0.510504 -0.276886
    outer loop
      vertex 4.27018 -12.0802 -3.75
      vertex 4.34386 -12 -3.68124
      vertex 4.32203 -12.2038 -3.36967
    endloop
  endfacet
  facet normal 0.832779 -0.483019 -0.270504
    outer loop
      vertex 4.27018 -12.0802 -3.75
      vertex 4.32203 -12.2038 -3.36967
      vertex 4.18536 -12.3857 -3.46562
    endloop
  endfacet
  facet normal 0.832848 -0.492027 -0.253523
    outer loop
      vertex 4.18536 -12.3857 -3.46562
      vertex 4.32203 -12.2038 -3.36967
      vertex 4.16501 -12.6215 -3.07484
    endloop
  endfacet
  facet normal 0.881249 -0.423586 -0.209704
    outer loop
      vertex 4.18536 -12.3857 -3.46562
      vertex 4.16501 -12.6215 -3.07484
      vertex 4.05117 -12.8125 -3.16743
    endloop
  endfacet
  facet normal 0.881241 -0.427843 -0.200912
    outer loop
      vertex 4.05117 -12.8125 -3.16743
      vertex 4.16501 -12.6215 -3.07484
      vertex 4.03662 -13.0314 -2.7651
    endloop
  endfacet
  facet normal 0.914021 -0.369302 -0.167875
    outer loop
      vertex 4.05117 -12.8125 -3.16743
      vertex 4.03662 -13.0314 -2.7651
      vertex 3.98059 -13.1471 -2.81564
    endloop
  endfacet
  facet normal 0.914014 -0.37457 -0.155807
    outer loop
      vertex 3.98059 -13.1471 -2.81564
      vertex 4.03662 -13.0314 -2.7651
      vertex 3.96936 -13.3459 -2.40359
    endloop
  endfacet
  facet normal 0.93508 -0.328528 -0.133019
    outer loop
      vertex 3.98059 -13.1471 -2.81564
      vertex 3.96936 -13.3459 -2.40359
      vertex 3.92162 -13.4635 -2.44874
    endloop
  endfacet
  facet normal 0.935074 -0.333504 -0.120052
    outer loop
      vertex 3.92162 -13.4635 -2.44874
      vertex 3.96936 -13.3459 -2.40359
      vertex 3.91352 -13.6385 -2.02568
    endloop
  endfacet
  facet normal 0.958179 -0.270453 -0.0935282
    outer loop
      vertex 3.92162 -13.4635 -2.44874
      vertex 3.91352 -13.6385 -2.02568
      vertex 3.84235 -13.8651 -2.09955
    endloop
  endfacet
  facet normal 0.958173 -0.273959 -0.0827688
    outer loop
      vertex 3.84235 -13.8651 -2.09955
      vertex 3.91352 -13.6385 -2.02568
      vertex 3.83847 -14.0068 -1.67545
    endloop
  endfacet
  facet normal 0.979483 -0.193663 -0.0557455
    outer loop
      vertex 3.84235 -13.8651 -2.09955
      vertex 3.83847 -14.0068 -1.67545
      vertex 3.78943 -14.2372 -1.73669
    endloop
  endfacet
  facet normal 0.979489 -0.195261 -0.0497372
    outer loop
      vertex 3.78943 -14.2372 -1.73669
      vertex 3.83847 -14.0068 -1.67545
      vertex 3.78867 -14.2974 -1.51532
    endloop
  endfacet
  facet normal 0.99274 -0.116885 -0.0283777
    outer loop
      vertex 3.78943 -14.2372 -1.73669
      vertex 3.78867 -14.2974 -1.51532
      vertex 3.75969 -14.5303 -1.56984
    endloop
  endfacet
  facet normal 0.645797 -0.690849 -0.325075
    outer loop
      vertex 4.74086 -12 -2.73829
      vertex 4.84469 -12 -2.53202
      vertex 4.69827 -12.1984 -2.40126
    endloop
  endfacet
  facet normal 0.661652 -0.686736 -0.301017
    outer loop
      vertex 4.69827 -12.1984 -2.40126
      vertex 4.8624 -12 -2.49312
      vertex 4.8372 -12.1004 -2.31946
    endloop
  endfacet
  facet normal 0.661564 -0.686744 -0.30119
    outer loop
      vertex 4.8624 -12 -2.49312
      vertex 4.69827 -12.1984 -2.40126
      vertex 4.84469 -12 -2.53202
    endloop
  endfacet
  facet normal 0.658985 -0.695824 -0.285601
    outer loop
      vertex 4.8372 -12.1004 -2.31946
      vertex 4.80384 -12.2287 -2.08385
      vertex 4.69827 -12.1984 -2.40126
    endloop
  endfacet
  facet normal 0.667263 -0.68709 -0.28752
    outer loop
      vertex 4.69827 -12.1984 -2.40126
      vertex 4.80384 -12.2287 -2.08385
      vertex 4.65405 -12.3934 -2.03789
    endloop
  endfacet
  facet normal 0.678642 -0.688543 -0.255641
    outer loop
      vertex 4.80384 -12.2287 -2.08385
      vertex 4.77192 -12.3473 -1.84915
      vertex 4.65405 -12.3934 -2.03789
    endloop
  endfacet
  facet normal 0.675454 -0.692783 -0.252615
    outer loop
      vertex 4.65405 -12.3934 -2.03789
      vertex 4.77192 -12.3473 -1.84915
      vertex 4.61317 -12.5653 -1.67577
    endloop
  endfacet
  facet normal 0.691504 -0.685284 -0.22849
    outer loop
      vertex 4.77192 -12.3473 -1.84915
      vertex 4.74194 -12.4555 -1.61537
      vertex 4.61317 -12.5653 -1.67577
    endloop
  endfacet
  facet normal 0.689137 -0.69456 -0.206582
    outer loop
      vertex 4.74194 -12.4555 -1.61537
      vertex 4.71439 -12.5521 -1.38249
      vertex 4.61317 -12.5653 -1.67577
    endloop
  endfacet
  facet normal 0.694667 -0.68837 -0.208769
    outer loop
      vertex 4.61317 -12.5653 -1.67577
      vertex 4.71439 -12.5521 -1.38249
      vertex 4.57851 -12.7053 -1.32948
    endloop
  endfacet
  facet normal 0.706171 -0.686419 -0.173645
    outer loop
      vertex 4.71439 -12.5521 -1.38249
      vertex 4.68978 -12.6361 -1.15052
      vertex 4.57851 -12.7053 -1.32948
    endloop
  endfacet
  facet normal 0.706962 -0.685377 -0.174539
    outer loop
      vertex 4.57851 -12.7053 -1.32948
      vertex 4.68978 -12.6361 -1.15052
      vertex 4.56328 -12.765 -1.15674
    endloop
  endfacet
  facet normal 0.709628 -0.689396 -0.145472
    outer loop
      vertex 4.68978 -12.6361 -1.15052
      vertex 4.66868 -12.7066 -0.919347
      vertex 4.56328 -12.765 -1.15674
    endloop
  endfacet
  facet normal 0.993197 -0.116128 -0.00864083
    outer loop
      vertex 3.7866 -14.4571 -0.649018
      vertex 3.78624 -14.4843 -0.324844
      vertex 3.75908 -14.7157 -0.336786
    endloop
  endfacet
  facet normal 0.980954 -0.193648 -0.0151588
    outer loop
      vertex 3.7866 -14.4571 -0.649018
      vertex 3.83213 -14.2283 -0.625527
      vertex 3.78624 -14.4843 -0.324844
    endloop
  endfacet
  facet normal 0.981145 -0.192741 -0.0143573
    outer loop
      vertex 3.83213 -14.2283 -0.625527
      vertex 3.83132 -14.2557 -0.313047
      vertex 3.78624 -14.4843 -0.324844
    endloop
  endfacet
  facet normal 0.962787 -0.269435 -0.0211298
    outer loop
      vertex 3.83213 -14.2283 -0.625527
      vertex 3.89549 -14.0037 -0.602471
      vertex 3.83132 -14.2557 -0.313047
    endloop
  endfacet
  facet normal 0.963141 -0.268251 -0.0200211
    outer loop
      vertex 3.89549 -14.0037 -0.602471
      vertex 3.89406 -14.0313 -0.301466
      vertex 3.83132 -14.2557 -0.313047
    endloop
  endfacet
  facet normal 0.944928 -0.326289 -0.0254292
    outer loop
      vertex 3.89549 -14.0037 -0.602471
      vertex 3.93604 -13.8872 -0.590509
      vertex 3.89406 -14.0313 -0.301466
    endloop
  endfacet
  facet normal 0.945422 -0.324913 -0.0246717
    outer loop
      vertex 3.93604 -13.8872 -0.590509
      vertex 3.93422 -13.9149 -0.295457
      vertex 3.89406 -14.0313 -0.301466
    endloop
  endfacet
  facet normal 0.930651 -0.364796 -0.028507
    outer loop
      vertex 3.93604 -13.8872 -0.590509
      vertex 3.9814 -13.7724 -0.578729
      vertex 3.93422 -13.9149 -0.295457
    endloop
  endfacet
  facet normal 0.931268 -0.363286 -0.0276449
    outer loop
      vertex 3.9814 -13.7724 -0.578729
      vertex 3.97914 -13.8002 -0.289537
      vertex 3.93422 -13.9149 -0.295457
    endloop
  endfacet
  facet normal 0.908683 -0.416189 -0.032907
    outer loop
      vertex 3.9814 -13.7724 -0.578729
      vertex 4.06936 -13.5819 -0.559167
      vertex 3.97914 -13.8002 -0.289537
    endloop
  endfacet
  facet normal 0.909662 -0.414194 -0.0309638
    outer loop
      vertex 4.06936 -13.5819 -0.559167
      vertex 4.06626 -13.6096 -0.279705
      vertex 3.97914 -13.8002 -0.289537
    endloop
  endfacet
  facet normal 0.877153 -0.478728 -0.037721
    outer loop
      vertex 4.06936 -13.5819 -0.559167
      vertex 4.17054 -13.398 -0.540283
      vertex 4.06626 -13.6096 -0.279705
    endloop
  endfacet
  facet normal 0.878288 -0.476797 -0.0356994
    outer loop
      vertex 4.17054 -13.398 -0.540283
      vertex 4.16648 -13.4257 -0.27021
      vertex 4.06626 -13.6096 -0.279705
    endloop
  endfacet
  facet normal 0.980956 -0.192743 -0.0239829
    outer loop
      vertex 3.83346 -14.1828 -0.936796
      vertex 3.83213 -14.2283 -0.625527
      vertex 3.7866 -14.4571 -0.649018
    endloop
  endfacet
  facet normal 0.962168 -0.270152 -0.0353785
    outer loop
      vertex 3.83346 -14.1828 -0.936796
      vertex 3.89784 -13.958 -0.902474
      vertex 3.83213 -14.2283 -0.625527
    endloop
  endfacet
  facet normal 0.962791 -0.268185 -0.0333114
    outer loop
      vertex 3.89784 -13.958 -0.902474
      vertex 3.89549 -14.0037 -0.602471
      vertex 3.83213 -14.2283 -0.625527
    endloop
  endfacet
  facet normal 0.944064 -0.327023 -0.0424209
    outer loop
      vertex 3.89784 -13.958 -0.902474
      vertex 3.93903 -13.8414 -0.884673
      vertex 3.89549 -14.0037 -0.602471
    endloop
  endfacet
  facet normal 0.944931 -0.324696 -0.0409491
    outer loop
      vertex 3.93903 -13.8414 -0.884673
      vertex 3.93604 -13.8872 -0.590509
      vertex 3.89549 -14.0037 -0.602471
    endloop
  endfacet
  facet normal 0.929469 -0.365829 -0.0475105
    outer loop
      vertex 3.93903 -13.8414 -0.884673
      vertex 3.98511 -13.7266 -0.867146
      vertex 3.93604 -13.8872 -0.590509
    endloop
  endfacet
  facet normal 0.930655 -0.363035 -0.0456779
    outer loop
      vertex 3.98511 -13.7266 -0.867146
      vertex 3.9814 -13.7724 -0.578729
      vertex 3.93604 -13.8872 -0.590509
    endloop
  endfacet
  facet normal 0.907191 -0.417165 -0.0545754
    outer loop
      vertex 3.98511 -13.7266 -0.867146
      vertex 4.07446 -13.5361 -0.838055
      vertex 3.9814 -13.7724 -0.578729
    endloop
  endfacet
  facet normal 0.908691 -0.414292 -0.0514193
    outer loop
      vertex 4.07446 -13.5361 -0.838055
      vertex 4.06936 -13.5819 -0.559167
      vertex 3.9814 -13.7724 -0.578729
    endloop
  endfacet
  facet normal 0.875306 -0.479483 -0.0627358
    outer loop
      vertex 4.07446 -13.5361 -0.838055
      vertex 4.17721 -13.3522 -0.80999
      vertex 4.06936 -13.5819 -0.559167
    endloop
  endfacet
  facet normal 0.877164 -0.476525 -0.0592278
    outer loop
      vertex 4.17721 -13.3522 -0.80999
      vertex 4.17054 -13.398 -0.540283
      vertex 4.06936 -13.5819 -0.559167
    endloop
  endfacet
  facet normal 0.993019 -0.116971 -0.0151904
    outer loop
      vertex 3.75932 -14.644 -1.0072
      vertex 3.78719 -14.412 -0.971776
      vertex 3.75917 -14.6887 -0.672801
    endloop
  endfacet
  facet normal 0.99302 -0.116249 -0.0199238
    outer loop
      vertex 3.788 -14.3501 -1.29257
      vertex 3.78719 -14.412 -0.971776
      vertex 3.75932 -14.644 -1.0072
    endloop
  endfacet
  facet normal 0.980233 -0.194709 -0.0350957
    outer loop
      vertex 3.788 -14.3501 -1.29257
      vertex 3.83526 -14.1205 -1.24639
      vertex 3.78719 -14.412 -0.971776
    endloop
  endfacet
  facet normal 0.992864 -0.117374 -0.0210989
    outer loop
      vertex 3.75952 -14.5826 -1.33936
      vertex 3.788 -14.3501 -1.29257
      vertex 3.75932 -14.644 -1.0072
    endloop
  endfacet
  facet normal 0.962171 -0.268506 -0.0461638
    outer loop
      vertex 3.90101 -13.8953 -1.20109
      vertex 3.89784 -13.958 -0.902474
      vertex 3.83346 -14.1828 -0.936796
    endloop
  endfacet
  facet normal 0.942829 -0.328037 -0.0588689
    outer loop
      vertex 3.90101 -13.8953 -1.20109
      vertex 3.94308 -13.7786 -1.1776
      vertex 3.89784 -13.958 -0.902474
    endloop
  endfacet
  facet normal 0.944067 -0.32486 -0.0565935
    outer loop
      vertex 3.94308 -13.7786 -1.1776
      vertex 3.93903 -13.8414 -0.884673
      vertex 3.89784 -13.958 -0.902474
    endloop
  endfacet
  facet normal 0.927985 -0.366763 -0.0657992
    outer loop
      vertex 3.94308 -13.7786 -1.1776
      vertex 3.99013 -13.6637 -1.15449
      vertex 3.93903 -13.8414 -0.884673
    endloop
  endfacet
  facet normal 0.929472 -0.363418 -0.0633145
    outer loop
      vertex 3.99013 -13.6637 -1.15449
      vertex 3.98511 -13.7266 -0.867146
      vertex 3.93903 -13.8414 -0.884673
    endloop
  endfacet
  facet normal 0.905275 -0.418029 -0.0756917
    outer loop
      vertex 3.99013 -13.6637 -1.15449
      vertex 4.08135 -13.4731 -1.11614
      vertex 3.98511 -13.7266 -0.867146
    endloop
  endfacet
  facet normal 0.907198 -0.414592 -0.0714482
    outer loop
      vertex 4.08135 -13.4731 -1.11614
      vertex 4.07446 -13.5361 -0.838055
      vertex 3.98511 -13.7266 -0.867146
    endloop
  endfacet
  facet normal 0.872575 -0.480622 -0.0872653
    outer loop
      vertex 4.08135 -13.4731 -1.11614
      vertex 4.18623 -13.2894 -1.07918
      vertex 4.07446 -13.5361 -0.838055
    endloop
  endfacet
  facet normal 0.875317 -0.476572 -0.0818507
    outer loop
      vertex 4.18623 -13.2894 -1.07918
      vertex 4.17721 -13.3522 -0.80999
      vertex 4.07446 -13.5361 -0.838055
    endloop
  endfacet
  facet normal 0.979889 -0.193895 -0.0471337
    outer loop
      vertex 3.83847 -14.0068 -1.67545
      vertex 3.83677 -14.0674 -1.4615
      vertex 3.78867 -14.2974 -1.51532
    endloop
  endfacet
  facet normal 0.959925 -0.271558 -0.0692896
    outer loop
      vertex 3.83847 -14.0068 -1.67545
      vertex 3.90668 -13.781 -1.61543
      vertex 3.83677 -14.0674 -1.4615
    endloop
  endfacet
  facet normal 0.960704 -0.269729 -0.065533
    outer loop
      vertex 3.90668 -13.781 -1.61543
      vertex 3.90368 -13.8419 -1.40875
      vertex 3.83677 -14.0674 -1.4615
    endloop
  endfacet
  facet normal 0.940674 -0.328937 -0.08327
    outer loop
      vertex 3.90668 -13.781 -1.61543
      vertex 3.95031 -13.6641 -1.58434
      vertex 3.90368 -13.8419 -1.40875
    endloop
  endfacet
  facet normal 0.941841 -0.326321 -0.0803111
    outer loop
      vertex 3.95031 -13.6641 -1.58434
      vertex 3.94648 -13.7251 -1.3814
      vertex 3.90368 -13.8419 -1.40875
    endloop
  endfacet
  facet normal 0.925374 -0.367472 -0.0929912
    outer loop
      vertex 3.95031 -13.6641 -1.58434
      vertex 3.99909 -13.549 -1.55376
      vertex 3.94648 -13.7251 -1.3814
    endloop
  endfacet
  facet normal 0.926758 -0.364767 -0.0898043
    outer loop
      vertex 3.99909 -13.549 -1.55376
      vertex 3.99435 -13.6101 -1.3545
      vertex 3.94648 -13.7251 -1.3814
    endloop
  endfacet
  facet normal 0.901808 -0.418697 -0.106935
    outer loop
      vertex 3.99909 -13.549 -1.55376
      vertex 4.09364 -13.3583 -1.50307
      vertex 3.99435 -13.6101 -1.3545
    endloop
  endfacet
  facet normal 0.903613 -0.416165 -0.101438
    outer loop
      vertex 4.09364 -13.3583 -1.50307
      vertex 4.08714 -13.4195 -1.30989
      vertex 3.99435 -13.6101 -1.3545
    endloop
  endfacet
  facet normal 0.867897 -0.481212 -0.123247
    outer loop
      vertex 4.09364 -13.3583 -1.50307
      vertex 4.20231 -13.1748 -1.45429
      vertex 4.08714 -13.4195 -1.30989
    endloop
  endfacet
  facet normal 0.870393 -0.478385 -0.116466
    outer loop
      vertex 4.20231 -13.1748 -1.45429
      vertex 4.1938 -13.2359 -1.26692
      vertex 4.08714 -13.4195 -1.30989
    endloop
  endfacet
  facet normal 0.829327 -0.541243 -0.138829
    outer loop
      vertex 4.20231 -13.1748 -1.45429
      vertex 4.32452 -12.9995 -1.40767
      vertex 4.1938 -13.2359 -1.26692
    endloop
  endfacet
  facet normal 0.832695 -0.538138 -0.130486
    outer loop
      vertex 4.32452 -12.9995 -1.40767
      vertex 4.31379 -13.0602 -1.22581
      vertex 4.1938 -13.2359 -1.26692
    endloop
  endfacet
  facet normal 0.786463 -0.59831 -0.153298
    outer loop
      vertex 4.32452 -12.9995 -1.40767
      vertex 4.45965 -12.8332 -1.36347
      vertex 4.31379 -13.0602 -1.22581
    endloop
  endfacet
  facet normal 0.790326 -0.595418 -0.144435
    outer loop
      vertex 4.45965 -12.8332 -1.36347
      vertex 4.44651 -12.8935 -1.18679
      vertex 4.31379 -13.0602 -1.22581
    endloop
  endfacet
  facet normal 0.743966 -0.647369 -0.165614
    outer loop
      vertex 4.45965 -12.8332 -1.36347
      vertex 4.57851 -12.7053 -1.32948
      vertex 4.44651 -12.8935 -1.18679
    endloop
  endfacet
  facet normal 0.748899 -0.643934 -0.156519
    outer loop
      vertex 4.57851 -12.7053 -1.32948
      vertex 4.56328 -12.765 -1.15674
      vertex 4.44651 -12.8935 -1.18679
    endloop
  endfacet
  facet normal 0.992602 -0.117691 -0.0298187
    outer loop
      vertex 3.75988 -14.4707 -1.79875
      vertex 3.78943 -14.2372 -1.73669
      vertex 3.75969 -14.5303 -1.56984
    endloop
  endfacet
  facet normal 0.9926 -0.1167 -0.0335482
    outer loop
      vertex 3.79117 -14.0964 -2.17499
      vertex 3.78943 -14.2372 -1.73669
      vertex 3.75988 -14.4707 -1.79875
    endloop
  endfacet
  facet normal 0.978571 -0.197141 -0.059445
    outer loop
      vertex 3.79117 -14.0964 -2.17499
      vertex 3.84235 -13.8651 -2.09955
      vertex 3.78943 -14.2372 -1.73669
    endloop
  endfacet
  facet normal 0.978575 -0.194575 -0.067314
    outer loop
      vertex 3.84694 -13.691 -2.53607
      vertex 3.84235 -13.8651 -2.09955
      vertex 3.79117 -14.0964 -2.17499
    endloop
  endfacet
  facet normal 0.956095 -0.275527 -0.0998369
    outer loop
      vertex 3.84694 -13.691 -2.53607
      vertex 3.92162 -13.4635 -2.44874
      vertex 3.84235 -13.8651 -2.09955
    endloop
  endfacet
  facet normal 0.956101 -0.272062 -0.108869
    outer loop
      vertex 3.93043 -13.2651 -2.86717
      vertex 3.92162 -13.4635 -2.44874
      vertex 3.84694 -13.691 -2.53607
    endloop
  endfacet
  facet normal 0.931774 -0.335236 -0.139335
    outer loop
      vertex 3.93043 -13.2651 -2.86717
      vertex 3.98059 -13.1471 -2.81564
      vertex 3.92162 -13.4635 -2.44874
    endloop
  endfacet
  facet normal 0.93178 -0.330471 -0.150253
    outer loop
      vertex 3.99233 -12.9285 -3.22363
      vertex 3.98059 -13.1471 -2.81564
      vertex 3.93043 -13.2651 -2.86717
    endloop
  endfacet
  facet normal 0.909682 -0.376402 -0.175499
    outer loop
      vertex 3.99233 -12.9285 -3.22363
      vertex 4.05117 -12.8125 -3.16743
      vertex 3.98059 -13.1471 -2.81564
    endloop
  endfacet
  facet normal 0.909689 -0.371581 -0.185457
    outer loop
      vertex 4.06605 -12.5769 -3.56649
      vertex 4.05117 -12.8125 -3.16743
      vertex 3.99233 -12.9285 -3.22363
    endloop
  endfacet
  facet normal 0.875498 -0.429701 -0.221045
    outer loop
      vertex 4.06605 -12.5769 -3.56649
      vertex 4.18536 -12.3857 -3.46562
      vertex 4.05117 -12.8125 -3.16743
    endloop
  endfacet
  facet normal 0.959913 -0.269357 -0.0775564
    outer loop
      vertex 3.91352 -13.6385 -2.02568
      vertex 3.90668 -13.781 -1.61543
      vertex 3.83847 -14.0068 -1.67545
    endloop
  endfacet
  facet normal 0.93806 -0.331841 -0.0996248
    outer loop
      vertex 3.91352 -13.6385 -2.02568
      vertex 3.95904 -13.5213 -1.98745
      vertex 3.90668 -13.781 -1.61543
    endloop
  endfacet
  facet normal 0.94065 -0.325798 -0.0950411
    outer loop
      vertex 3.95904 -13.5213 -1.98745
      vertex 3.95031 -13.6641 -1.58434
      vertex 3.90668 -13.781 -1.61543
    endloop
  endfacet
  facet normal 0.922116 -0.370559 -0.111299
    outer loop
      vertex 3.95904 -13.5213 -1.98745
      vertex 4.00991 -13.406 -1.94987
      vertex 3.95031 -13.6641 -1.58434
    endloop
  endfacet
  facet normal 0.925345 -0.363972 -0.106121
    outer loop
      vertex 4.00991 -13.406 -1.94987
      vertex 3.99909 -13.549 -1.55376
      vertex 3.95031 -13.6641 -1.58434
    endloop
  endfacet
  facet normal 0.897434 -0.422199 -0.127905
    outer loop
      vertex 4.00991 -13.406 -1.94987
      vertex 4.10849 -13.2153 -1.88767
      vertex 3.99909 -13.549 -1.55376
    endloop
  endfacet
  facet normal 0.901781 -0.415316 -0.119602
    outer loop
      vertex 4.10849 -13.2153 -1.88767
      vertex 4.09364 -13.3583 -1.50307
      vertex 3.99909 -13.549 -1.55376
    endloop
  endfacet
  facet normal 0.862252 -0.484699 -0.146926
    outer loop
      vertex 4.10849 -13.2153 -1.88767
      vertex 4.22171 -13.032 -1.82792
      vertex 4.09364 -13.3583 -1.50307
    endloop
  endfacet
  facet normal 0.867861 -0.477426 -0.137409
    outer loop
      vertex 4.22171 -13.032 -1.82792
      vertex 4.20231 -13.1748 -1.45429
      vertex 4.09364 -13.3583 -1.50307
    endloop
  endfacet
  facet normal 0.822042 -0.54483 -0.165549
    outer loop
      vertex 4.22171 -13.032 -1.82792
      vertex 4.34897 -12.8573 -1.77095
      vertex 4.20231 -13.1748 -1.45429
    endloop
  endfacet
  facet normal 0.829285 -0.537069 -0.154413
    outer loop
      vertex 4.34897 -12.8573 -1.77095
      vertex 4.32452 -12.9995 -1.40767
      vertex 4.20231 -13.1748 -1.45429
    endloop
  endfacet
  facet normal 0.777473 -0.601649 -0.183179
    outer loop
      vertex 4.34897 -12.8573 -1.77095
      vertex 4.48958 -12.692 -1.71708
      vertex 4.32452 -12.9995 -1.40767
    endloop
  endfacet
  facet normal 0.786416 -0.593698 -0.170506
    outer loop
      vertex 4.48958 -12.692 -1.71708
      vertex 4.45965 -12.8332 -1.36347
      vertex 4.32452 -12.9995 -1.40767
    endloop
  endfacet
  facet normal 0.733151 -0.650675 -0.197766
    outer loop
      vertex 4.48958 -12.692 -1.71708
      vertex 4.61317 -12.5653 -1.67577
      vertex 4.45965 -12.8332 -1.36347
    endloop
  endfacet
  facet normal 0.743907 -0.642125 -0.185144
    outer loop
      vertex 4.61317 -12.5653 -1.67577
      vertex 4.57851 -12.7053 -1.32948
      vertex 4.45965 -12.8332 -1.36347
    endloop
  endfacet
  facet normal 0.992277 -0.118803 -0.035668
    outer loop
      vertex 3.76032 -14.3311 -2.25149
      vertex 3.79117 -14.0964 -2.17499
      vertex 3.75988 -14.4707 -1.79875
    endloop
  endfacet
  facet normal 0.992279 -0.117232 -0.0404895
    outer loop
      vertex 3.79322 -13.9235 -2.62536
      vertex 3.79117 -14.0964 -2.17499
      vertex 3.76032 -14.3311 -2.25149
    endloop
  endfacet
  facet normal 0.977511 -0.198326 -0.0716891
    outer loop
      vertex 3.79322 -13.9235 -2.62536
      vertex 3.84694 -13.691 -2.53607
      vertex 3.79117 -14.0964 -2.17499
    endloop
  endfacet
  facet normal 0.977515 -0.195755 -0.0783857
    outer loop
      vertex 3.85194 -13.4935 -2.96694
      vertex 3.84694 -13.691 -2.53607
      vertex 3.79322 -13.9235 -2.62536
    endloop
  endfacet
  facet normal 0.953811 -0.277125 -0.115959
    outer loop
      vertex 3.85194 -13.4935 -2.96694
      vertex 3.93043 -13.2651 -2.86717
      vertex 3.84694 -13.691 -2.53607
    endloop
  endfacet
  facet normal 0.953816 -0.27396 -0.123209
    outer loop
      vertex 3.93965 -13.0469 -3.28097
      vertex 3.93043 -13.2651 -2.86717
      vertex 3.85194 -13.4935 -2.96694
    endloop
  endfacet
  facet normal 0.92832 -0.336998 -0.157017
    outer loop
      vertex 3.93965 -13.0469 -3.28097
      vertex 3.99233 -12.9285 -3.22363
      vertex 3.93043 -13.2651 -2.86717
    endloop
  endfacet
  facet normal 0.928325 -0.332601 -0.1661
    outer loop
      vertex 4.00435 -12.6931 -3.62782
      vertex 3.99233 -12.9285 -3.22363
      vertex 3.93965 -13.0469 -3.28097
    endloop
  endfacet
  facet normal 0.905153 -0.378485 -0.193511
    outer loop
      vertex 4.00435 -12.6931 -3.62782
      vertex 4.06605 -12.5769 -3.56649
      vertex 3.99233 -12.9285 -3.22363
    endloop
  endfacet
  facet normal 0.938065 -0.326974 -0.114554
    outer loop
      vertex 3.96936 -13.3459 -2.40359
      vertex 3.95904 -13.5213 -1.98745
      vertex 3.91352 -13.6385 -2.02568
    endloop
  endfacet
  facet normal 0.918231 -0.372589 -0.134272
    outer loop
      vertex 3.96936 -13.3459 -2.40359
      vertex 4.02271 -13.2304 -2.35925
      vertex 3.95904 -13.5213 -1.98745
    endloop
  endfacet
  facet normal 0.922122 -0.36518 -0.127809
    outer loop
      vertex 4.02271 -13.2304 -2.35925
      vertex 4.00991 -13.406 -1.94987
      vertex 3.95904 -13.5213 -1.98745
    endloop
  endfacet
  facet normal 0.892422 -0.424104 -0.154012
    outer loop
      vertex 4.02271 -13.2304 -2.35925
      vertex 4.12603 -13.0396 -2.28597
      vertex 4.00991 -13.406 -1.94987
    endloop
  endfacet
  facet normal 0.897445 -0.416838 -0.144357
    outer loop
      vertex 4.12603 -13.0396 -2.28597
      vertex 4.10849 -13.2153 -1.88767
      vertex 4.00991 -13.406 -1.94987
    endloop
  endfacet
  facet normal 0.855526 -0.486578 -0.176967
    outer loop
      vertex 4.12603 -13.0396 -2.28597
      vertex 4.24464 -12.8566 -2.21573
      vertex 4.10849 -13.2153 -1.88767
    endloop
  endfacet
  facet normal 0.862265 -0.478652 -0.165503
    outer loop
      vertex 4.24464 -12.8566 -2.21573
      vertex 4.22171 -13.032 -1.82792
      vertex 4.10849 -13.2153 -1.88767
    endloop
  endfacet
  facet normal 0.813384 -0.546588 -0.19912
    outer loop
      vertex 4.24464 -12.8566 -2.21573
      vertex 4.37785 -12.6827 -2.14894
      vertex 4.22171 -13.032 -1.82792
    endloop
  endfacet
  facet normal 0.822058 -0.538234 -0.185811
    outer loop
      vertex 4.37785 -12.6827 -2.14894
      vertex 4.34897 -12.8573 -1.77095
      vertex 4.22171 -13.032 -1.82792
    endloop
  endfacet
  facet normal 0.766756 -0.603069 -0.219985
    outer loop
      vertex 4.37785 -12.6827 -2.14894
      vertex 4.5249 -12.5187 -2.08599
      vertex 4.34897 -12.8573 -1.77095
    endloop
  endfacet
  facet normal 0.777488 -0.59459 -0.204878
    outer loop
      vertex 4.5249 -12.5187 -2.08599
      vertex 4.48958 -12.692 -1.71708
      vertex 4.34897 -12.8573 -1.77095
    endloop
  endfacet
  facet normal 0.72052 -0.65163 -0.237128
    outer loop
      vertex 4.5249 -12.5187 -2.08599
      vertex 4.65405 -12.3934 -2.03789
      vertex 4.48958 -12.692 -1.71708
    endloop
  endfacet
  facet normal 0.733166 -0.642684 -0.222317
    outer loop
      vertex 4.65405 -12.3934 -2.03789
      vertex 4.61317 -12.5653 -1.67577
      vertex 4.48958 -12.692 -1.71708
    endloop
  endfacet
  facet normal 0.991893 -0.11956 -0.0430613
    outer loop
      vertex 3.76084 -14.1595 -2.71596
      vertex 3.79322 -13.9235 -2.62536
      vertex 3.76032 -14.3311 -2.25149
    endloop
  endfacet
  facet normal 0.991895 -0.117987 -0.0471598
    outer loop
      vertex 3.79545 -13.7274 -3.06907
      vertex 3.79322 -13.9235 -2.62536
      vertex 3.76084 -14.1595 -2.71596
    endloop
  endfacet
  facet normal 0.976364 -0.199457 -0.0832442
    outer loop
      vertex 3.79545 -13.7274 -3.06907
      vertex 3.85194 -13.4935 -2.96694
      vertex 3.79322 -13.9235 -2.62536
    endloop
  endfacet
  facet normal 0.976368 -0.197109 -0.0886248
    outer loop
      vertex 3.85717 -13.2764 -3.39217
      vertex 3.85194 -13.4935 -2.96694
      vertex 3.79545 -13.7274 -3.06907
    endloop
  endfacet
  facet normal 0.951466 -0.278679 -0.130576
    outer loop
      vertex 3.85717 -13.2764 -3.39217
      vertex 3.93965 -13.0469 -3.28097
      vertex 3.85194 -13.4935 -2.96694
    endloop
  endfacet
  facet normal 0.918239 -0.367116 -0.148536
    outer loop
      vertex 4.03662 -13.0314 -2.7651
      vertex 4.02271 -13.2304 -2.35925
      vertex 3.96936 -13.3459 -2.40359
    endloop
  endfacet
  facet normal 0.887034 -0.425844 -0.178402
    outer loop
      vertex 4.03662 -13.0314 -2.7651
      vertex 4.14509 -12.8404 -2.68169
      vertex 4.02271 -13.2304 -2.35925
    endloop
  endfacet
  facet normal 0.892433 -0.418801 -0.167834
    outer loop
      vertex 4.14509 -12.8404 -2.68169
      vertex 4.12603 -13.0396 -2.28597
      vertex 4.02271 -13.2304 -2.35925
    endloop
  endfacet
  facet normal 0.848179 -0.488428 -0.205015
    outer loop
      vertex 4.14509 -12.8404 -2.68169
      vertex 4.26952 -12.6578 -2.60193
      vertex 4.12603 -13.0396 -2.28597
    endloop
  endfacet
  facet normal 0.855539 -0.480692 -0.192324
    outer loop
      vertex 4.26952 -12.6578 -2.60193
      vertex 4.24464 -12.8566 -2.21573
      vertex 4.12603 -13.0396 -2.28597
    endloop
  endfacet
  facet normal 0.804126 -0.548034 -0.230302
    outer loop
      vertex 4.26952 -12.6578 -2.60193
      vertex 4.40915 -12.4847 -2.52631
      vertex 4.24464 -12.8566 -2.21573
    endloop
  endfacet
  facet normal 0.8134 -0.540141 -0.215938
    outer loop
      vertex 4.40915 -12.4847 -2.52631
      vertex 4.37785 -12.6827 -2.14894
      vertex 4.24464 -12.8566 -2.21573
    endloop
  endfacet
  facet normal 0.75518 -0.604157 -0.254355
    outer loop
      vertex 4.40915 -12.4847 -2.52631
      vertex 4.56315 -12.3221 -2.4553
      vertex 4.37785 -12.6827 -2.14894
    endloop
  endfacet
  facet normal 0.766772 -0.596185 -0.23796
    outer loop
      vertex 4.56315 -12.3221 -2.4553
      vertex 4.5249 -12.5187 -2.08599
      vertex 4.37785 -12.6827 -2.14894
    endloop
  endfacet
  facet normal 0.706728 -0.65226 -0.27403
    outer loop
      vertex 4.56315 -12.3221 -2.4553
      vertex 4.69827 -12.1984 -2.40126
      vertex 4.5249 -12.5187 -2.08599
    endloop
  endfacet
  facet normal 0.720537 -0.643726 -0.257766
    outer loop
      vertex 4.69827 -12.1984 -2.40126
      vertex 4.65405 -12.3934 -2.03789
      vertex 4.5249 -12.5187 -2.08599
    endloop
  endfacet
  facet normal 0.99147 -0.120332 -0.0500708
    outer loop
      vertex 3.7614 -13.9648 -3.17278
      vertex 3.79545 -13.7274 -3.06907
      vertex 3.76084 -14.1595 -2.71596
    endloop
  endfacet
  facet normal 0.991472 -0.11889 -0.0533724
    outer loop
      vertex 3.7978 -13.5116 -3.50612
      vertex 3.79545 -13.7274 -3.06907
      vertex 3.7614 -13.9648 -3.17278
    endloop
  endfacet
  facet normal 0.975151 -0.200684 -0.0938472
    outer loop
      vertex 3.7978 -13.5116 -3.50612
      vertex 3.85717 -13.2764 -3.39217
      vertex 3.79545 -13.7274 -3.06907
    endloop
  endfacet
  facet normal 0.99103 -0.121127 -0.0564624
    outer loop
      vertex 3.76199 -13.7506 -3.62194
      vertex 3.7978 -13.5116 -3.50612
      vertex 3.7614 -13.9648 -3.17278
    endloop
  endfacet
  facet normal 0.887044 -0.421015 -0.189471
    outer loop
      vertex 4.16501 -12.6215 -3.07484
      vertex 4.14509 -12.8404 -2.68169
      vertex 4.03662 -13.0314 -2.7651
    endloop
  endfacet
  facet normal 0.840645 -0.49017 -0.230326
    outer loop
      vertex 4.16501 -12.6215 -3.07484
      vertex 4.2955 -12.4392 -2.98654
      vertex 4.14509 -12.8404 -2.68169
    endloop
  endfacet
  facet normal 0.84819 -0.483081 -0.217273
    outer loop
      vertex 4.2955 -12.4392 -2.98654
      vertex 4.26952 -12.6578 -2.60193
      vertex 4.14509 -12.8404 -2.68169
    endloop
  endfacet
  facet normal 0.794386 -0.549569 -0.258697
    outer loop
      vertex 4.2955 -12.4392 -2.98654
      vertex 4.44181 -12.267 -2.90308
      vertex 4.26952 -12.6578 -2.60193
    endloop
  endfacet
  facet normal 0.804139 -0.542235 -0.243601
    outer loop
      vertex 4.44181 -12.267 -2.90308
      vertex 4.40915 -12.4847 -2.52631
      vertex 4.26952 -12.6578 -2.60193
    endloop
  endfacet
  facet normal 0.743204 -0.605204 -0.285266
    outer loop
      vertex 4.44181 -12.267 -2.90308
      vertex 4.60304 -12.1058 -2.82502
      vertex 4.40915 -12.4847 -2.52631
    endloop
  endfacet
  facet normal 0.755192 -0.598038 -0.268395
    outer loop
      vertex 4.60304 -12.1058 -2.82502
      vertex 4.56315 -12.3221 -2.4553
      vertex 4.40915 -12.4847 -2.52631
    endloop
  endfacet
  facet normal 0.692394 -0.652891 -0.307122
    outer loop
      vertex 4.73565 -12 -2.75097
      vertex 4.60304 -12.1058 -2.82502
      vertex 4.72555 -12 -2.77374
    endloop
  endfacet
  facet normal 0.692404 -0.652832 -0.307226
    outer loop
      vertex 4.60304 -12.1058 -2.82502
      vertex 4.73565 -12 -2.75097
      vertex 4.56315 -12.3221 -2.4553
    endloop
  endfacet
  facet normal 0.706742 -0.645104 -0.290444
    outer loop
      vertex 4.56315 -12.3221 -2.4553
      vertex 4.74086 -12 -2.73829
      vertex 4.69827 -12.1984 -2.40126
    endloop
  endfacet
  facet normal 0.706775 -0.645085 -0.290402
    outer loop
      vertex 4.74086 -12 -2.73829
      vertex 4.56315 -12.3221 -2.4553
      vertex 4.73565 -12 -2.75097
    endloop
  endfacet
  facet normal 0.840654 -0.48546 -0.240062
    outer loop
      vertex 4.32203 -12.2038 -3.36967
      vertex 4.2955 -12.4392 -2.98654
      vertex 4.16501 -12.6215 -3.07484
    endloop
  endfacet
  facet normal 0.784494 -0.551129 -0.284298
    outer loop
      vertex 4.32203 -12.2038 -3.36967
      vertex 4.47513 -12.0325 -3.27928
      vertex 4.2955 -12.4392 -2.98654
    endloop
  endfacet
  facet normal 0.794397 -0.544547 -0.269077
    outer loop
      vertex 4.47513 -12.0325 -3.27928
      vertex 4.44181 -12.267 -2.90308
      vertex 4.2955 -12.4392 -2.98654
    endloop
  endfacet
  facet normal 0.73119 -0.605868 -0.313503
    outer loop
      vertex 4.57855 -12 -3.10088
      vertex 4.47513 -12.0325 -3.27928
      vertex 4.5094 -12 -3.26216
    endloop
  endfacet
  facet normal 0.73089 -0.606368 -0.313238
    outer loop
      vertex 4.47513 -12.0325 -3.27928
      vertex 4.57855 -12 -3.10088
      vertex 4.44181 -12.267 -2.90308
    endloop
  endfacet
  facet normal 0.743213 -0.600019 -0.295993
    outer loop
      vertex 4.44181 -12.267 -2.90308
      vertex 4.6215 -12 -2.99314
      vertex 4.60304 -12.1058 -2.82502
    endloop
  endfacet
  facet normal 0.743107 -0.60003 -0.296236
    outer loop
      vertex 4.6215 -12 -2.99314
      vertex 4.44181 -12.267 -2.90308
      vertex 4.57855 -12 -3.10088
    endloop
  endfacet
  facet normal 0.677842 -0.653509 -0.336833
    outer loop
      vertex 4.6215 -12 -2.99314
      vertex 4.65941 -12 -2.91685
      vertex 4.60304 -12.1058 -2.82502
    endloop
  endfacet
  facet normal 0.692406 -0.646662 -0.320004
    outer loop
      vertex 4.65941 -12 -2.91685
      vertex 4.72555 -12 -2.77374
      vertex 4.60304 -12.1058 -2.82502
    endloop
  endfacet
  facet normal 0.775223 -0.552152 -0.306851
    outer loop
      vertex 4.34386 -12 -3.68124
      vertex 4.41531 -12 -3.50073
      vertex 4.32203 -12.2038 -3.36967
    endloop
  endfacet
  facet normal 0.784503 -0.546811 -0.292496
    outer loop
      vertex 4.32203 -12.2038 -3.36967
      vertex 4.47951 -12 -3.32829
      vertex 4.47513 -12.0325 -3.27928
    endloop
  endfacet
  facet normal 0.784563 -0.546938 -0.292095
    outer loop
      vertex 4.47951 -12 -3.32829
      vertex 4.32203 -12.2038 -3.36967
      vertex 4.41531 -12 -3.50073
    endloop
  endfacet
  facet normal 0.719719 -0.606505 -0.33787
    outer loop
      vertex 4.47951 -12 -3.32829
      vertex 4.49234 -12 -3.30096
      vertex 4.47513 -12.0325 -3.27928
    endloop
  endfacet
  facet normal 0.731194 -0.60166 -0.321499
    outer loop
      vertex 4.49234 -12 -3.30096
      vertex 4.5094 -12 -3.26216
      vertex 4.47513 -12.0325 -3.27928
    endloop
  endfacet
  facet normal 1 0 0
    outer loop
      vertex 3.75 -14.9532 0.244248
      vertex 3.75 -63.715 3.75
      vertex 3.75 -14.9576 0
    endloop
  endfacet
  facet normal 1 0 0
    outer loop
      vertex 3.75 -14.94 0.488213
      vertex 3.75 -63.715 3.75
      vertex 3.75 -14.9532 0.244248
    endloop
  endfacet
  facet normal 1 0 0
    outer loop
      vertex 3.75 -14.9181 0.731541
      vertex 3.75 -63.715 3.75
      vertex 3.75 -14.94 0.488213
    endloop
  endfacet
  facet normal 1 0 0
    outer loop
      vertex 3.75 -14.8877 0.973924
      vertex 3.75 -63.715 3.75
      vertex 3.75 -14.9181 0.731541
    endloop
  endfacet
  facet normal 1 0 0
    outer loop
      vertex 3.75 -14.849 1.21514
      vertex 3.75 -63.715 3.75
      vertex 3.75 -14.8877 0.973924
    endloop
  endfacet
  facet normal 1 0 0
    outer loop
      vertex 3.75 -14.8025 1.45496
      vertex 3.75 -63.715 3.75
      vertex 3.75 -14.849 1.21514
    endloop
  endfacet
  facet normal 1 0 0
    outer loop
      vertex 3.75 -14.7485 1.69318
      vertex 3.75 -63.715 3.75
      vertex 3.75 -14.8025 1.45496
    endloop
  endfacet
  facet normal 1 0 0
    outer loop
      vertex 3.75 -14.6872 1.92957
      vertex 3.75 -63.715 3.75
      vertex 3.75 -14.7485 1.69318
    endloop
  endfacet
  facet normal 1 0 0
    outer loop
      vertex 3.75 -14.5448 2.39656
      vertex 3.75 -63.715 3.75
      vertex 3.75 -14.6872 1.92957
    endloop
  endfacet
  facet normal 1 0 0
    outer loop
      vertex 3.75 -14.3784 2.85571
      vertex 3.75 -63.715 3.75
      vertex 3.75 -14.5448 2.39656
    endloop
  endfacet
  facet normal 1 0 0
    outer loop
      vertex 3.75 -14.1911 3.30685
      vertex 3.75 -63.715 3.75
      vertex 3.75 -14.3784 2.85571
    endloop
  endfacet
  facet normal 1 -0 0
    outer loop
      vertex 3.75 -63.715 3.75
      vertex 3.75 -14.1911 3.30685
      vertex 3.75 -13.9859 3.75
    endloop
  endfacet
  facet normal 1 0 0
    outer loop
      vertex 3.75 -63.715 -3.75
      vertex 3.75 -14.9576 0
      vertex 3.75 -63.715 3.75
    endloop
  endfacet
  facet normal 1 0 0
    outer loop
      vertex 3.75 -14.9576 0
      vertex 3.75 -63.715 -3.75
      vertex 3.75 -14.9532 -0.244248
    endloop
  endfacet
  facet normal 1 0 0
    outer loop
      vertex 3.75 -14.9532 -0.244248
      vertex 3.75 -63.715 -3.75
      vertex 3.75 -14.94 -0.488213
    endloop
  endfacet
  facet normal 1 0 0
    outer loop
      vertex 3.75 -14.94 -0.488213
      vertex 3.75 -63.715 -3.75
      vertex 3.75 -14.9181 -0.731541
    endloop
  endfacet
  facet normal 1 0 0
    outer loop
      vertex 3.75 -14.9181 -0.731541
      vertex 3.75 -63.715 -3.75
      vertex 3.75 -14.8877 -0.973924
    endloop
  endfacet
  facet normal 1 0 0
    outer loop
      vertex 3.75 -14.8877 -0.973924
      vertex 3.75 -63.715 -3.75
      vertex 3.75 -14.849 -1.21514
    endloop
  endfacet
  facet normal 1 0 0
    outer loop
      vertex 3.75 -14.849 -1.21514
      vertex 3.75 -63.715 -3.75
      vertex 3.75 -14.8025 -1.45496
    endloop
  endfacet
  facet normal 1 0 0
    outer loop
      vertex 3.75 -14.8025 -1.45496
      vertex 3.75 -63.715 -3.75
      vertex 3.75 -14.7485 -1.69318
    endloop
  endfacet
  facet normal 1 0 0
    outer loop
      vertex 3.75 -14.7485 -1.69318
      vertex 3.75 -63.715 -3.75
      vertex 3.75 -14.6872 -1.92957
    endloop
  endfacet
  facet normal 1 0 0
    outer loop
      vertex 3.75 -14.6872 -1.92957
      vertex 3.75 -63.715 -3.75
      vertex 3.75 -14.5448 -2.39656
    endloop
  endfacet
  facet normal 1 0 0
    outer loop
      vertex 3.75 -14.5448 -2.39656
      vertex 3.75 -63.715 -3.75
      vertex 3.75 -14.3784 -2.85571
    endloop
  endfacet
  facet normal 1 0 0
    outer loop
      vertex 3.75 -14.3784 -2.85571
      vertex 3.75 -63.715 -3.75
      vertex 3.75 -14.1911 -3.30685
    endloop
  endfacet
  facet normal 1 0 0
    outer loop
      vertex 3.75 -14.1911 -3.30685
      vertex 3.75 -63.715 -3.75
      vertex 3.75 -13.9859 -3.75
    endloop
  endfacet
  facet normal 0.706753 -0.707242 -0.0175843
    outer loop
      vertex 4.63128 -12.828 -0.229327
      vertex 5.46427 -12 -0.051819
      vertex 4.62868 -12.8363 0
    endloop
  endfacet
  facet normal 0.706748 -0.707249 -0.0175301
    outer loop
      vertex 5.46427 -12 -0.051819
      vertex 4.63128 -12.828 -0.229327
      vertex 5.45987 -12 -0.22921
    endloop
  endfacet
  facet normal 0.707407 -0.706806 0
    outer loop
      vertex 5.46427 -12 -0.051819
      vertex 5.46427 -12 0.051819
      vertex 4.62868 -12.8363 0
    endloop
  endfacet
  facet normal 0.706748 -0.707249 0.0175301
    outer loop
      vertex 4.63128 -12.828 0.229327
      vertex 5.46427 -12 0.051819
      vertex 5.45987 -12 0.22921
    endloop
  endfacet
  facet normal 0.706753 -0.707242 0.0175843
    outer loop
      vertex 5.46427 -12 0.051819
      vertex 4.63128 -12.828 0.229327
      vertex 4.62868 -12.8363 0
    endloop
  endfacet
  facet normal 0.706324 -0.706821 0.038863
    outer loop
      vertex 5.45987 -12 0.22921
      vertex 5.45422 -12 0.331897
      vertex 4.63128 -12.828 0.229327
    endloop
  endfacet
  facet normal 0.705082 -0.707193 0.0523293
    outer loop
      vertex 4.63899 -12.8034 0.45888
      vertex 5.45422 -12 0.331897
      vertex 5.4411 -12 0.508675
    endloop
  endfacet
  facet normal 0.705072 -0.707218 0.0521076
    outer loop
      vertex 5.45422 -12 0.331897
      vertex 4.63899 -12.8034 0.45888
      vertex 4.63128 -12.828 0.229327
    endloop
  endfacet
  facet normal 0.703125 -0.706811 0.0776759
    outer loop
      vertex 5.4411 -12 0.508675
      vertex 5.43007 -12 0.608519
      vertex 4.63899 -12.8034 0.45888
    endloop
  endfacet
  facet normal 0.701703 -0.707168 0.0867564
    outer loop
      vertex 4.6516 -12.7626 0.688842
      vertex 5.43007 -12 0.608519
      vertex 5.40837 -12 0.784033
    endloop
  endfacet
  facet normal 0.701701 -0.707142 0.0869837
    outer loop
      vertex 5.43007 -12 0.608519
      vertex 4.6516 -12.7626 0.688842
      vertex 4.63899 -12.8034 0.45888
    endloop
  endfacet
  facet normal 0.697719 -0.706887 0.116185
    outer loop
      vertex 5.40837 -12 0.784033
      vertex 5.39253 -12 0.879156
      vertex 4.6516 -12.7626 0.688842
    endloop
  endfacet
  facet normal 0.696876 -0.707054 0.120158
    outer loop
      vertex 4.66868 -12.7066 0.919347
      vertex 5.39253 -12 0.879156
      vertex 5.3626 -12 1.05274
    endloop
  endfacet
  facet normal 0.696877 -0.707056 0.120138
    outer loop
      vertex 5.39253 -12 0.879156
      vertex 4.66868 -12.7066 0.919347
      vertex 4.6516 -12.7626 0.688842
    endloop
  endfacet
  facet normal 0.690576 -0.706997 0.15251
    outer loop
      vertex 4.68978 -12.6361 1.15052
      vertex 5.3626 -12 1.05274
      vertex 5.32325 -12 1.23092
    endloop
  endfacet
  facet normal 0.690574 -0.706985 0.152576
    outer loop
      vertex 5.3626 -12 1.05274
      vertex 4.68978 -12.6361 1.15052
      vertex 4.66868 -12.7066 0.919347
    endloop
  endfacet
  facet normal 0.690257 -0.706911 0.154343
    outer loop
      vertex 5.32325 -12 1.23092
      vertex 5.30506 -12 1.31227
      vertex 4.68978 -12.6361 1.15052
    endloop
  endfacet
  facet normal 0.682789 -0.707105 0.183852
    outer loop
      vertex 4.71439 -12.5521 1.38249
      vertex 5.30506 -12 1.31227
      vertex 5.25754 -12 1.48875
    endloop
  endfacet
  facet normal 0.682803 -0.707149 0.18363
    outer loop
      vertex 5.30506 -12 1.31227
      vertex 4.71439 -12.5521 1.38249
      vertex 4.68978 -12.6361 1.15052
    endloop
  endfacet
  facet normal 0.680845 -0.706783 0.192114
    outer loop
      vertex 5.25754 -12 1.48875
      vertex 5.23741 -12 1.56009
      vertex 4.71439 -12.5521 1.38249
    endloop
  endfacet
  facet normal 0.673974 -0.707187 0.213647
    outer loop
      vertex 4.74194 -12.4555 1.61537
      vertex 5.23741 -12 1.56009
      vertex 5.18224 -12 1.73413
    endloop
  endfacet
  facet normal 0.673977 -0.707194 0.213616
    outer loop
      vertex 5.23741 -12 1.56009
      vertex 4.74194 -12.4555 1.61537
      vertex 4.71439 -12.5521 1.38249
    endloop
  endfacet
  facet normal 0.669313 -0.70674 0.229212
    outer loop
      vertex 5.18224 -12 1.73413
      vertex 5.16185 -12 1.79367
      vertex 4.74194 -12.4555 1.61537
    endloop
  endfacet
  facet normal 0.66432 -0.707219 0.241911
    outer loop
      vertex 4.77192 -12.3473 1.84915
      vertex 5.16185 -12 1.79367
      vertex 5.09969 -12 1.96437
    endloop
  endfacet
  facet normal 0.664303 -0.707168 0.242107
    outer loop
      vertex 5.16185 -12 1.79367
      vertex 4.77192 -12.3473 1.84915
      vertex 4.74194 -12.4555 1.61537
    endloop
  endfacet
  facet normal 0.655593 -0.706851 0.26563
    outer loop
      vertex 5.09969 -12 1.96437
      vertex 5.08106 -12 2.01035
      vertex 4.77192 -12.3473 1.84915
    endloop
  endfacet
  facet normal 0.654367 -0.706904 0.268498
    outer loop
      vertex 4.80384 -12.2287 2.08385
      vertex 5.08106 -12 2.01035
      vertex 5.01282 -12 2.17666
    endloop
  endfacet
  facet normal 0.654373 -0.706987 0.268262
    outer loop
      vertex 5.08106 -12 2.01035
      vertex 4.80384 -12.2287 2.08385
      vertex 4.77192 -12.3473 1.84915
    endloop
  endfacet
  facet normal 0.64311 -0.707219 0.293684
    outer loop
      vertex 4.8372 -12.1004 2.31946
      vertex 5.01282 -12 2.17666
      vertex 4.93184 -12 2.35399
    endloop
  endfacet
  facet normal 0.643205 -0.707028 0.293936
    outer loop
      vertex 5.01282 -12 2.17666
      vertex 4.8372 -12.1004 2.31946
      vertex 4.80384 -12.2287 2.08385
    endloop
  endfacet
  facet normal 0.639955 -0.706871 0.301316
    outer loop
      vertex 4.93184 -12 2.35399
      vertex 4.92522 -12 2.36805
      vertex 4.8372 -12.1004 2.31946
    endloop
  endfacet
  facet normal 0.631674 -0.707335 0.317277
    outer loop
      vertex 4.92522 -12 2.36805
      vertex 4.8624 -12 2.49312
      vertex 4.8372 -12.1004 2.31946
    endloop
  endfacet
  facet normal 0.706324 -0.706821 -0.038863
    outer loop
      vertex 5.45422 -12 -0.331897
      vertex 5.45987 -12 -0.22921
      vertex 4.63128 -12.828 -0.229327
    endloop
  endfacet
  facet normal 0.705072 -0.707218 -0.0521076
    outer loop
      vertex 4.63899 -12.8034 -0.45888
      vertex 5.45422 -12 -0.331897
      vertex 4.63128 -12.828 -0.229327
    endloop
  endfacet
  facet normal 0.705082 -0.707193 -0.0523293
    outer loop
      vertex 5.45422 -12 -0.331897
      vertex 4.63899 -12.8034 -0.45888
      vertex 5.4411 -12 -0.508675
    endloop
  endfacet
  facet normal 0.703125 -0.706811 -0.0776759
    outer loop
      vertex 5.43007 -12 -0.608519
      vertex 5.4411 -12 -0.508675
      vertex 4.63899 -12.8034 -0.45888
    endloop
  endfacet
  facet normal 0.701701 -0.707142 -0.0869837
    outer loop
      vertex 4.6516 -12.7626 -0.688842
      vertex 5.43007 -12 -0.608519
      vertex 4.63899 -12.8034 -0.45888
    endloop
  endfacet
  facet normal 0.701703 -0.707168 -0.0867564
    outer loop
      vertex 5.43007 -12 -0.608519
      vertex 4.6516 -12.7626 -0.688842
      vertex 5.40837 -12 -0.784033
    endloop
  endfacet
  facet normal 0.697719 -0.706887 -0.116185
    outer loop
      vertex 5.39253 -12 -0.879156
      vertex 5.40837 -12 -0.784033
      vertex 4.6516 -12.7626 -0.688842
    endloop
  endfacet
  facet normal 0.696877 -0.707056 -0.120138
    outer loop
      vertex 4.66868 -12.7066 -0.919347
      vertex 5.39253 -12 -0.879156
      vertex 4.6516 -12.7626 -0.688842
    endloop
  endfacet
  facet normal 0.696876 -0.707054 -0.120158
    outer loop
      vertex 5.39253 -12 -0.879156
      vertex 4.66868 -12.7066 -0.919347
      vertex 5.3626 -12 -1.05274
    endloop
  endfacet
  facet normal 0.690574 -0.706985 -0.152576
    outer loop
      vertex 4.68978 -12.6361 -1.15052
      vertex 5.3626 -12 -1.05274
      vertex 4.66868 -12.7066 -0.919347
    endloop
  endfacet
  facet normal 0.690576 -0.706997 -0.15251
    outer loop
      vertex 5.3626 -12 -1.05274
      vertex 4.68978 -12.6361 -1.15052
      vertex 5.32325 -12 -1.23092
    endloop
  endfacet
  facet normal 0.690257 -0.706911 -0.154343
    outer loop
      vertex 5.30506 -12 -1.31227
      vertex 5.32325 -12 -1.23092
      vertex 4.68978 -12.6361 -1.15052
    endloop
  endfacet
  facet normal 0.682803 -0.707149 -0.18363
    outer loop
      vertex 4.71439 -12.5521 -1.38249
      vertex 5.30506 -12 -1.31227
      vertex 4.68978 -12.6361 -1.15052
    endloop
  endfacet
  facet normal 0.682789 -0.707105 -0.183852
    outer loop
      vertex 5.30506 -12 -1.31227
      vertex 4.71439 -12.5521 -1.38249
      vertex 5.25754 -12 -1.48875
    endloop
  endfacet
  facet normal 0.680845 -0.706783 -0.192114
    outer loop
      vertex 5.23741 -12 -1.56009
      vertex 5.25754 -12 -1.48875
      vertex 4.71439 -12.5521 -1.38249
    endloop
  endfacet
  facet normal 0.673977 -0.707194 -0.213616
    outer loop
      vertex 4.74194 -12.4555 -1.61537
      vertex 5.23741 -12 -1.56009
      vertex 4.71439 -12.5521 -1.38249
    endloop
  endfacet
  facet normal 0.673974 -0.707187 -0.213647
    outer loop
      vertex 5.23741 -12 -1.56009
      vertex 4.74194 -12.4555 -1.61537
      vertex 5.18224 -12 -1.73413
    endloop
  endfacet
  facet normal 0.669313 -0.70674 -0.229212
    outer loop
      vertex 5.16185 -12 -1.79367
      vertex 5.18224 -12 -1.73413
      vertex 4.74194 -12.4555 -1.61537
    endloop
  endfacet
  facet normal 0.664303 -0.707168 -0.242107
    outer loop
      vertex 4.77192 -12.3473 -1.84915
      vertex 5.16185 -12 -1.79367
      vertex 4.74194 -12.4555 -1.61537
    endloop
  endfacet
  facet normal 0.66432 -0.707219 -0.241911
    outer loop
      vertex 5.16185 -12 -1.79367
      vertex 4.77192 -12.3473 -1.84915
      vertex 5.09969 -12 -1.96437
    endloop
  endfacet
  facet normal 0.655593 -0.706851 -0.26563
    outer loop
      vertex 5.08106 -12 -2.01035
      vertex 5.09969 -12 -1.96437
      vertex 4.77192 -12.3473 -1.84915
    endloop
  endfacet
  facet normal 0.654373 -0.706987 -0.268262
    outer loop
      vertex 4.80384 -12.2287 -2.08385
      vertex 5.08106 -12 -2.01035
      vertex 4.77192 -12.3473 -1.84915
    endloop
  endfacet
  facet normal 0.654367 -0.706904 -0.268498
    outer loop
      vertex 5.08106 -12 -2.01035
      vertex 4.80384 -12.2287 -2.08385
      vertex 5.01282 -12 -2.17666
    endloop
  endfacet
  facet normal 0.643205 -0.707028 -0.293936
    outer loop
      vertex 4.8372 -12.1004 -2.31946
      vertex 5.01282 -12 -2.17666
      vertex 4.80384 -12.2287 -2.08385
    endloop
  endfacet
  facet normal 0.64311 -0.707219 -0.293684
    outer loop
      vertex 5.01282 -12 -2.17666
      vertex 4.8372 -12.1004 -2.31946
      vertex 4.93184 -12 -2.35399
    endloop
  endfacet
  facet normal 0.639955 -0.706871 -0.301316
    outer loop
      vertex 4.92522 -12 -2.36805
      vertex 4.93184 -12 -2.35399
      vertex 4.8372 -12.1004 -2.31946
    endloop
  endfacet
  facet normal 0.631674 -0.707335 -0.317277
    outer loop
      vertex 4.8624 -12 -2.49312
      vertex 4.92522 -12 -2.36805
      vertex 4.8372 -12.1004 -2.31946
    endloop
  endfacet
  facet normal 0 -1 0
    outer loop
      vertex -3.75 -63.715 -3.75
      vertex 3.75 -63.715 3.75
      vertex -3.75 -63.715 3.75
    endloop
  endfacet
  facet normal 0 -1 -0
    outer loop
      vertex 3.75 -63.715 3.75
      vertex -3.75 -63.715 -3.75
      vertex 3.75 -63.715 -3.75
    endloop
  endfacet
  facet normal 0 -1 0
    outer loop
      vertex -4.32092 -12 3.75
      vertex 0 -12 9
      vertex -6.36396 -12 6.36396
    endloop
  endfacet
  facet normal 0 -1 0
    outer loop
      vertex 4.32092 -12 3.75
      vertex 0 -12 9
      vertex -4.32092 -12 3.75
    endloop
  endfacet
  facet normal 0 -1 0
    outer loop
      vertex -6.36396 -12 6.36396
      vertex -4.32682 -12 3.73135
      vertex -4.32092 -12 3.75
    endloop
  endfacet
  facet normal 0 -1 0
    outer loop
      vertex -6.36396 -12 6.36396
      vertex -4.34386 -12 3.68124
      vertex -4.32682 -12 3.73135
    endloop
  endfacet
  facet normal 0 -1 0
    outer loop
      vertex -6.36396 -12 6.36396
      vertex -4.41531 -12 3.50073
      vertex -4.34386 -12 3.68124
    endloop
  endfacet
  facet normal 0 -1 0
    outer loop
      vertex -4.49234 -12 3.30096
      vertex -4.41531 -12 3.50073
      vertex -6.36396 -12 6.36396
    endloop
  endfacet
  facet normal 0 -1 0
    outer loop
      vertex -4.41531 -12 3.50073
      vertex -4.49234 -12 3.30096
      vertex -4.47951 -12 3.32829
    endloop
  endfacet
  facet normal 0 -1 0
    outer loop
      vertex -6.36396 -12 6.36396
      vertex -4.5094 -12 3.26216
      vertex -4.49234 -12 3.30096
    endloop
  endfacet
  facet normal 0 -1 0
    outer loop
      vertex -6.36396 -12 6.36396
      vertex -4.57855 -12 3.10088
      vertex -4.5094 -12 3.26216
    endloop
  endfacet
  facet normal 0 -1 0
    outer loop
      vertex -4.65941 -12 2.91685
      vertex -4.57855 -12 3.10088
      vertex -6.36396 -12 6.36396
    endloop
  endfacet
  facet normal 0 -1 0
    outer loop
      vertex -4.57855 -12 3.10088
      vertex -4.65941 -12 2.91685
      vertex -4.6215 -12 2.99314
    endloop
  endfacet
  facet normal 0 -1 0
    outer loop
      vertex -6.36396 -12 6.36396
      vertex -4.72555 -12 2.77374
      vertex -4.65941 -12 2.91685
    endloop
  endfacet
  facet normal 0 -1 0
    outer loop
      vertex -6.36396 -12 6.36396
      vertex -4.73565 -12 2.75097
      vertex -4.72555 -12 2.77374
    endloop
  endfacet
  facet normal 0 -1 0
    outer loop
      vertex -4.84469 -12 2.53202
      vertex -4.73565 -12 2.75097
      vertex -6.36396 -12 6.36396
    endloop
  endfacet
  facet normal 0 -1 0
    outer loop
      vertex -4.73565 -12 2.75097
      vertex -4.84469 -12 2.53202
      vertex -4.74086 -12 2.73829
    endloop
  endfacet
  facet normal 0 -1 0
    outer loop
      vertex -6.36396 -12 6.36396
      vertex -4.8624 -12 2.49312
      vertex -4.84469 -12 2.53202
    endloop
  endfacet
  facet normal 0 -1 0
    outer loop
      vertex -6.36396 -12 6.36396
      vertex -4.92522 -12 2.36805
      vertex -4.8624 -12 2.49312
    endloop
  endfacet
  facet normal 0 -1 0
    outer loop
      vertex -6.36396 -12 6.36396
      vertex -4.93184 -12 2.35399
      vertex -4.92522 -12 2.36805
    endloop
  endfacet
  facet normal 0 -1 0
    outer loop
      vertex -6.36396 -12 6.36396
      vertex -5.01282 -12 2.17666
      vertex -4.93184 -12 2.35399
    endloop
  endfacet
  facet normal 0 -1 0
    outer loop
      vertex -6.36396 -12 6.36396
      vertex -5.08106 -12 2.01035
      vertex -5.01282 -12 2.17666
    endloop
  endfacet
  facet normal 0 -1 0
    outer loop
      vertex -9 -12 0
      vertex -5.08106 -12 2.01035
      vertex -6.36396 -12 6.36396
    endloop
  endfacet
  facet normal 0 -1 0
    outer loop
      vertex -5.08106 -12 2.01035
      vertex -9 -12 0
      vertex -5.09969 -12 1.96437
    endloop
  endfacet
  facet normal 0 -1 0
    outer loop
      vertex -5.09969 -12 1.96437
      vertex -9 -12 0
      vertex -5.16185 -12 1.79367
    endloop
  endfacet
  facet normal 0 -1 0
    outer loop
      vertex -5.16185 -12 1.79367
      vertex -9 -12 0
      vertex -5.18224 -12 1.73413
    endloop
  endfacet
  facet normal 0 -1 0
    outer loop
      vertex -5.18224 -12 1.73413
      vertex -9 -12 0
      vertex -5.23741 -12 1.56009
    endloop
  endfacet
  facet normal 0 -1 0
    outer loop
      vertex -5.23741 -12 1.56009
      vertex -9 -12 0
      vertex -5.25754 -12 1.48875
    endloop
  endfacet
  facet normal 0 -1 0
    outer loop
      vertex -5.25754 -12 1.48875
      vertex -9 -12 0
      vertex -5.30506 -12 1.31227
    endloop
  endfacet
  facet normal 0 -1 0
    outer loop
      vertex -5.30506 -12 1.31227
      vertex -9 -12 0
      vertex -5.32325 -12 1.23092
    endloop
  endfacet
  facet normal 0 -1 0
    outer loop
      vertex -5.32325 -12 1.23092
      vertex -9 -12 0
      vertex -5.3626 -12 1.05274
    endloop
  endfacet
  facet normal 0 -1 0
    outer loop
      vertex -5.3626 -12 1.05274
      vertex -9 -12 0
      vertex -5.39253 -12 0.879156
    endloop
  endfacet
  facet normal 0 -1 0
    outer loop
      vertex -5.39253 -12 0.879156
      vertex -9 -12 0
      vertex -5.40837 -12 0.784033
    endloop
  endfacet
  facet normal 0 -1 0
    outer loop
      vertex -5.40837 -12 0.784033
      vertex -9 -12 0
      vertex -5.43007 -12 0.608519
    endloop
  endfacet
  facet normal 0 -1 0
    outer loop
      vertex -5.43007 -12 0.608519
      vertex -9 -12 0
      vertex -5.4411 -12 0.508675
    endloop
  endfacet
  facet normal 0 -1 0
    outer loop
      vertex -5.4411 -12 0.508675
      vertex -9 -12 0
      vertex -5.45422 -12 0.331897
    endloop
  endfacet
  facet normal 0 -1 0
    outer loop
      vertex -5.45422 -12 0.331897
      vertex -9 -12 0
      vertex -5.45987 -12 0.22921
    endloop
  endfacet
  facet normal 0 -1 0
    outer loop
      vertex -5.45987 -12 0.22921
      vertex -9 -12 0
      vertex -5.46427 -12 0.051819
    endloop
  endfacet
  facet normal 0 -1 0
    outer loop
      vertex -9 -12 0
      vertex -5.46427 -12 -0.051819
      vertex -5.46427 -12 0.051819
    endloop
  endfacet
  facet normal 0 -1 0
    outer loop
      vertex -9 -12 0
      vertex -5.45987 -12 -0.22921
      vertex -5.46427 -12 -0.051819
    endloop
  endfacet
  facet normal 0 -1 0
    outer loop
      vertex -9 -12 0
      vertex -5.45422 -12 -0.331897
      vertex -5.45987 -12 -0.22921
    endloop
  endfacet
  facet normal 0 -1 0
    outer loop
      vertex -9 -12 0
      vertex -5.4411 -12 -0.508675
      vertex -5.45422 -12 -0.331897
    endloop
  endfacet
  facet normal 0 -1 0
    outer loop
      vertex -9 -12 0
      vertex -5.43007 -12 -0.608519
      vertex -5.4411 -12 -0.508675
    endloop
  endfacet
  facet normal 0 -1 0
    outer loop
      vertex -9 -12 0
      vertex -5.40837 -12 -0.784033
      vertex -5.43007 -12 -0.608519
    endloop
  endfacet
  facet normal 0 -1 0
    outer loop
      vertex -9 -12 0
      vertex -5.39253 -12 -0.879156
      vertex -5.40837 -12 -0.784033
    endloop
  endfacet
  facet normal 0 -1 0
    outer loop
      vertex -9 -12 0
      vertex -5.3626 -12 -1.05274
      vertex -5.39253 -12 -0.879156
    endloop
  endfacet
  facet normal 0 -1 0
    outer loop
      vertex -9 -12 0
      vertex -5.32325 -12 -1.23092
      vertex -5.3626 -12 -1.05274
    endloop
  endfacet
  facet normal 0 -1 0
    outer loop
      vertex -9 -12 0
      vertex -5.30506 -12 -1.31227
      vertex -5.32325 -12 -1.23092
    endloop
  endfacet
  facet normal 0 -1 0
    outer loop
      vertex -9 -12 0
      vertex -5.25754 -12 -1.48875
      vertex -5.30506 -12 -1.31227
    endloop
  endfacet
  facet normal 0 -1 0
    outer loop
      vertex -9 -12 0
      vertex -5.23741 -12 -1.56009
      vertex -5.25754 -12 -1.48875
    endloop
  endfacet
  facet normal 0 -1 0
    outer loop
      vertex -9 -12 0
      vertex -5.18224 -12 -1.73413
      vertex -5.23741 -12 -1.56009
    endloop
  endfacet
  facet normal 0 -1 0
    outer loop
      vertex -9 -12 0
      vertex -5.16185 -12 -1.79367
      vertex -5.18224 -12 -1.73413
    endloop
  endfacet
  facet normal 0 -1 0
    outer loop
      vertex -9 -12 0
      vertex -5.09969 -12 -1.96437
      vertex -5.16185 -12 -1.79367
    endloop
  endfacet
  facet normal 0 -1 0
    outer loop
      vertex -9 -12 0
      vertex -5.08106 -12 -2.01035
      vertex -5.09969 -12 -1.96437
    endloop
  endfacet
  facet normal 0 -1 0
    outer loop
      vertex -9 -12 0
      vertex -5.01282 -12 -2.17666
      vertex -5.08106 -12 -2.01035
    endloop
  endfacet
  facet normal 0 -1 0
    outer loop
      vertex -6.36396 -12 -6.36396
      vertex -5.01282 -12 -2.17666
      vertex -9 -12 0
    endloop
  endfacet
  facet normal 0 -1 -0
    outer loop
      vertex -5.01282 -12 -2.17666
      vertex -6.36396 -12 -6.36396
      vertex -4.93184 -12 -2.35399
    endloop
  endfacet
  facet normal 0 -1 -0
    outer loop
      vertex -4.93184 -12 -2.35399
      vertex -6.36396 -12 -6.36396
      vertex -4.92522 -12 -2.36805
    endloop
  endfacet
  facet normal 0 -1 -0
    outer loop
      vertex -4.92522 -12 -2.36805
      vertex -6.36396 -12 -6.36396
      vertex -4.8624 -12 -2.49312
    endloop
  endfacet
  facet normal 0 -1 -0
    outer loop
      vertex -4.8624 -12 -2.49312
      vertex -6.36396 -12 -6.36396
      vertex -4.84469 -12 -2.53202
    endloop
  endfacet
  facet normal 0 -1 -0
    outer loop
      vertex -4.84469 -12 -2.53202
      vertex -6.36396 -12 -6.36396
      vertex -4.74086 -12 -2.73829
    endloop
  endfacet
  facet normal 0 -1 -0
    outer loop
      vertex -4.74086 -12 -2.73829
      vertex -6.36396 -12 -6.36396
      vertex -4.72555 -12 -2.77374
    endloop
  endfacet
  facet normal 0 -1 -0
    outer loop
      vertex -4.72555 -12 -2.77374
      vertex -6.36396 -12 -6.36396
      vertex -4.6215 -12 -2.99314
    endloop
  endfacet
  facet normal 0 -1 -0
    outer loop
      vertex -4.6215 -12 -2.99314
      vertex -6.36396 -12 -6.36396
      vertex -4.5094 -12 -3.26216
    endloop
  endfacet
  facet normal 0 -1 -0
    outer loop
      vertex -4.5094 -12 -3.26216
      vertex -6.36396 -12 -6.36396
      vertex -4.47951 -12 -3.32829
    endloop
  endfacet
  facet normal 0 -1 -0
    outer loop
      vertex -4.47951 -12 -3.32829
      vertex -6.36396 -12 -6.36396
      vertex -4.40681 -12 -3.51664
    endloop
  endfacet
  facet normal 0 -1 -0
    outer loop
      vertex -4.40681 -12 -3.51664
      vertex -6.36396 -12 -6.36396
      vertex -4.34386 -12 -3.68124
    endloop
  endfacet
  facet normal 0 -1 -0
    outer loop
      vertex -4.34386 -12 -3.68124
      vertex -6.36396 -12 -6.36396
      vertex -4.32682 -12 -3.73135
    endloop
  endfacet
  facet normal 0 -1 0
    outer loop
      vertex 0 -12 -9
      vertex -4.32092 -12 -3.75
      vertex -6.36396 -12 -6.36396
    endloop
  endfacet
  facet normal 0 -1 -0
    outer loop
      vertex -4.32682 -12 -3.73135
      vertex -6.36396 -12 -6.36396
      vertex -4.32092 -12 -3.75
    endloop
  endfacet
  facet normal 0 -1 0
    outer loop
      vertex 0 -12 9
      vertex 4.32092 -12 3.75
      vertex 6.36396 -12 6.36396
    endloop
  endfacet
  facet normal 0 -1 0
    outer loop
      vertex 4.32682 -12 3.73135
      vertex 6.36396 -12 6.36396
      vertex 4.32092 -12 3.75
    endloop
  endfacet
  facet normal 0 -1 0
    outer loop
      vertex 4.34386 -12 3.68124
      vertex 6.36396 -12 6.36396
      vertex 4.32682 -12 3.73135
    endloop
  endfacet
  facet normal 0 -1 0
    outer loop
      vertex 4.40681 -12 3.51664
      vertex 6.36396 -12 6.36396
      vertex 4.34386 -12 3.68124
    endloop
  endfacet
  facet normal 0 -1 0
    outer loop
      vertex 4.47951 -12 3.32829
      vertex 6.36396 -12 6.36396
      vertex 4.40681 -12 3.51664
    endloop
  endfacet
  facet normal 0 -1 0
    outer loop
      vertex 4.5094 -12 3.26216
      vertex 6.36396 -12 6.36396
      vertex 4.47951 -12 3.32829
    endloop
  endfacet
  facet normal 0 -1 0
    outer loop
      vertex 4.6215 -12 2.99314
      vertex 6.36396 -12 6.36396
      vertex 4.5094 -12 3.26216
    endloop
  endfacet
  facet normal 0 -1 0
    outer loop
      vertex 4.72555 -12 2.77374
      vertex 6.36396 -12 6.36396
      vertex 4.6215 -12 2.99314
    endloop
  endfacet
  facet normal 0 -1 0
    outer loop
      vertex 4.74086 -12 2.73829
      vertex 6.36396 -12 6.36396
      vertex 4.72555 -12 2.77374
    endloop
  endfacet
  facet normal 0 -1 0
    outer loop
      vertex 4.84469 -12 2.53202
      vertex 6.36396 -12 6.36396
      vertex 4.74086 -12 2.73829
    endloop
  endfacet
  facet normal 0 -1 0
    outer loop
      vertex 4.8624 -12 2.49312
      vertex 6.36396 -12 6.36396
      vertex 4.84469 -12 2.53202
    endloop
  endfacet
  facet normal 0 -1 0
    outer loop
      vertex 4.92522 -12 2.36805
      vertex 6.36396 -12 6.36396
      vertex 4.8624 -12 2.49312
    endloop
  endfacet
  facet normal 0 -1 0
    outer loop
      vertex 4.93184 -12 2.35399
      vertex 6.36396 -12 6.36396
      vertex 4.92522 -12 2.36805
    endloop
  endfacet
  facet normal 0 -1 0
    outer loop
      vertex 5.01282 -12 2.17666
      vertex 6.36396 -12 6.36396
      vertex 4.93184 -12 2.35399
    endloop
  endfacet
  facet normal 0 -1 0
    outer loop
      vertex 5.08106 -12 2.01035
      vertex 6.36396 -12 6.36396
      vertex 5.01282 -12 2.17666
    endloop
  endfacet
  facet normal 0 -1 0
    outer loop
      vertex 9 -12 0
      vertex 5.08106 -12 2.01035
      vertex 5.09969 -12 1.96437
    endloop
  endfacet
  facet normal 0 -1 0
    outer loop
      vertex 9 -12 0
      vertex 5.09969 -12 1.96437
      vertex 5.16185 -12 1.79367
    endloop
  endfacet
  facet normal 0 -1 0
    outer loop
      vertex 9 -12 0
      vertex 5.16185 -12 1.79367
      vertex 5.18224 -12 1.73413
    endloop
  endfacet
  facet normal 0 -1 0
    outer loop
      vertex 9 -12 0
      vertex 5.18224 -12 1.73413
      vertex 5.23741 -12 1.56009
    endloop
  endfacet
  facet normal 0 -1 0
    outer loop
      vertex 9 -12 0
      vertex 5.23741 -12 1.56009
      vertex 5.25754 -12 1.48875
    endloop
  endfacet
  facet normal 0 -1 0
    outer loop
      vertex 9 -12 0
      vertex 5.25754 -12 1.48875
      vertex 5.30506 -12 1.31227
    endloop
  endfacet
  facet normal 0 -1 0
    outer loop
      vertex 9 -12 0
      vertex 5.30506 -12 1.31227
      vertex 5.32325 -12 1.23092
    endloop
  endfacet
  facet normal 0 -1 0
    outer loop
      vertex 9 -12 0
      vertex 5.32325 -12 1.23092
      vertex 5.3626 -12 1.05274
    endloop
  endfacet
  facet normal 0 -1 0
    outer loop
      vertex 9 -12 0
      vertex 5.3626 -12 1.05274
      vertex 5.39253 -12 0.879156
    endloop
  endfacet
  facet normal 0 -1 0
    outer loop
      vertex 9 -12 0
      vertex 5.39253 -12 0.879156
      vertex 5.40837 -12 0.784033
    endloop
  endfacet
  facet normal 0 -1 0
    outer loop
      vertex 9 -12 0
      vertex 5.40837 -12 0.784033
      vertex 5.43007 -12 0.608519
    endloop
  endfacet
  facet normal 0 -1 0
    outer loop
      vertex 9 -12 0
      vertex 5.43007 -12 0.608519
      vertex 5.4411 -12 0.508675
    endloop
  endfacet
  facet normal 0 -1 0
    outer loop
      vertex 9 -12 0
      vertex 5.4411 -12 0.508675
      vertex 5.45422 -12 0.331897
    endloop
  endfacet
  facet normal 0 -1 0
    outer loop
      vertex 9 -12 0
      vertex 5.45422 -12 0.331897
      vertex 5.45987 -12 0.22921
    endloop
  endfacet
  facet normal 0 -1 0
    outer loop
      vertex 9 -12 0
      vertex 5.45987 -12 0.22921
      vertex 5.46427 -12 0.051819
    endloop
  endfacet
  facet normal 0 -1 0
    outer loop
      vertex 5.08106 -12 2.01035
      vertex 9 -12 0
      vertex 6.36396 -12 6.36396
    endloop
  endfacet
  facet normal 0 -1 0
    outer loop
      vertex 5.46427 -12 -0.051819
      vertex 9 -12 0
      vertex 5.46427 -12 0.051819
    endloop
  endfacet
  facet normal 0 -1 0
    outer loop
      vertex 5.45987 -12 -0.22921
      vertex 9 -12 0
      vertex 5.46427 -12 -0.051819
    endloop
  endfacet
  facet normal 0 -1 0
    outer loop
      vertex 5.45422 -12 -0.331897
      vertex 9 -12 0
      vertex 5.45987 -12 -0.22921
    endloop
  endfacet
  facet normal 0 -1 0
    outer loop
      vertex 5.4411 -12 -0.508675
      vertex 9 -12 0
      vertex 5.45422 -12 -0.331897
    endloop
  endfacet
  facet normal 0 -1 0
    outer loop
      vertex 5.43007 -12 -0.608519
      vertex 9 -12 0
      vertex 5.4411 -12 -0.508675
    endloop
  endfacet
  facet normal 0 -1 0
    outer loop
      vertex 5.40837 -12 -0.784033
      vertex 9 -12 0
      vertex 5.43007 -12 -0.608519
    endloop
  endfacet
  facet normal 0 -1 0
    outer loop
      vertex 5.39253 -12 -0.879156
      vertex 9 -12 0
      vertex 5.40837 -12 -0.784033
    endloop
  endfacet
  facet normal 0 -1 0
    outer loop
      vertex 5.3626 -12 -1.05274
      vertex 9 -12 0
      vertex 5.39253 -12 -0.879156
    endloop
  endfacet
  facet normal 0 -1 0
    outer loop
      vertex 5.32325 -12 -1.23092
      vertex 9 -12 0
      vertex 5.3626 -12 -1.05274
    endloop
  endfacet
  facet normal 0 -1 0
    outer loop
      vertex 5.30506 -12 -1.31227
      vertex 9 -12 0
      vertex 5.32325 -12 -1.23092
    endloop
  endfacet
  facet normal 0 -1 0
    outer loop
      vertex 5.25754 -12 -1.48875
      vertex 9 -12 0
      vertex 5.30506 -12 -1.31227
    endloop
  endfacet
  facet normal 0 -1 0
    outer loop
      vertex 5.23741 -12 -1.56009
      vertex 9 -12 0
      vertex 5.25754 -12 -1.48875
    endloop
  endfacet
  facet normal 0 -1 0
    outer loop
      vertex 5.18224 -12 -1.73413
      vertex 9 -12 0
      vertex 5.23741 -12 -1.56009
    endloop
  endfacet
  facet normal 0 -1 0
    outer loop
      vertex 5.16185 -12 -1.79367
      vertex 9 -12 0
      vertex 5.18224 -12 -1.73413
    endloop
  endfacet
  facet normal 0 -1 0
    outer loop
      vertex 5.09969 -12 -1.96437
      vertex 9 -12 0
      vertex 5.16185 -12 -1.79367
    endloop
  endfacet
  facet normal 0 -1 0
    outer loop
      vertex 5.08106 -12 -2.01035
      vertex 9 -12 0
      vertex 5.09969 -12 -1.96437
    endloop
  endfacet
  facet normal 0 -1 0
    outer loop
      vertex 5.01282 -12 -2.17666
      vertex 9 -12 0
      vertex 5.08106 -12 -2.01035
    endloop
  endfacet
  facet normal 0 -1 0
    outer loop
      vertex 6.36396 -12 -6.36396
      vertex 5.01282 -12 -2.17666
      vertex 4.93184 -12 -2.35399
    endloop
  endfacet
  facet normal 0 -1 0
    outer loop
      vertex 6.36396 -12 -6.36396
      vertex 4.93184 -12 -2.35399
      vertex 4.92522 -12 -2.36805
    endloop
  endfacet
  facet normal 0 -1 0
    outer loop
      vertex 6.36396 -12 -6.36396
      vertex 4.92522 -12 -2.36805
      vertex 4.8624 -12 -2.49312
    endloop
  endfacet
  facet normal 0 -1 0
    outer loop
      vertex 6.36396 -12 -6.36396
      vertex 4.8624 -12 -2.49312
      vertex 4.84469 -12 -2.53202
    endloop
  endfacet
  facet normal 0 -1 0
    outer loop
      vertex 4.73565 -12 -2.75097
      vertex 4.84469 -12 -2.53202
      vertex 4.74086 -12 -2.73829
    endloop
  endfacet
  facet normal 0 -1 -0
    outer loop
      vertex 4.84469 -12 -2.53202
      vertex 4.73565 -12 -2.75097
      vertex 6.36396 -12 -6.36396
    endloop
  endfacet
  facet normal 0 -1 0
    outer loop
      vertex 6.36396 -12 -6.36396
      vertex 4.73565 -12 -2.75097
      vertex 4.72555 -12 -2.77374
    endloop
  endfacet
  facet normal 0 -1 0
    outer loop
      vertex 6.36396 -12 -6.36396
      vertex 4.72555 -12 -2.77374
      vertex 4.65941 -12 -2.91685
    endloop
  endfacet
  facet normal 0 -1 0
    outer loop
      vertex 4.57855 -12 -3.10088
      vertex 4.65941 -12 -2.91685
      vertex 4.6215 -12 -2.99314
    endloop
  endfacet
  facet normal 0 -1 -0
    outer loop
      vertex 4.65941 -12 -2.91685
      vertex 4.57855 -12 -3.10088
      vertex 6.36396 -12 -6.36396
    endloop
  endfacet
  facet normal 0 -1 0
    outer loop
      vertex 6.36396 -12 -6.36396
      vertex 4.57855 -12 -3.10088
      vertex 4.5094 -12 -3.26216
    endloop
  endfacet
  facet normal 0 -1 0
    outer loop
      vertex 6.36396 -12 -6.36396
      vertex 4.5094 -12 -3.26216
      vertex 4.49234 -12 -3.30096
    endloop
  endfacet
  facet normal 0 -1 0
    outer loop
      vertex 4.41531 -12 -3.50073
      vertex 4.49234 -12 -3.30096
      vertex 4.47951 -12 -3.32829
    endloop
  endfacet
  facet normal 0 -1 -0
    outer loop
      vertex 4.49234 -12 -3.30096
      vertex 4.41531 -12 -3.50073
      vertex 6.36396 -12 -6.36396
    endloop
  endfacet
  facet normal 0 -1 0
    outer loop
      vertex 6.36396 -12 -6.36396
      vertex 4.41531 -12 -3.50073
      vertex 4.34386 -12 -3.68124
    endloop
  endfacet
  facet normal 0 -1 0
    outer loop
      vertex 6.36396 -12 -6.36396
      vertex 4.34386 -12 -3.68124
      vertex 4.32682 -12 -3.73135
    endloop
  endfacet
  facet normal 0 -1 0
    outer loop
      vertex 6.36396 -12 -6.36396
      vertex 4.32682 -12 -3.73135
      vertex 4.32092 -12 -3.75
    endloop
  endfacet
  facet normal 0 -1 0
    outer loop
      vertex 5.01282 -12 -2.17666
      vertex 6.36396 -12 -6.36396
      vertex 9 -12 0
    endloop
  endfacet
  facet normal 0 -1 0
    outer loop
      vertex -4.32092 -12 -3.75
      vertex 0 -12 -9
      vertex 4.32092 -12 -3.75
    endloop
  endfacet
  facet normal 0 -1 -0
    outer loop
      vertex 4.32092 -12 -3.75
      vertex 0 -12 -9
      vertex 6.36396 -12 -6.36396
    endloop
  endfacet
  facet normal 0.923879 0 -0.382684
    outer loop
      vertex 9 -12 0
      vertex 6.36396 8 -6.36396
      vertex 9 8 0
    endloop
  endfacet
  facet normal 0.923879 0 -0.382684
    outer loop
      vertex 6.36396 8 -6.36396
      vertex 9 -12 0
      vertex 6.36396 -12 -6.36396
    endloop
  endfacet
  facet normal -0.923879 0 -0.382684
    outer loop
      vertex -6.36396 -12 -6.36396
      vertex -9 8 0
      vertex -6.36396 8 -6.36396
    endloop
  endfacet
  facet normal -0.923879 -0 -0.382684
    outer loop
      vertex -9 8 0
      vertex -6.36396 -12 -6.36396
      vertex -9 -12 0
    endloop
  endfacet
  facet normal 0.382684 0 -0.923879
    outer loop
      vertex 0 -12 -9
      vertex 6.36396 8 -6.36396
      vertex 6.36396 -12 -6.36396
    endloop
  endfacet
  facet normal 0.382684 0 -0.923879
    outer loop
      vertex 6.36396 8 -6.36396
      vertex 0 -12 -9
      vertex 0 8 -9
    endloop
  endfacet
  facet normal 0 1 -0
    outer loop
      vertex 3.52184 8 6.1
      vertex 0 8 9
      vertex 6.36396 8 6.36396
    endloop
  endfacet
  facet normal 0 1 0
    outer loop
      vertex -3.52184 8 6.1
      vertex 0 8 9
      vertex 3.52184 8 6.1
    endloop
  endfacet
  facet normal 0 1 -0
    outer loop
      vertex 7.04367 8 0
      vertex 6.36396 8 6.36396
      vertex 9 8 0
    endloop
  endfacet
  facet normal 0 1 0
    outer loop
      vertex 6.36396 8 6.36396
      vertex 7.04367 8 0
      vertex 3.52184 8 6.1
    endloop
  endfacet
  facet normal 0 1 0
    outer loop
      vertex 6.36396 8 -6.36396
      vertex 7.04367 8 0
      vertex 9 8 0
    endloop
  endfacet
  facet normal 0 1 0
    outer loop
      vertex 0 8 -9
      vertex 3.52184 8 -6.1
      vertex 6.36396 8 -6.36396
    endloop
  endfacet
  facet normal 0 1 0
    outer loop
      vertex 7.04367 8 0
      vertex 6.36396 8 -6.36396
      vertex 3.52184 8 -6.1
    endloop
  endfacet
  facet normal 0 1 0
    outer loop
      vertex 0 8 9
      vertex -3.52184 8 6.1
      vertex -6.36396 8 6.36396
    endloop
  endfacet
  facet normal 0 1 0
    outer loop
      vertex -7.04367 8 0
      vertex -6.36396 8 6.36396
      vertex -3.52184 8 6.1
    endloop
  endfacet
  facet normal 0 1 -0
    outer loop
      vertex -7.04367 8 0
      vertex -9 8 0
      vertex -6.36396 8 6.36396
    endloop
  endfacet
  facet normal 0 1 -0
    outer loop
      vertex -6.36396 8 -6.36396
      vertex -7.04367 8 0
      vertex -3.52184 8 -6.1
    endloop
  endfacet
  facet normal 0 1 0
    outer loop
      vertex -7.04367 8 0
      vertex -6.36396 8 -6.36396
      vertex -9 8 0
    endloop
  endfacet
  facet normal 0 1 0
    outer loop
      vertex 3.52184 8 -6.1
      vertex 0 8 -9
      vertex -3.52184 8 -6.1
    endloop
  endfacet
  facet normal 0 1 0
    outer loop
      vertex -3.52184 8 -6.1
      vertex 0 8 -9
      vertex -6.36396 8 -6.36396
    endloop
  endfacet
  facet normal -0.382684 0 -0.923879
    outer loop
      vertex -6.36396 -12 -6.36396
      vertex 0 8 -9
      vertex 0 -12 -9
    endloop
  endfacet
  facet normal -0.382684 0 -0.923879
    outer loop
      vertex 0 8 -9
      vertex -6.36396 -12 -6.36396
      vertex -6.36396 8 -6.36396
    endloop
  endfacet
  facet normal 0.382693 -1.18193e-05 0.923876
    outer loop
      vertex 1.68546 3.7781 8.30186
      vertex 6.36396 8 6.36396
      vertex 1.7 4 8.29584
    endloop
  endfacet
  facet normal 0.382676 1.05621e-05 0.923882
    outer loop
      vertex 6.36396 8 6.36396
      vertex 1.68546 4.22189 8.30186
      vertex 1.7 4 8.29584
    endloop
  endfacet
  facet normal 0.382677 1.00134e-05 0.923882
    outer loop
      vertex 6.36396 8 6.36396
      vertex 1.64207 4.43999 8.31983
      vertex 1.68546 4.22189 8.30186
    endloop
  endfacet
  facet normal 0.382688 -7.08416e-06 0.923878
    outer loop
      vertex 6.36396 8 6.36396
      vertex 1.57059 4.65056 8.34944
      vertex 1.64207 4.43999 8.31983
    endloop
  endfacet
  facet normal 0.382688 -7.14129e-06 0.923878
    outer loop
      vertex 6.36396 8 6.36396
      vertex 1.47224 4.85 8.39018
      vertex 1.57059 4.65056 8.34944
    endloop
  endfacet
  facet normal 0.38268 7.07519e-06 0.923881
    outer loop
      vertex 6.36396 8 6.36396
      vertex 1.3487 5.03489 8.44135
      vertex 1.47224 4.85 8.39018
    endloop
  endfacet
  facet normal 0.38268 7.38817e-06 0.923881
    outer loop
      vertex 6.36396 8 6.36396
      vertex 1.20208 5.20208 8.50208
      vertex 1.3487 5.03489 8.44135
    endloop
  endfacet
  facet normal 0.382679 9.12309e-06 0.923881
    outer loop
      vertex 6.36396 8 6.36396
      vertex 1.03489 5.3487 8.57133
      vertex 1.20208 5.20208 8.50208
    endloop
  endfacet
  facet normal 0.382684 -1.4947e-06 0.923879
    outer loop
      vertex 0 8 9
      vertex 1.03489 5.3487 8.57133
      vertex 6.36396 8 6.36396
    endloop
  endfacet
  facet normal 0.382715 1.27486e-05 0.923867
    outer loop
      vertex 1.03489 5.3487 8.57133
      vertex 0 8 9
      vertex 0.849999 5.47224 8.64792
    endloop
  endfacet
  facet normal 0.382684 6.29088e-07 0.923879
    outer loop
      vertex 0.849999 5.47224 8.64792
      vertex 0 8 9
      vertex 0.650561 5.57059 8.73053
    endloop
  endfacet
  facet normal 0.382681 -1.94707e-07 0.92388
    outer loop
      vertex 0.650561 5.57059 8.73053
      vertex 0 8 9
      vertex 0.439992 5.64207 8.81775
    endloop
  endfacet
  facet normal 0.382687 9.642e-07 0.923878
    outer loop
      vertex 0.439992 5.64207 8.81775
      vertex 0 8 9
      vertex 0.221894 5.68546 8.90809
    endloop
  endfacet
  facet normal 0.382678 0 0.923882
    outer loop
      vertex 0.221894 5.68546 8.90809
      vertex 0 8 9
      vertex 0 5.7 9
    endloop
  endfacet
  facet normal 0.382695 -1.41658e-05 0.923875
    outer loop
      vertex 1.64207 3.56001 8.31983
      vertex 6.36396 8 6.36396
      vertex 1.68546 3.7781 8.30186
    endloop
  endfacet
  facet normal 0.382673 1.30687e-05 0.923884
    outer loop
      vertex 1.57059 3.34944 8.34944
      vertex 6.36396 8 6.36396
      vertex 1.64207 3.56001 8.31983
    endloop
  endfacet
  facet normal 0.382668 1.84104e-05 0.923886
    outer loop
      vertex 1.47224 3.15 8.39018
      vertex 6.36396 8 6.36396
      vertex 1.57059 3.34944 8.34944
    endloop
  endfacet
  facet normal 0.382684 0 0.923879
    outer loop
      vertex 6.36396 8 6.36396
      vertex 1.47224 3.15 8.39018
      vertex 6.36396 -12 6.36396
    endloop
  endfacet
  facet normal 0.382675 -3.29688e-06 0.923883
    outer loop
      vertex 1.3487 2.96511 8.44135
      vertex 6.36396 -12 6.36396
      vertex 1.47224 3.15 8.39018
    endloop
  endfacet
  facet normal 0.382676 -3.10186e-06 0.923883
    outer loop
      vertex 1.20208 2.79792 8.50208
      vertex 6.36396 -12 6.36396
      vertex 1.3487 2.96511 8.44135
    endloop
  endfacet
  facet normal 0.382675 -3.45796e-06 0.923883
    outer loop
      vertex 1.03489 2.6513 8.57133
      vertex 6.36396 -12 6.36396
      vertex 1.20208 2.79792 8.50208
    endloop
  endfacet
  facet normal 0.382703 8.40248e-06 0.923872
    outer loop
      vertex 0.849999 2.52776 8.64792
      vertex 6.36396 -12 6.36396
      vertex 1.03489 2.6513 8.57133
    endloop
  endfacet
  facet normal 0.382684 -2.58571e-08 0.923879
    outer loop
      vertex 0.650561 2.4294 8.73053
      vertex 6.36396 -12 6.36396
      vertex 0.849999 2.52776 8.64792
    endloop
  endfacet
  facet normal 0.382681 3.0265e-08 0.92388
    outer loop
      vertex 0 -12 9
      vertex 0.650561 2.4294 8.73053
      vertex 0.439992 2.35793 8.81775
    endloop
  endfacet
  facet normal 0.382687 -1.53403e-07 0.923878
    outer loop
      vertex 0 -12 9
      vertex 0.439992 2.35793 8.81775
      vertex 0.221894 2.31454 8.90809
    endloop
  endfacet
  facet normal 0.382678 -0 0.923882
    outer loop
      vertex 0 -12 9
      vertex 0.221894 2.31454 8.90809
      vertex 0 2.3 9
    endloop
  endfacet
  facet normal 0.382684 -8.56916e-08 0.923879
    outer loop
      vertex 0.650561 2.4294 8.73053
      vertex 0 -12 9
      vertex 6.36396 -12 6.36396
    endloop
  endfacet
  facet normal -0.923879 0 0.382684
    outer loop
      vertex -9 -12 0
      vertex -6.36396 8 6.36396
      vertex -9 8 0
    endloop
  endfacet
  facet normal -0.923879 0 0.382684
    outer loop
      vertex -6.36396 8 6.36396
      vertex -9 -12 0
      vertex -6.36396 -12 6.36396
    endloop
  endfacet
  facet normal -0.382678 0 0.923882
    outer loop
      vertex 0 8 9
      vertex -0.221894 5.68546 8.90809
      vertex 0 5.7 9
    endloop
  endfacet
  facet normal -0.382687 9.642e-07 0.923878
    outer loop
      vertex 0 8 9
      vertex -0.439992 5.64207 8.81775
      vertex -0.221894 5.68546 8.90809
    endloop
  endfacet
  facet normal -0.382681 -1.94707e-07 0.92388
    outer loop
      vertex 0 8 9
      vertex -0.650561 5.57059 8.73053
      vertex -0.439992 5.64207 8.81775
    endloop
  endfacet
  facet normal -0.382684 6.29088e-07 0.923879
    outer loop
      vertex 0 8 9
      vertex -0.849999 5.47224 8.64792
      vertex -0.650561 5.57059 8.73053
    endloop
  endfacet
  facet normal -0.382715 1.27486e-05 0.923867
    outer loop
      vertex 0 8 9
      vertex -1.03489 5.3487 8.57133
      vertex -0.849999 5.47224 8.64792
    endloop
  endfacet
  facet normal -0.382684 -1.4947e-06 0.923879
    outer loop
      vertex -6.36396 8 6.36396
      vertex -1.03489 5.3487 8.57133
      vertex 0 8 9
    endloop
  endfacet
  facet normal -0.382679 9.12309e-06 0.923881
    outer loop
      vertex -1.03489 5.3487 8.57133
      vertex -6.36396 8 6.36396
      vertex -1.20208 5.20208 8.50208
    endloop
  endfacet
  facet normal -0.38268 7.38817e-06 0.923881
    outer loop
      vertex -1.20208 5.20208 8.50208
      vertex -6.36396 8 6.36396
      vertex -1.3487 5.03489 8.44135
    endloop
  endfacet
  facet normal -0.38268 7.07519e-06 0.923881
    outer loop
      vertex -1.3487 5.03489 8.44135
      vertex -6.36396 8 6.36396
      vertex -1.47224 4.85 8.39018
    endloop
  endfacet
  facet normal -0.382676 1.05621e-05 0.923882
    outer loop
      vertex -1.68546 4.22189 8.30186
      vertex -6.36396 8 6.36396
      vertex -1.7 4 8.29584
    endloop
  endfacet
  facet normal -0.382677 1.00134e-05 0.923882
    outer loop
      vertex -1.64207 4.43999 8.31983
      vertex -6.36396 8 6.36396
      vertex -1.68546 4.22189 8.30186
    endloop
  endfacet
  facet normal -0.382688 -7.08416e-06 0.923878
    outer loop
      vertex -1.57059 4.65056 8.34944
      vertex -6.36396 8 6.36396
      vertex -1.64207 4.43999 8.31983
    endloop
  endfacet
  facet normal -0.382688 -7.14129e-06 0.923878
    outer loop
      vertex -1.47224 4.85 8.39018
      vertex -6.36396 8 6.36396
      vertex -1.57059 4.65056 8.34944
    endloop
  endfacet
  facet normal -0.382678 0 0.923882
    outer loop
      vertex -0.221894 2.31454 8.90809
      vertex 0 -12 9
      vertex 0 2.3 9
    endloop
  endfacet
  facet normal -0.382687 -1.53403e-07 0.923878
    outer loop
      vertex -0.439992 2.35793 8.81775
      vertex 0 -12 9
      vertex -0.221894 2.31454 8.90809
    endloop
  endfacet
  facet normal -0.382681 3.0265e-08 0.92388
    outer loop
      vertex -0.650561 2.4294 8.73053
      vertex 0 -12 9
      vertex -0.439992 2.35793 8.81775
    endloop
  endfacet
  facet normal -0.382684 -2.58571e-08 0.923879
    outer loop
      vertex -6.36396 -12 6.36396
      vertex -0.650561 2.4294 8.73053
      vertex -0.849999 2.52776 8.64792
    endloop
  endfacet
  facet normal -0.382703 8.40248e-06 0.923872
    outer loop
      vertex -6.36396 -12 6.36396
      vertex -0.849999 2.52776 8.64792
      vertex -1.03489 2.6513 8.57133
    endloop
  endfacet
  facet normal -0.382675 -3.45796e-06 0.923883
    outer loop
      vertex -6.36396 -12 6.36396
      vertex -1.03489 2.6513 8.57133
      vertex -1.20208 2.79792 8.50208
    endloop
  endfacet
  facet normal -0.382676 -3.10186e-06 0.923883
    outer loop
      vertex -6.36396 -12 6.36396
      vertex -1.20208 2.79792 8.50208
      vertex -1.3487 2.96511 8.44135
    endloop
  endfacet
  facet normal -0.382675 -3.29688e-06 0.923883
    outer loop
      vertex -6.36396 -12 6.36396
      vertex -1.3487 2.96511 8.44135
      vertex -1.47224 3.15 8.39018
    endloop
  endfacet
  facet normal -0.382668 1.84104e-05 0.923886
    outer loop
      vertex -6.36396 8 6.36396
      vertex -1.47224 3.15 8.39018
      vertex -1.57059 3.34944 8.34944
    endloop
  endfacet
  facet normal -0.382673 1.30687e-05 0.923884
    outer loop
      vertex -6.36396 8 6.36396
      vertex -1.57059 3.34944 8.34944
      vertex -1.64207 3.56001 8.31983
    endloop
  endfacet
  facet normal -0.382695 -1.41658e-05 0.923875
    outer loop
      vertex -6.36396 8 6.36396
      vertex -1.64207 3.56001 8.31983
      vertex -1.68546 3.7781 8.30186
    endloop
  endfacet
  facet normal -0.382693 -1.18193e-05 0.923876
    outer loop
      vertex -6.36396 8 6.36396
      vertex -1.68546 3.7781 8.30186
      vertex -1.7 4 8.29584
    endloop
  endfacet
  facet normal -0.382684 0 0.923879
    outer loop
      vertex -1.47224 3.15 8.39018
      vertex -6.36396 8 6.36396
      vertex -6.36396 -12 6.36396
    endloop
  endfacet
  facet normal -0.382684 -8.56916e-08 0.923879
    outer loop
      vertex -0.650561 2.4294 8.73053
      vertex -6.36396 -12 6.36396
      vertex 0 -12 9
    endloop
  endfacet
  facet normal 0.923879 -0 0.382684
    outer loop
      vertex 6.36396 -12 6.36396
      vertex 9 8 0
      vertex 6.36396 8 6.36396
    endloop
  endfacet
  facet normal 0.923879 0 0.382684
    outer loop
      vertex 9 8 0
      vertex 6.36396 -12 6.36396
      vertex 9 -12 0
    endloop
  endfacet
  facet normal -0.866026 0 0.499999
    outer loop
      vertex 3.52184 2 -6.1
      vertex 7.04367 8 0
      vertex 3.52184 8 -6.1
    endloop
  endfacet
  facet normal -0.866026 0 0.499999
    outer loop
      vertex 7.04367 8 0
      vertex 3.52184 2 -6.1
      vertex 7.04367 2 0
    endloop
  endfacet
  facet normal 0.866026 -0 0.499999
    outer loop
      vertex -7.04367 2 0
      vertex -3.52184 8 -6.1
      vertex -7.04367 8 0
    endloop
  endfacet
  facet normal 0.866026 0 0.499999
    outer loop
      vertex -3.52184 8 -6.1
      vertex -7.04367 2 0
      vertex -3.52184 2 -6.1
    endloop
  endfacet
  facet normal -0 0 1
    outer loop
      vertex -3.52184 8 -6.1
      vertex 3.52184 2 -6.1
      vertex 3.52184 8 -6.1
    endloop
  endfacet
  facet normal 0 0 1
    outer loop
      vertex 3.52184 2 -6.1
      vertex -3.52184 8 -6.1
      vertex -3.52184 2 -6.1
    endloop
  endfacet
  facet normal 0.866026 0 -0.499999
    outer loop
      vertex -3.52184 2 6.1
      vertex -7.04367 8 0
      vertex -3.52184 8 6.1
    endloop
  endfacet
  facet normal 0.866026 0 -0.499999
    outer loop
      vertex -7.04367 8 0
      vertex -3.52184 2 6.1
      vertex -7.04367 2 0
    endloop
  endfacet
  facet normal -0.866026 0 -0.499999
    outer loop
      vertex 7.04367 2 0
      vertex 3.52184 8 6.1
      vertex 7.04367 8 0
    endloop
  endfacet
  facet normal -0.866026 -0 -0.499999
    outer loop
      vertex 3.52184 8 6.1
      vertex 7.04367 2 0
      vertex 3.52184 2 6.1
    endloop
  endfacet
  facet normal 0 1 0
    outer loop
      vertex 7.04367 2 0
      vertex -3.52184 2 6.1
      vertex 3.52184 2 6.1
    endloop
  endfacet
  facet normal 0 1 0
    outer loop
      vertex 7.04367 2 0
      vertex -7.04367 2 0
      vertex -3.52184 2 6.1
    endloop
  endfacet
  facet normal 0 1 -0
    outer loop
      vertex 3.52184 2 -6.1
      vertex -7.04367 2 0
      vertex 7.04367 2 0
    endloop
  endfacet
  facet normal 0 1 0
    outer loop
      vertex -7.04367 2 0
      vertex 3.52184 2 -6.1
      vertex -3.52184 2 -6.1
    endloop
  endfacet
  facet normal 0 0 -1
    outer loop
      vertex 1.68546 4.22189 6.1
      vertex 3.52184 2 6.1
      vertex 1.7 4 6.1
    endloop
  endfacet
  facet normal 0 0 -1
    outer loop
      vertex 3.52184 2 6.1
      vertex 1.68546 3.7781 6.1
      vertex 1.7 4 6.1
    endloop
  endfacet
  facet normal 0 0 -1
    outer loop
      vertex 3.52184 2 6.1
      vertex 1.64207 3.56001 6.1
      vertex 1.68546 3.7781 6.1
    endloop
  endfacet
  facet normal 0 0 -1
    outer loop
      vertex 3.52184 2 6.1
      vertex 1.57059 3.34944 6.1
      vertex 1.64207 3.56001 6.1
    endloop
  endfacet
  facet normal 0 0 -1
    outer loop
      vertex 3.52184 2 6.1
      vertex 1.47224 3.15 6.1
      vertex 1.57059 3.34944 6.1
    endloop
  endfacet
  facet normal 0 0 -1
    outer loop
      vertex 3.52184 2 6.1
      vertex 1.3487 2.96511 6.1
      vertex 1.47224 3.15 6.1
    endloop
  endfacet
  facet normal 0 0 -1
    outer loop
      vertex 3.52184 2 6.1
      vertex 1.20208 2.79792 6.1
      vertex 1.3487 2.96511 6.1
    endloop
  endfacet
  facet normal 0 0 -1
    outer loop
      vertex 3.52184 2 6.1
      vertex 1.03489 2.6513 6.1
      vertex 1.20208 2.79792 6.1
    endloop
  endfacet
  facet normal 0 0 -1
    outer loop
      vertex 3.52184 2 6.1
      vertex 0.849999 2.52776 6.1
      vertex 1.03489 2.6513 6.1
    endloop
  endfacet
  facet normal 0 0 -1
    outer loop
      vertex 3.52184 2 6.1
      vertex 0.650561 2.4294 6.1
      vertex 0.849999 2.52776 6.1
    endloop
  endfacet
  facet normal 0 0 -1
    outer loop
      vertex 3.52184 2 6.1
      vertex 0.439992 2.35793 6.1
      vertex 0.650561 2.4294 6.1
    endloop
  endfacet
  facet normal 0 0 -1
    outer loop
      vertex 3.52184 2 6.1
      vertex 0.221894 2.31454 6.1
      vertex 0.439992 2.35793 6.1
    endloop
  endfacet
  facet normal 0 0 -1
    outer loop
      vertex 3.52184 2 6.1
      vertex 0 2.3 6.1
      vertex 0.221894 2.31454 6.1
    endloop
  endfacet
  facet normal 0 0 -1
    outer loop
      vertex -3.52184 2 6.1
      vertex 0 2.3 6.1
      vertex 3.52184 2 6.1
    endloop
  endfacet
  facet normal -0 0 -1
    outer loop
      vertex -1.68546 3.7781 6.1
      vertex -3.52184 2 6.1
      vertex -1.7 4 6.1
    endloop
  endfacet
  facet normal -0 0 -1
    outer loop
      vertex -1.64207 3.56001 6.1
      vertex -3.52184 2 6.1
      vertex -1.68546 3.7781 6.1
    endloop
  endfacet
  facet normal -0 0 -1
    outer loop
      vertex -1.57059 3.34944 6.1
      vertex -3.52184 2 6.1
      vertex -1.64207 3.56001 6.1
    endloop
  endfacet
  facet normal -0 0 -1
    outer loop
      vertex -1.47224 3.15 6.1
      vertex -3.52184 2 6.1
      vertex -1.57059 3.34944 6.1
    endloop
  endfacet
  facet normal -0 0 -1
    outer loop
      vertex -1.3487 2.96511 6.1
      vertex -3.52184 2 6.1
      vertex -1.47224 3.15 6.1
    endloop
  endfacet
  facet normal -0 0 -1
    outer loop
      vertex -1.20208 2.79792 6.1
      vertex -3.52184 2 6.1
      vertex -1.3487 2.96511 6.1
    endloop
  endfacet
  facet normal -0 0 -1
    outer loop
      vertex -1.03489 2.6513 6.1
      vertex -3.52184 2 6.1
      vertex -1.20208 2.79792 6.1
    endloop
  endfacet
  facet normal -0 0 -1
    outer loop
      vertex -0.849999 2.52776 6.1
      vertex -3.52184 2 6.1
      vertex -1.03489 2.6513 6.1
    endloop
  endfacet
  facet normal -0 0 -1
    outer loop
      vertex -0.650561 2.4294 6.1
      vertex -3.52184 2 6.1
      vertex -0.849999 2.52776 6.1
    endloop
  endfacet
  facet normal -0 0 -1
    outer loop
      vertex -0.439992 2.35793 6.1
      vertex -3.52184 2 6.1
      vertex -0.650561 2.4294 6.1
    endloop
  endfacet
  facet normal -0 0 -1
    outer loop
      vertex -0.221894 2.31454 6.1
      vertex -3.52184 2 6.1
      vertex -0.439992 2.35793 6.1
    endloop
  endfacet
  facet normal -0 0 -1
    outer loop
      vertex 0 2.3 6.1
      vertex -3.52184 2 6.1
      vertex -0.221894 2.31454 6.1
    endloop
  endfacet
  facet normal 0 0 -1
    outer loop
      vertex 3.52184 2 6.1
      vertex 1.68546 4.22189 6.1
      vertex 3.52184 8 6.1
    endloop
  endfacet
  facet normal 0 0 -1
    outer loop
      vertex 1.64207 4.43999 6.1
      vertex 3.52184 8 6.1
      vertex 1.68546 4.22189 6.1
    endloop
  endfacet
  facet normal 0 0 -1
    outer loop
      vertex 1.57059 4.65056 6.1
      vertex 3.52184 8 6.1
      vertex 1.64207 4.43999 6.1
    endloop
  endfacet
  facet normal 0 0 -1
    outer loop
      vertex 1.47224 4.85 6.1
      vertex 3.52184 8 6.1
      vertex 1.57059 4.65056 6.1
    endloop
  endfacet
  facet normal 0 0 -1
    outer loop
      vertex 1.3487 5.03489 6.1
      vertex 3.52184 8 6.1
      vertex 1.47224 4.85 6.1
    endloop
  endfacet
  facet normal 0 0 -1
    outer loop
      vertex 1.20208 5.20208 6.1
      vertex 3.52184 8 6.1
      vertex 1.3487 5.03489 6.1
    endloop
  endfacet
  facet normal 0 0 -1
    outer loop
      vertex 1.03489 5.3487 6.1
      vertex 3.52184 8 6.1
      vertex 1.20208 5.20208 6.1
    endloop
  endfacet
  facet normal 0 0 -1
    outer loop
      vertex 0.849999 5.47224 6.1
      vertex 3.52184 8 6.1
      vertex 1.03489 5.3487 6.1
    endloop
  endfacet
  facet normal 0 0 -1
    outer loop
      vertex 0.650561 5.57059 6.1
      vertex 3.52184 8 6.1
      vertex 0.849999 5.47224 6.1
    endloop
  endfacet
  facet normal 0 0 -1
    outer loop
      vertex 0.439992 5.64207 6.1
      vertex 3.52184 8 6.1
      vertex 0.650561 5.57059 6.1
    endloop
  endfacet
  facet normal 0 0 -1
    outer loop
      vertex 0.221894 5.68546 6.1
      vertex 3.52184 8 6.1
      vertex 0.439992 5.64207 6.1
    endloop
  endfacet
  facet normal 0 0 -1
    outer loop
      vertex 0 5.7 6.1
      vertex 3.52184 8 6.1
      vertex 0.221894 5.68546 6.1
    endloop
  endfacet
  facet normal 0 0 -1
    outer loop
      vertex -3.52184 8 6.1
      vertex 0 5.7 6.1
      vertex -0.221894 5.68546 6.1
    endloop
  endfacet
  facet normal 0 0 -1
    outer loop
      vertex -3.52184 8 6.1
      vertex -0.221894 5.68546 6.1
      vertex -0.439992 5.64207 6.1
    endloop
  endfacet
  facet normal 0 0 -1
    outer loop
      vertex -3.52184 8 6.1
      vertex -0.439992 5.64207 6.1
      vertex -0.650561 5.57059 6.1
    endloop
  endfacet
  facet normal 0 0 -1
    outer loop
      vertex -3.52184 8 6.1
      vertex -0.650561 5.57059 6.1
      vertex -0.849999 5.47224 6.1
    endloop
  endfacet
  facet normal 0 0 -1
    outer loop
      vertex -3.52184 2 6.1
      vertex -1.68546 4.22189 6.1
      vertex -1.7 4 6.1
    endloop
  endfacet
  facet normal 0 0 -1
    outer loop
      vertex -3.52184 2 6.1
      vertex -1.64207 4.43999 6.1
      vertex -1.68546 4.22189 6.1
    endloop
  endfacet
  facet normal 0 0 -1
    outer loop
      vertex -3.52184 8 6.1
      vertex -1.64207 4.43999 6.1
      vertex -3.52184 2 6.1
    endloop
  endfacet
  facet normal 0 0 -1
    outer loop
      vertex -1.64207 4.43999 6.1
      vertex -3.52184 8 6.1
      vertex -1.57059 4.65056 6.1
    endloop
  endfacet
  facet normal 0 0 -1
    outer loop
      vertex -1.57059 4.65056 6.1
      vertex -3.52184 8 6.1
      vertex -1.47224 4.85 6.1
    endloop
  endfacet
  facet normal 0 0 -1
    outer loop
      vertex 0 5.7 6.1
      vertex -3.52184 8 6.1
      vertex 3.52184 8 6.1
    endloop
  endfacet
  facet normal 0 0 -1
    outer loop
      vertex -1.03489 5.3487 6.1
      vertex -3.52184 8 6.1
      vertex -0.849999 5.47224 6.1
    endloop
  endfacet
  facet normal 0 0 -1
    outer loop
      vertex -1.20208 5.20208 6.1
      vertex -3.52184 8 6.1
      vertex -1.03489 5.3487 6.1
    endloop
  endfacet
  facet normal 0 0 -1
    outer loop
      vertex -1.3487 5.03489 6.1
      vertex -3.52184 8 6.1
      vertex -1.20208 5.20208 6.1
    endloop
  endfacet
  facet normal 0 0 -1
    outer loop
      vertex -1.47224 4.85 6.1
      vertex -3.52184 8 6.1
      vertex -1.3487 5.03489 6.1
    endloop
  endfacet
  facet normal -0.99786 -0.0653877 -0
    outer loop
      vertex 1.7 4 8.29584
      vertex 1.68546 4.22189 6.1
      vertex 1.7 4 6.1
    endloop
  endfacet
  facet normal -0.99786 -0.0653877 0
    outer loop
      vertex 1.68546 4.22189 6.1
      vertex 1.7 4 8.29584
      vertex 1.68546 4.22189 8.30186
    endloop
  endfacet
  facet normal 0.0653866 -0.99786 0
    outer loop
      vertex 0 5.7 6.1
      vertex -0.221894 5.68546 8.90809
      vertex -0.221894 5.68546 6.1
    endloop
  endfacet
  facet normal 0.0653866 -0.99786 0
    outer loop
      vertex -0.221894 5.68546 8.90809
      vertex 0 5.7 6.1
      vertex 0 5.7 9
    endloop
  endfacet
  facet normal -0.0653866 0.99786 0
    outer loop
      vertex 0 2.3 6.1
      vertex 0.221894 2.31454 8.90809
      vertex 0.221894 2.31454 6.1
    endloop
  endfacet
  facet normal -0.0653866 0.99786 0
    outer loop
      vertex 0.221894 2.31454 8.90809
      vertex 0 2.3 6.1
      vertex 0 2.3 9
    endloop
  endfacet
  facet normal -0.751844 0.659342 0
    outer loop
      vertex 1.20208 2.79792 6.1
      vertex 1.3487 2.96511 8.44135
      vertex 1.3487 2.96511 6.1
    endloop
  endfacet
  facet normal -0.751844 0.659342 0
    outer loop
      vertex 1.3487 2.96511 8.44135
      vertex 1.20208 2.79792 6.1
      vertex 1.20208 2.79792 8.50208
    endloop
  endfacet
  facet normal -0.659342 -0.751844 0
    outer loop
      vertex 1.03489 5.3487 6.1
      vertex 1.20208 5.20208 8.50208
      vertex 1.03489 5.3487 8.57133
    endloop
  endfacet
  facet normal -0.659342 -0.751844 -0
    outer loop
      vertex 1.20208 5.20208 8.50208
      vertex 1.03489 5.3487 6.1
      vertex 1.20208 5.20208 6.1
    endloop
  endfacet
  facet normal 0.751844 -0.659342 0
    outer loop
      vertex -1.3487 5.03489 8.44135
      vertex -1.20208 5.20208 6.1
      vertex -1.20208 5.20208 8.50208
    endloop
  endfacet
  facet normal 0.751844 -0.659342 0
    outer loop
      vertex -1.20208 5.20208 6.1
      vertex -1.3487 5.03489 8.44135
      vertex -1.3487 5.03489 6.1
    endloop
  endfacet
  facet normal 0.442282 -0.896876 0
    outer loop
      vertex -0.650561 5.57059 6.1
      vertex -0.849999 5.47224 8.64792
      vertex -0.849999 5.47224 6.1
    endloop
  endfacet
  facet normal 0.442282 -0.896876 0
    outer loop
      vertex -0.849999 5.47224 8.64792
      vertex -0.650561 5.57059 6.1
      vertex -0.650561 5.57059 8.73053
    endloop
  endfacet
  facet normal -0.896878 -0.442278 -0
    outer loop
      vertex 1.57059 4.65056 8.34944
      vertex 1.47224 4.85 6.1
      vertex 1.57059 4.65056 6.1
    endloop
  endfacet
  facet normal -0.896878 -0.442278 0
    outer loop
      vertex 1.47224 4.85 6.1
      vertex 1.57059 4.65056 8.34944
      vertex 1.47224 4.85 8.39018
    endloop
  endfacet
  facet normal -0.980779 -0.195122 -0
    outer loop
      vertex 1.68546 4.22189 8.30186
      vertex 1.64207 4.43999 6.1
      vertex 1.68546 4.22189 6.1
    endloop
  endfacet
  facet normal -0.980779 -0.195122 0
    outer loop
      vertex 1.64207 4.43999 6.1
      vertex 1.68546 4.22189 8.30186
      vertex 1.64207 4.43999 8.31983
    endloop
  endfacet
  facet normal -0.831469 -0.555572 -0
    outer loop
      vertex 1.47224 4.85 8.39018
      vertex 1.3487 5.03489 6.1
      vertex 1.47224 4.85 6.1
    endloop
  endfacet
  facet normal -0.831469 -0.555572 0
    outer loop
      vertex 1.3487 5.03489 6.1
      vertex 1.47224 4.85 8.39018
      vertex 1.3487 5.03489 8.44135
    endloop
  endfacet
  facet normal -0.321445 -0.946928 0
    outer loop
      vertex 0.439992 5.64207 6.1
      vertex 0.650561 5.57059 8.73053
      vertex 0.439992 5.64207 8.81775
    endloop
  endfacet
  facet normal -0.321445 -0.946928 -0
    outer loop
      vertex 0.650561 5.57059 8.73053
      vertex 0.439992 5.64207 6.1
      vertex 0.650561 5.57059 6.1
    endloop
  endfacet
  facet normal -0.442282 -0.896876 0
    outer loop
      vertex 0.650561 5.57059 6.1
      vertex 0.849999 5.47224 8.64792
      vertex 0.650561 5.57059 8.73053
    endloop
  endfacet
  facet normal -0.442282 -0.896876 -0
    outer loop
      vertex 0.849999 5.47224 8.64792
      vertex 0.650561 5.57059 6.1
      vertex 0.849999 5.47224 6.1
    endloop
  endfacet
  facet normal 0.946929 -0.321444 0
    outer loop
      vertex -1.64207 4.43999 8.31983
      vertex -1.57059 4.65056 6.1
      vertex -1.57059 4.65056 8.34944
    endloop
  endfacet
  facet normal 0.946929 -0.321444 0
    outer loop
      vertex -1.57059 4.65056 6.1
      vertex -1.64207 4.43999 8.31983
      vertex -1.64207 4.43999 6.1
    endloop
  endfacet
  facet normal 0.896878 -0.442278 0
    outer loop
      vertex -1.57059 4.65056 8.34944
      vertex -1.47224 4.85 6.1
      vertex -1.47224 4.85 8.39018
    endloop
  endfacet
  facet normal 0.896878 -0.442278 0
    outer loop
      vertex -1.47224 4.85 6.1
      vertex -1.57059 4.65056 8.34944
      vertex -1.57059 4.65056 6.1
    endloop
  endfacet
  facet normal 0.55557 -0.83147 0
    outer loop
      vertex -0.849999 5.47224 6.1
      vertex -1.03489 5.3487 8.57133
      vertex -1.03489 5.3487 6.1
    endloop
  endfacet
  facet normal 0.55557 -0.83147 0
    outer loop
      vertex -1.03489 5.3487 8.57133
      vertex -0.849999 5.47224 6.1
      vertex -0.849999 5.47224 8.64792
    endloop
  endfacet
  facet normal 0.195123 -0.980779 0
    outer loop
      vertex -0.221894 5.68546 6.1
      vertex -0.439992 5.64207 8.81775
      vertex -0.439992 5.64207 6.1
    endloop
  endfacet
  facet normal 0.195123 -0.980779 0
    outer loop
      vertex -0.439992 5.64207 8.81775
      vertex -0.221894 5.68546 6.1
      vertex -0.221894 5.68546 8.90809
    endloop
  endfacet
  facet normal -0.946929 -0.321444 -0
    outer loop
      vertex 1.64207 4.43999 8.31983
      vertex 1.57059 4.65056 6.1
      vertex 1.64207 4.43999 6.1
    endloop
  endfacet
  facet normal -0.946929 -0.321444 0
    outer loop
      vertex 1.57059 4.65056 6.1
      vertex 1.64207 4.43999 8.31983
      vertex 1.57059 4.65056 8.34944
    endloop
  endfacet
  facet normal -0.751844 -0.659342 -0
    outer loop
      vertex 1.3487 5.03489 8.44135
      vertex 1.20208 5.20208 6.1
      vertex 1.3487 5.03489 6.1
    endloop
  endfacet
  facet normal -0.751844 -0.659342 0
    outer loop
      vertex 1.20208 5.20208 6.1
      vertex 1.3487 5.03489 8.44135
      vertex 1.20208 5.20208 8.50208
    endloop
  endfacet
  facet normal -0.195123 -0.980779 0
    outer loop
      vertex 0.221894 5.68546 6.1
      vertex 0.439992 5.64207 8.81775
      vertex 0.221894 5.68546 8.90809
    endloop
  endfacet
  facet normal -0.195123 -0.980779 -0
    outer loop
      vertex 0.439992 5.64207 8.81775
      vertex 0.221894 5.68546 6.1
      vertex 0.439992 5.64207 6.1
    endloop
  endfacet
  facet normal -0.0653866 -0.99786 0
    outer loop
      vertex 0 5.7 6.1
      vertex 0.221894 5.68546 8.90809
      vertex 0 5.7 9
    endloop
  endfacet
  facet normal -0.0653866 -0.99786 -0
    outer loop
      vertex 0.221894 5.68546 8.90809
      vertex 0 5.7 6.1
      vertex 0.221894 5.68546 6.1
    endloop
  endfacet
  facet normal -0.55557 -0.83147 0
    outer loop
      vertex 0.849999 5.47224 6.1
      vertex 1.03489 5.3487 8.57133
      vertex 0.849999 5.47224 8.64792
    endloop
  endfacet
  facet normal -0.55557 -0.83147 -0
    outer loop
      vertex 1.03489 5.3487 8.57133
      vertex 0.849999 5.47224 6.1
      vertex 1.03489 5.3487 6.1
    endloop
  endfacet
  facet normal 0.99786 -0.0653877 0
    outer loop
      vertex -1.7 4 8.29584
      vertex -1.68546 4.22189 6.1
      vertex -1.68546 4.22189 8.30186
    endloop
  endfacet
  facet normal 0.99786 -0.0653877 0
    outer loop
      vertex -1.68546 4.22189 6.1
      vertex -1.7 4 8.29584
      vertex -1.7 4 6.1
    endloop
  endfacet
  facet normal 0.99786 0.0653848 -0
    outer loop
      vertex -1.68546 3.7781 6.1
      vertex -1.7 4 8.29584
      vertex -1.68546 3.7781 8.30186
    endloop
  endfacet
  facet normal 0.99786 0.0653848 0
    outer loop
      vertex -1.7 4 8.29584
      vertex -1.68546 3.7781 6.1
      vertex -1.7 4 6.1
    endloop
  endfacet
  facet normal -0.99786 0.0653848 0
    outer loop
      vertex 1.68546 3.7781 6.1
      vertex 1.7 4 8.29584
      vertex 1.7 4 6.1
    endloop
  endfacet
  facet normal -0.99786 0.0653848 0
    outer loop
      vertex 1.7 4 8.29584
      vertex 1.68546 3.7781 6.1
      vertex 1.68546 3.7781 8.30186
    endloop
  endfacet
  facet normal -0.946929 0.321444 0
    outer loop
      vertex 1.57059 3.34944 6.1
      vertex 1.64207 3.56001 8.31983
      vertex 1.64207 3.56001 6.1
    endloop
  endfacet
  facet normal -0.946929 0.321444 0
    outer loop
      vertex 1.64207 3.56001 8.31983
      vertex 1.57059 3.34944 6.1
      vertex 1.57059 3.34944 8.34944
    endloop
  endfacet
  facet normal -0.980777 0.19513 0
    outer loop
      vertex 1.64207 3.56001 6.1
      vertex 1.68546 3.7781 8.30186
      vertex 1.68546 3.7781 6.1
    endloop
  endfacet
  facet normal -0.980777 0.19513 0
    outer loop
      vertex 1.68546 3.7781 8.30186
      vertex 1.64207 3.56001 6.1
      vertex 1.64207 3.56001 8.31983
    endloop
  endfacet
  facet normal 0.831469 0.555572 -0
    outer loop
      vertex -1.3487 2.96511 6.1
      vertex -1.47224 3.15 8.39018
      vertex -1.3487 2.96511 8.44135
    endloop
  endfacet
  facet normal 0.831469 0.555572 0
    outer loop
      vertex -1.47224 3.15 8.39018
      vertex -1.3487 2.96511 6.1
      vertex -1.47224 3.15 6.1
    endloop
  endfacet
  facet normal -0.55557 0.83147 0
    outer loop
      vertex 0.849999 2.52776 6.1
      vertex 1.03489 2.6513 8.57133
      vertex 1.03489 2.6513 6.1
    endloop
  endfacet
  facet normal -0.55557 0.83147 0
    outer loop
      vertex 1.03489 2.6513 8.57133
      vertex 0.849999 2.52776 6.1
      vertex 0.849999 2.52776 8.64792
    endloop
  endfacet
  facet normal -0.442318 0.896858 0
    outer loop
      vertex 0.650561 2.4294 6.1
      vertex 0.849999 2.52776 8.64792
      vertex 0.849999 2.52776 6.1
    endloop
  endfacet
  facet normal -0.442318 0.896858 0
    outer loop
      vertex 0.849999 2.52776 8.64792
      vertex 0.650561 2.4294 6.1
      vertex 0.650561 2.4294 8.73053
    endloop
  endfacet
  facet normal 0.831469 -0.555572 0
    outer loop
      vertex -1.47224 4.85 8.39018
      vertex -1.3487 5.03489 6.1
      vertex -1.3487 5.03489 8.44135
    endloop
  endfacet
  facet normal 0.831469 -0.555572 0
    outer loop
      vertex -1.3487 5.03489 6.1
      vertex -1.47224 4.85 8.39018
      vertex -1.47224 4.85 6.1
    endloop
  endfacet
  facet normal 0.980779 -0.195122 0
    outer loop
      vertex -1.68546 4.22189 8.30186
      vertex -1.64207 4.43999 6.1
      vertex -1.64207 4.43999 8.31983
    endloop
  endfacet
  facet normal 0.980779 -0.195122 0
    outer loop
      vertex -1.64207 4.43999 6.1
      vertex -1.68546 4.22189 8.30186
      vertex -1.68546 4.22189 6.1
    endloop
  endfacet
  facet normal 0.659342 -0.751844 0
    outer loop
      vertex -1.03489 5.3487 6.1
      vertex -1.20208 5.20208 8.50208
      vertex -1.20208 5.20208 6.1
    endloop
  endfacet
  facet normal 0.659342 -0.751844 0
    outer loop
      vertex -1.20208 5.20208 8.50208
      vertex -1.03489 5.3487 6.1
      vertex -1.03489 5.3487 8.57133
    endloop
  endfacet
  facet normal 0.321445 -0.946928 0
    outer loop
      vertex -0.439992 5.64207 6.1
      vertex -0.650561 5.57059 8.73053
      vertex -0.650561 5.57059 6.1
    endloop
  endfacet
  facet normal 0.321445 -0.946928 0
    outer loop
      vertex -0.650561 5.57059 8.73053
      vertex -0.439992 5.64207 6.1
      vertex -0.439992 5.64207 8.81775
    endloop
  endfacet
  facet normal 0.195123 0.980779 -0
    outer loop
      vertex -0.221894 2.31454 6.1
      vertex -0.439992 2.35793 8.81775
      vertex -0.221894 2.31454 8.90809
    endloop
  endfacet
  facet normal 0.195123 0.980779 0
    outer loop
      vertex -0.439992 2.35793 8.81775
      vertex -0.221894 2.31454 6.1
      vertex -0.439992 2.35793 6.1
    endloop
  endfacet
  facet normal 0.980777 0.19513 -0
    outer loop
      vertex -1.64207 3.56001 6.1
      vertex -1.68546 3.7781 8.30186
      vertex -1.64207 3.56001 8.31983
    endloop
  endfacet
  facet normal 0.980777 0.19513 0
    outer loop
      vertex -1.68546 3.7781 8.30186
      vertex -1.64207 3.56001 6.1
      vertex -1.68546 3.7781 6.1
    endloop
  endfacet
  facet normal 0.946929 0.321444 -0
    outer loop
      vertex -1.57059 3.34944 6.1
      vertex -1.64207 3.56001 8.31983
      vertex -1.57059 3.34944 8.34944
    endloop
  endfacet
  facet normal 0.946929 0.321444 0
    outer loop
      vertex -1.64207 3.56001 8.31983
      vertex -1.57059 3.34944 6.1
      vertex -1.64207 3.56001 6.1
    endloop
  endfacet
  facet normal 0.896878 0.442278 -0
    outer loop
      vertex -1.47224 3.15 6.1
      vertex -1.57059 3.34944 8.34944
      vertex -1.47224 3.15 8.39018
    endloop
  endfacet
  facet normal 0.896878 0.442278 0
    outer loop
      vertex -1.57059 3.34944 8.34944
      vertex -1.47224 3.15 6.1
      vertex -1.57059 3.34944 6.1
    endloop
  endfacet
  facet normal -0.659342 0.751844 0
    outer loop
      vertex 1.03489 2.6513 6.1
      vertex 1.20208 2.79792 8.50208
      vertex 1.20208 2.79792 6.1
    endloop
  endfacet
  facet normal -0.659342 0.751844 0
    outer loop
      vertex 1.20208 2.79792 8.50208
      vertex 1.03489 2.6513 6.1
      vertex 1.03489 2.6513 8.57133
    endloop
  endfacet
  facet normal -0.321405 0.946942 0
    outer loop
      vertex 0.439992 2.35793 6.1
      vertex 0.650561 2.4294 8.73053
      vertex 0.650561 2.4294 6.1
    endloop
  endfacet
  facet normal -0.321405 0.946942 0
    outer loop
      vertex 0.650561 2.4294 8.73053
      vertex 0.439992 2.35793 6.1
      vertex 0.439992 2.35793 8.81775
    endloop
  endfacet
  facet normal -0.195123 0.980779 0
    outer loop
      vertex 0.221894 2.31454 6.1
      vertex 0.439992 2.35793 8.81775
      vertex 0.439992 2.35793 6.1
    endloop
  endfacet
  facet normal -0.195123 0.980779 0
    outer loop
      vertex 0.439992 2.35793 8.81775
      vertex 0.221894 2.31454 6.1
      vertex 0.221894 2.31454 8.90809
    endloop
  endfacet
  facet normal -0.896878 0.442278 0
    outer loop
      vertex 1.47224 3.15 6.1
      vertex 1.57059 3.34944 8.34944
      vertex 1.57059 3.34944 6.1
    endloop
  endfacet
  facet normal -0.896878 0.442278 0
    outer loop
      vertex 1.57059 3.34944 8.34944
      vertex 1.47224 3.15 6.1
      vertex 1.47224 3.15 8.39018
    endloop
  endfacet
  facet normal -0.831469 0.555572 0
    outer loop
      vertex 1.3487 2.96511 6.1
      vertex 1.47224 3.15 8.39018
      vertex 1.47224 3.15 6.1
    endloop
  endfacet
  facet normal -0.831469 0.555572 0
    outer loop
      vertex 1.47224 3.15 8.39018
      vertex 1.3487 2.96511 6.1
      vertex 1.3487 2.96511 8.44135
    endloop
  endfacet
  facet normal 0.0653866 0.99786 -0
    outer loop
      vertex 0 2.3 6.1
      vertex -0.221894 2.31454 8.90809
      vertex 0 2.3 9
    endloop
  endfacet
  facet normal 0.0653866 0.99786 0
    outer loop
      vertex -0.221894 2.31454 8.90809
      vertex 0 2.3 6.1
      vertex -0.221894 2.31454 6.1
    endloop
  endfacet
  facet normal 0.442318 0.896858 -0
    outer loop
      vertex -0.650561 2.4294 6.1
      vertex -0.849999 2.52776 8.64792
      vertex -0.650561 2.4294 8.73053
    endloop
  endfacet
  facet normal 0.442318 0.896858 0
    outer loop
      vertex -0.849999 2.52776 8.64792
      vertex -0.650561 2.4294 6.1
      vertex -0.849999 2.52776 6.1
    endloop
  endfacet
  facet normal 0.321405 0.946942 -0
    outer loop
      vertex -0.439992 2.35793 6.1
      vertex -0.650561 2.4294 8.73053
      vertex -0.439992 2.35793 8.81775
    endloop
  endfacet
  facet normal 0.321405 0.946942 0
    outer loop
      vertex -0.650561 2.4294 8.73053
      vertex -0.439992 2.35793 6.1
      vertex -0.650561 2.4294 6.1
    endloop
  endfacet
  facet normal 0.55557 0.83147 -0
    outer loop
      vertex -0.849999 2.52776 6.1
      vertex -1.03489 2.6513 8.57133
      vertex -0.849999 2.52776 8.64792
    endloop
  endfacet
  facet normal 0.55557 0.83147 0
    outer loop
      vertex -1.03489 2.6513 8.57133
      vertex -0.849999 2.52776 6.1
      vertex -1.03489 2.6513 6.1
    endloop
  endfacet
  facet normal 0.659342 0.751844 -0
    outer loop
      vertex -1.03489 2.6513 6.1
      vertex -1.20208 2.79792 8.50208
      vertex -1.03489 2.6513 8.57133
    endloop
  endfacet
  facet normal 0.659342 0.751844 0
    outer loop
      vertex -1.20208 2.79792 8.50208
      vertex -1.03489 2.6513 6.1
      vertex -1.20208 2.79792 6.1
    endloop
  endfacet
  facet normal 0.751844 0.659342 -0
    outer loop
      vertex -1.20208 2.79792 6.1
      vertex -1.3487 2.96511 8.44135
      vertex -1.20208 2.79792 8.50208
    endloop
  endfacet
  facet normal 0.751844 0.659342 0
    outer loop
      vertex -1.3487 2.96511 8.44135
      vertex -1.20208 2.79792 6.1
      vertex -1.3487 2.96511 6.1
    endloop
  endfacet
endsolid OpenSCAD_Model
